conda : Skipping import of cpp extensions due to incompatible torch version. Please upgrade to torch >= 2.11.0 (found 2.7.1+cu126).
At line:1 char:1
+ conda run -n vlm --no-capture-output python scripts/run_v3_benchmark. ...
+ ~~~~~~~~~~~~~~~~~~~~~~~~~~~~~~~~~~~~~~~~~~~~~~~~~~~~~~~~~~~~~~~~~~~~~
    + CategoryInfo          : NotSpecified: (Skipping import...d 2.7.1+cu126).:String) [], RemoteException
    + FullyQualifiedErrorId : NativeCommandError
 
W0511 09:21:35.169000 28004 torch\distributed\elastic\multiprocessing\redirects.py:29] NOTE: Redirects are currently not supported in Windows or MacOs.
Warning: You are sending unauthenticated requests to the HF Hub. Please set a HF_TOKEN to enable higher rate limits and faster downloads.
[BENCH] mode=lora tag=lora_v3 n=50 seed=42 adapter=C:\Users\IPC\Desktop\git\VLM\vlm\train\output\qwen3vl-lora-v3
[BENCH] 평가셋 50건 로드
[inference] 모델 로딩: Qwen/Qwen3-VL-8B-Instruct (mode=lora:C:\Users\IPC\Desktop\git\VLM\vlm\train\output\qwen3vl-lora-v3)

Fetching 4 files:   0%|          | 0/4 [00:00<?, ?it/s]
Fetching 4 files: 100%|██████████| 4/4 [00:00<00:00, 55370.35it/s]

Loading weights:   0%|          | 0/750 [00:00<?, ?it/s]
Loading weights:   0%|          | 1/750 [00:00<00:00, 14513.16it/s, Materializing param=lm_head.weight]
Loading weights:   0%|          | 1/750 [00:00<00:00, 6307.22it/s, Materializing param=lm_head.weight] 
Loading weights:   0%|          | 2/750 [00:00<05:04,  2.46it/s, Materializing param=lm_head.weight]  
Loading weights:   0%|          | 2/750 [00:00<05:04,  2.46it/s, Materializing param=model.language_model.embed_tokens.weight]
Loading weights:   0%|          | 2/750 [00:00<05:04,  2.46it/s, Materializing param=model.language_model.embed_tokens.weight]
Loading weights:   0%|          | 3/750 [00:03<18:00,  1.45s/it, Materializing param=model.language_model.embed_tokens.weight]
Loading weights:   0%|          | 3/750 [00:03<18:00,  1.45s/it, Materializing param=model.language_model.layers.0.input_layernorm.weight]
Loading weights:   0%|          | 3/750 [00:03<18:00,  1.45s/it, Materializing param=model.language_model.layers.0.input_layernorm.weight]
Loading weights:   1%|          | 4/750 [00:03<17:59,  1.45s/it, Materializing param=model.language_model.layers.0.mlp.down_proj.weight]  
Loading weights:   1%|          | 4/750 [00:03<17:59,  1.45s/it, Materializing param=model.language_model.layers.0.mlp.down_proj.weight]
Loading weights:   1%|          | 5/750 [00:03<08:59,  1.38it/s, Materializing param=model.language_model.layers.0.mlp.down_proj.weight]
Loading weights:   1%|          | 5/750 [00:03<08:59,  1.38it/s, Materializing param=model.language_model.layers.0.mlp.gate_proj.weight]
Loading weights:   1%|          | 5/750 [00:03<08:59,  1.38it/s, Materializing param=model.language_model.layers.0.mlp.gate_proj.weight]
Loading weights:   1%|          | 6/750 [00:04<07:28,  1.66it/s, Materializing param=model.language_model.layers.0.mlp.gate_proj.weight]
Loading weights:   1%|          | 6/750 [00:04<07:28,  1.66it/s, Materializing param=model.language_model.layers.0.mlp.up_proj.weight]  
Loading weights:   1%|          | 6/750 [00:04<07:28,  1.66it/s, Materializing param=model.language_model.layers.0.mlp.up_proj.weight]
Loading weights:   1%|          | 7/750 [00:04<06:21,  1.95it/s, Materializing param=model.language_model.layers.0.mlp.up_proj.weight]
Loading weights:   1%|          | 7/750 [00:04<06:21,  1.95it/s, Materializing param=model.language_model.layers.0.post_attention_layernorm.weight]
Loading weights:   1%|          | 7/750 [00:04<06:21,  1.95it/s, Materializing param=model.language_model.layers.0.post_attention_layernorm.weight]
Loading weights:   1%|          | 8/750 [00:04<06:20,  1.95it/s, Materializing param=model.language_model.layers.0.self_attn.k_norm.weight]        
Loading weights:   1%|          | 8/750 [00:04<06:20,  1.95it/s, Materializing param=model.language_model.layers.0.self_attn.k_norm.weight]
Loading weights:   1%|          | 9/750 [00:04<06:20,  1.95it/s, Materializing param=model.language_model.layers.0.self_attn.k_proj.weight]
Loading weights:   1%|          | 9/750 [00:04<06:20,  1.95it/s, Materializing param=model.language_model.layers.0.self_attn.k_proj.weight]
Loading weights:   1%|▏         | 10/750 [00:04<06:19,  1.95it/s, Materializing param=model.language_model.layers.0.self_attn.o_proj.weight]
Loading weights:   1%|▏         | 10/750 [00:04<06:19,  1.95it/s, Materializing param=model.language_model.layers.0.self_attn.o_proj.weight]
Loading weights:   1%|▏         | 11/750 [00:04<02:37,  4.68it/s, Materializing param=model.language_model.layers.0.self_attn.o_proj.weight]
Loading weights:   1%|▏         | 11/750 [00:04<02:37,  4.68it/s, Materializing param=model.language_model.layers.0.self_attn.q_norm.weight]
Loading weights:   1%|▏         | 11/750 [00:04<02:37,  4.68it/s, Materializing param=model.language_model.layers.0.self_attn.q_norm.weight]
Loading weights:   2%|▏         | 12/750 [00:04<02:37,  4.68it/s, Materializing param=model.language_model.layers.0.self_attn.q_proj.weight]
Loading weights:   2%|▏         | 12/750 [00:04<02:37,  4.68it/s, Materializing param=model.language_model.layers.0.self_attn.q_proj.weight]
Loading weights:   2%|▏         | 13/750 [00:04<02:37,  4.68it/s, Materializing param=model.language_model.layers.0.self_attn.v_proj.weight]
Loading weights:   2%|▏         | 13/750 [00:04<02:37,  4.68it/s, Materializing param=model.language_model.layers.0.self_attn.v_proj.weight]
Loading weights:   2%|▏         | 14/750 [00:04<01:46,  6.92it/s, Materializing param=model.language_model.layers.0.self_attn.v_proj.weight]
Loading weights:   2%|▏         | 14/750 [00:04<01:46,  6.92it/s, Materializing param=model.language_model.layers.1.input_layernorm.weight] 
Loading weights:   2%|▏         | 14/750 [00:04<01:46,  6.92it/s, Materializing param=model.language_model.layers.1.input_layernorm.weight]
Loading weights:   2%|▏         | 15/750 [00:04<01:46,  6.92it/s, Materializing param=model.language_model.layers.1.mlp.down_proj.weight]  
Loading weights:   2%|▏         | 15/750 [00:04<01:46,  6.92it/s, Materializing param=model.language_model.layers.1.mlp.down_proj.weight]
Loading weights:   2%|▏         | 16/750 [00:05<01:46,  6.91it/s, Materializing param=model.language_model.layers.1.mlp.down_proj.weight]
Loading weights:   2%|▏         | 16/750 [00:05<01:46,  6.91it/s, Materializing param=model.language_model.layers.1.mlp.gate_proj.weight]
Loading weights:   2%|▏         | 16/750 [00:05<01:46,  6.91it/s, Materializing param=model.language_model.layers.1.mlp.gate_proj.weight]
Loading weights:   2%|▏         | 17/750 [00:05<01:46,  6.91it/s, Materializing param=model.language_model.layers.1.mlp.up_proj.weight]  
Loading weights:   2%|▏         | 17/750 [00:05<01:46,  6.91it/s, Materializing param=model.language_model.layers.1.mlp.up_proj.weight]
Loading weights:   2%|▏         | 18/750 [00:05<02:16,  5.38it/s, Materializing param=model.language_model.layers.1.mlp.up_proj.weight]
Loading weights:   2%|▏         | 18/750 [00:05<02:16,  5.38it/s, Materializing param=model.language_model.layers.1.post_attention_layernorm.weight]
Loading weights:   2%|▏         | 18/750 [00:05<02:16,  5.38it/s, Materializing param=model.language_model.layers.1.post_attention_layernorm.weight]
Loading weights:   3%|▎         | 19/750 [00:05<02:15,  5.38it/s, Materializing param=model.language_model.layers.1.self_attn.k_norm.weight]        
Loading weights:   3%|▎         | 19/750 [00:05<02:15,  5.38it/s, Materializing param=model.language_model.layers.1.self_attn.k_norm.weight]
Loading weights:   3%|▎         | 20/750 [00:05<02:15,  5.38it/s, Materializing param=model.language_model.layers.1.self_attn.k_proj.weight]
Loading weights:   3%|▎         | 20/750 [00:05<02:15,  5.38it/s, Materializing param=model.language_model.layers.1.self_attn.k_proj.weight]
Loading weights:   3%|▎         | 21/750 [00:05<02:15,  5.38it/s, Materializing param=model.language_model.layers.1.self_attn.o_proj.weight]
Loading weights:   3%|▎         | 21/750 [00:05<02:15,  5.38it/s, Materializing param=model.language_model.layers.1.self_attn.o_proj.weight]
Loading weights:   3%|▎         | 22/750 [00:05<01:32,  7.86it/s, Materializing param=model.language_model.layers.1.self_attn.o_proj.weight]
Loading weights:   3%|▎         | 22/750 [00:05<01:32,  7.86it/s, Materializing param=model.language_model.layers.1.self_attn.q_norm.weight]
Loading weights:   3%|▎         | 22/750 [00:05<01:32,  7.86it/s, Materializing param=model.language_model.layers.1.self_attn.q_norm.weight]
Loading weights:   3%|▎         | 23/750 [00:05<01:32,  7.86it/s, Materializing param=model.language_model.layers.1.self_attn.q_proj.weight]
Loading weights:   3%|▎         | 23/750 [00:05<01:32,  7.86it/s, Materializing param=model.language_model.layers.1.self_attn.q_proj.weight]
Loading weights:   3%|▎         | 24/750 [00:05<01:32,  7.86it/s, Materializing param=model.language_model.layers.1.self_attn.v_proj.weight]
Loading weights:   3%|▎         | 24/750 [00:05<01:32,  7.86it/s, Materializing param=model.language_model.layers.1.self_attn.v_proj.weight]
Loading weights:   3%|▎         | 25/750 [00:05<01:32,  7.86it/s, Materializing param=model.language_model.layers.2.input_layernorm.weight] 
Loading weights:   3%|▎         | 25/750 [00:05<01:32,  7.86it/s, Materializing param=model.language_model.layers.2.input_layernorm.weight]
Loading weights:   3%|▎         | 26/750 [00:05<01:32,  7.86it/s, Materializing param=model.language_model.layers.2.mlp.down_proj.weight]  
Loading weights:   3%|▎         | 26/750 [00:05<01:32,  7.86it/s, Materializing param=model.language_model.layers.2.mlp.down_proj.weight]
Loading weights:   4%|▎         | 27/750 [00:06<01:11, 10.15it/s, Materializing param=model.language_model.layers.2.mlp.down_proj.weight]
Loading weights:   4%|▎         | 27/750 [00:06<01:11, 10.15it/s, Materializing param=model.language_model.layers.2.mlp.gate_proj.weight]
Loading weights:   4%|▎         | 27/750 [00:06<01:11, 10.15it/s, Materializing param=model.language_model.layers.2.mlp.gate_proj.weight]
Loading weights:   4%|▎         | 28/750 [00:06<01:11, 10.15it/s, Materializing param=model.language_model.layers.2.mlp.up_proj.weight]  
Loading weights:   4%|▎         | 28/750 [00:06<01:11, 10.15it/s, Materializing param=model.language_model.layers.2.mlp.up_proj.weight]
Loading weights:   4%|▍         | 29/750 [00:06<01:38,  7.29it/s, Materializing param=model.language_model.layers.2.mlp.up_proj.weight]
Loading weights:   4%|▍         | 29/750 [00:06<01:38,  7.29it/s, Materializing param=model.language_model.layers.2.post_attention_layernorm.weight]
Loading weights:   4%|▍         | 29/750 [00:06<01:38,  7.29it/s, Materializing param=model.language_model.layers.2.post_attention_layernorm.weight]
Loading weights:   4%|▍         | 30/750 [00:06<01:38,  7.29it/s, Materializing param=model.language_model.layers.2.self_attn.k_norm.weight]        
Loading weights:   4%|▍         | 30/750 [00:06<01:38,  7.29it/s, Materializing param=model.language_model.layers.2.self_attn.k_norm.weight]
Loading weights:   4%|▍         | 31/750 [00:06<01:38,  7.29it/s, Materializing param=model.language_model.layers.2.self_attn.k_proj.weight]
Loading weights:   4%|▍         | 31/750 [00:06<01:38,  7.29it/s, Materializing param=model.language_model.layers.2.self_attn.k_proj.weight]
Loading weights:   4%|▍         | 32/750 [00:06<01:38,  7.29it/s, Materializing param=model.language_model.layers.2.self_attn.o_proj.weight]
Loading weights:   4%|▍         | 32/750 [00:06<01:38,  7.29it/s, Materializing param=model.language_model.layers.2.self_attn.o_proj.weight]
Loading weights:   4%|▍         | 33/750 [00:06<01:10, 10.21it/s, Materializing param=model.language_model.layers.2.self_attn.o_proj.weight]
Loading weights:   4%|▍         | 33/750 [00:06<01:10, 10.21it/s, Materializing param=model.language_model.layers.2.self_attn.q_norm.weight]
Loading weights:   4%|▍         | 33/750 [00:06<01:10, 10.21it/s, Materializing param=model.language_model.layers.2.self_attn.q_norm.weight]
Loading weights:   5%|▍         | 34/750 [00:06<01:10, 10.21it/s, Materializing param=model.language_model.layers.2.self_attn.q_proj.weight]
Loading weights:   5%|▍         | 34/750 [00:06<01:10, 10.21it/s, Materializing param=model.language_model.layers.2.self_attn.q_proj.weight]
Loading weights:   5%|▍         | 35/750 [00:06<01:02, 11.35it/s, Materializing param=model.language_model.layers.2.self_attn.q_proj.weight]
Loading weights:   5%|▍         | 35/750 [00:06<01:02, 11.35it/s, Materializing param=model.language_model.layers.2.self_attn.v_proj.weight]
Loading weights:   5%|▍         | 35/750 [00:06<01:02, 11.35it/s, Materializing param=model.language_model.layers.2.self_attn.v_proj.weight]
Loading weights:   5%|▍         | 36/750 [00:06<01:02, 11.35it/s, Materializing param=model.language_model.layers.3.input_layernorm.weight] 
Loading weights:   5%|▍         | 36/750 [00:06<01:02, 11.35it/s, Materializing param=model.language_model.layers.3.input_layernorm.weight]
Loading weights:   5%|▍         | 37/750 [00:06<01:02, 11.35it/s, Materializing param=model.language_model.layers.3.mlp.down_proj.weight]  
Loading weights:   5%|▍         | 37/750 [00:06<01:02, 11.35it/s, Materializing param=model.language_model.layers.3.mlp.down_proj.weight]
Loading weights:   5%|▌         | 38/750 [00:07<01:06, 10.77it/s, Materializing param=model.language_model.layers.3.mlp.down_proj.weight]
Loading weights:   5%|▌         | 38/750 [00:07<01:06, 10.77it/s, Materializing param=model.language_model.layers.3.mlp.gate_proj.weight]
Loading weights:   5%|▌         | 38/750 [00:07<01:06, 10.77it/s, Materializing param=model.language_model.layers.3.mlp.gate_proj.weight]
Loading weights:   5%|▌         | 39/750 [00:07<01:05, 10.77it/s, Materializing param=model.language_model.layers.3.mlp.up_proj.weight]  
Loading weights:   5%|▌         | 39/750 [00:07<01:05, 10.77it/s, Materializing param=model.language_model.layers.3.mlp.up_proj.weight]
Loading weights:   5%|▌         | 40/750 [00:07<01:36,  7.36it/s, Materializing param=model.language_model.layers.3.mlp.up_proj.weight]
Loading weights:   5%|▌         | 40/750 [00:07<01:36,  7.36it/s, Materializing param=model.language_model.layers.3.post_attention_layernorm.weight]
Loading weights:   5%|▌         | 40/750 [00:07<01:36,  7.36it/s, Materializing param=model.language_model.layers.3.post_attention_layernorm.weight]
Loading weights:   5%|▌         | 41/750 [00:07<01:36,  7.36it/s, Materializing param=model.language_model.layers.3.self_attn.k_norm.weight]        
Loading weights:   5%|▌         | 41/750 [00:07<01:36,  7.36it/s, Materializing param=model.language_model.layers.3.self_attn.k_norm.weight]
Loading weights:   6%|▌         | 42/750 [00:07<01:36,  7.36it/s, Materializing param=model.language_model.layers.3.self_attn.k_proj.weight]
Loading weights:   6%|▌         | 42/750 [00:07<01:36,  7.36it/s, Materializing param=model.language_model.layers.3.self_attn.k_proj.weight]
Loading weights:   6%|▌         | 43/750 [00:07<01:36,  7.36it/s, Materializing param=model.language_model.layers.3.self_attn.o_proj.weight]
Loading weights:   6%|▌         | 43/750 [00:07<01:36,  7.36it/s, Materializing param=model.language_model.layers.3.self_attn.o_proj.weight]
Loading weights:   6%|▌         | 44/750 [00:07<01:05, 10.72it/s, Materializing param=model.language_model.layers.3.self_attn.o_proj.weight]
Loading weights:   6%|▌         | 44/750 [00:07<01:05, 10.72it/s, Materializing param=model.language_model.layers.3.self_attn.q_norm.weight]
Loading weights:   6%|▌         | 44/750 [00:07<01:05, 10.72it/s, Materializing param=model.language_model.layers.3.self_attn.q_norm.weight]
Loading weights:   6%|▌         | 45/750 [00:07<01:05, 10.72it/s, Materializing param=model.language_model.layers.3.self_attn.q_proj.weight]
Loading weights:   6%|▌         | 45/750 [00:07<01:05, 10.72it/s, Materializing param=model.language_model.layers.3.self_attn.q_proj.weight]
Loading weights:   6%|▌         | 46/750 [00:08<01:05, 10.72it/s, Materializing param=model.language_model.layers.3.self_attn.v_proj.weight]
Loading weights:   6%|▌         | 46/750 [00:08<01:05, 10.72it/s, Materializing param=model.language_model.layers.3.self_attn.v_proj.weight]
Loading weights:   6%|▋         | 47/750 [00:08<00:54, 12.97it/s, Materializing param=model.language_model.layers.3.self_attn.v_proj.weight]
Loading weights:   6%|▋         | 47/750 [00:08<00:54, 12.97it/s, Materializing param=model.language_model.layers.4.input_layernorm.weight] 
Loading weights:   6%|▋         | 47/750 [00:08<00:54, 12.97it/s, Materializing param=model.language_model.layers.4.input_layernorm.weight]
Loading weights:   6%|▋         | 48/750 [00:08<00:54, 12.97it/s, Materializing param=model.language_model.layers.4.mlp.down_proj.weight]  
Loading weights:   6%|▋         | 48/750 [00:08<00:54, 12.97it/s, Materializing param=model.language_model.layers.4.mlp.down_proj.weight]
Loading weights:   7%|▋         | 49/750 [00:08<00:54, 12.97it/s, Materializing param=model.language_model.layers.4.mlp.gate_proj.weight]
Loading weights:   7%|▋         | 49/750 [00:08<00:54, 12.97it/s, Materializing param=model.language_model.layers.4.mlp.gate_proj.weight]
Loading weights:   7%|▋         | 50/750 [00:08<01:16,  9.20it/s, Materializing param=model.language_model.layers.4.mlp.gate_proj.weight]
Loading weights:   7%|▋         | 50/750 [00:08<01:16,  9.20it/s, Materializing param=model.language_model.layers.4.mlp.up_proj.weight]  
Loading weights:   7%|▋         | 50/750 [00:08<01:16,  9.20it/s, Materializing param=model.language_model.layers.4.mlp.up_proj.weight]
Loading weights:   7%|▋         | 51/750 [00:09<01:15,  9.20it/s, Materializing param=model.language_model.layers.4.post_attention_layernorm.weight]
Loading weights:   7%|▋         | 51/750 [00:09<01:15,  9.20it/s, Materializing param=model.language_model.layers.4.post_attention_layernorm.weight]
Loading weights:   7%|▋         | 52/750 [00:09<01:52,  6.19it/s, Materializing param=model.language_model.layers.4.post_attention_layernorm.weight]
Loading weights:   7%|▋         | 52/750 [00:09<01:52,  6.19it/s, Materializing param=model.language_model.layers.4.self_attn.k_norm.weight]        
Loading weights:   7%|▋         | 52/750 [00:09<01:52,  6.19it/s, Materializing param=model.language_model.layers.4.self_attn.k_norm.weight]
Loading weights:   7%|▋         | 53/750 [00:09<01:52,  6.19it/s, Materializing param=model.language_model.layers.4.self_attn.k_proj.weight]
Loading weights:   7%|▋         | 53/750 [00:09<01:52,  6.19it/s, Materializing param=model.language_model.layers.4.self_attn.k_proj.weight]
Loading weights:   7%|▋         | 54/750 [00:09<01:52,  6.19it/s, Materializing param=model.language_model.layers.4.self_attn.o_proj.weight]
Loading weights:   7%|▋         | 54/750 [00:09<01:52,  6.19it/s, Materializing param=model.language_model.layers.4.self_attn.o_proj.weight]
Loading weights:   7%|▋         | 55/750 [00:09<01:45,  6.59it/s, Materializing param=model.language_model.layers.4.self_attn.o_proj.weight]
Loading weights:   7%|▋         | 55/750 [00:09<01:45,  6.59it/s, Materializing param=model.language_model.layers.4.self_attn.q_norm.weight]
Loading weights:   7%|▋         | 55/750 [00:09<01:45,  6.59it/s, Materializing param=model.language_model.layers.4.self_attn.q_norm.weight]
Loading weights:   7%|▋         | 56/750 [00:10<01:45,  6.59it/s, Materializing param=model.language_model.layers.4.self_attn.q_proj.weight]
Loading weights:   7%|▋         | 56/750 [00:10<01:45,  6.59it/s, Materializing param=model.language_model.layers.4.self_attn.q_proj.weight]
Loading weights:   8%|▊         | 57/750 [00:10<01:49,  6.35it/s, Materializing param=model.language_model.layers.4.self_attn.q_proj.weight]
Loading weights:   8%|▊         | 57/750 [00:10<01:49,  6.35it/s, Materializing param=model.language_model.layers.4.self_attn.v_proj.weight]
Loading weights:   8%|▊         | 57/750 [00:10<01:49,  6.35it/s, Materializing param=model.language_model.layers.4.self_attn.v_proj.weight]
Loading weights:   8%|▊         | 58/750 [00:10<01:48,  6.35it/s, Materializing param=model.language_model.layers.5.input_layernorm.weight] 
Loading weights:   8%|▊         | 58/750 [00:10<01:48,  6.35it/s, Materializing param=model.language_model.layers.5.input_layernorm.weight]
Loading weights:   8%|▊         | 59/750 [00:10<01:48,  6.35it/s, Materializing param=model.language_model.layers.5.mlp.down_proj.weight]  
Loading weights:   8%|▊         | 59/750 [00:10<01:48,  6.35it/s, Materializing param=model.language_model.layers.5.mlp.down_proj.weight]
Loading weights:   8%|▊         | 60/750 [00:12<03:51,  2.98it/s, Materializing param=model.language_model.layers.5.mlp.down_proj.weight]
Loading weights:   8%|▊         | 60/750 [00:12<03:51,  2.98it/s, Materializing param=model.language_model.layers.5.mlp.gate_proj.weight]
Loading weights:   8%|▊         | 60/750 [00:12<03:51,  2.98it/s, Materializing param=model.language_model.layers.5.mlp.gate_proj.weight]
Loading weights:   8%|▊         | 61/750 [00:12<03:51,  2.98it/s, Materializing param=model.language_model.layers.5.mlp.up_proj.weight]  
Loading weights:   8%|▊         | 61/750 [00:12<03:51,  2.98it/s, Materializing param=model.language_model.layers.5.mlp.up_proj.weight]
Loading weights:   8%|▊         | 62/750 [00:12<03:47,  3.02it/s, Materializing param=model.language_model.layers.5.mlp.up_proj.weight]
Loading weights:   8%|▊         | 62/750 [00:12<03:47,  3.02it/s, Materializing param=model.language_model.layers.5.post_attention_layernorm.weight]
Loading weights:   8%|▊         | 62/750 [00:12<03:47,  3.02it/s, Materializing param=model.language_model.layers.5.post_attention_layernorm.weight]
Loading weights:   8%|▊         | 63/750 [00:12<03:47,  3.02it/s, Materializing param=model.language_model.layers.5.self_attn.k_norm.weight]        
Loading weights:   8%|▊         | 63/750 [00:12<03:47,  3.02it/s, Materializing param=model.language_model.layers.5.self_attn.k_norm.weight]
Loading weights:   9%|▊         | 64/750 [00:12<03:47,  3.02it/s, Materializing param=model.language_model.layers.5.self_attn.k_proj.weight]
Loading weights:   9%|▊         | 64/750 [00:12<03:47,  3.02it/s, Materializing param=model.language_model.layers.5.self_attn.k_proj.weight]
Loading weights:   9%|▊         | 65/750 [00:12<03:46,  3.02it/s, Materializing param=model.language_model.layers.5.self_attn.o_proj.weight]
Loading weights:   9%|▊         | 65/750 [00:12<03:46,  3.02it/s, Materializing param=model.language_model.layers.5.self_attn.o_proj.weight]
Loading weights:   9%|▉         | 66/750 [00:13<02:32,  4.49it/s, Materializing param=model.language_model.layers.5.self_attn.o_proj.weight]
Loading weights:   9%|▉         | 66/750 [00:13<02:32,  4.49it/s, Materializing param=model.language_model.layers.5.self_attn.q_norm.weight]
Loading weights:   9%|▉         | 66/750 [00:13<02:32,  4.49it/s, Materializing param=model.language_model.layers.5.self_attn.q_norm.weight]
Loading weights:   9%|▉         | 67/750 [00:13<02:32,  4.49it/s, Materializing param=model.language_model.layers.5.self_attn.q_proj.weight]
Loading weights:   9%|▉         | 67/750 [00:13<02:32,  4.49it/s, Materializing param=model.language_model.layers.5.self_attn.q_proj.weight]
Loading weights:   9%|▉         | 68/750 [00:13<02:17,  4.96it/s, Materializing param=model.language_model.layers.5.self_attn.q_proj.weight]
Loading weights:   9%|▉         | 68/750 [00:13<02:17,  4.96it/s, Materializing param=model.language_model.layers.5.self_attn.v_proj.weight]
Loading weights:   9%|▉         | 68/750 [00:13<02:17,  4.96it/s, Materializing param=model.language_model.layers.5.self_attn.v_proj.weight]
Loading weights:   9%|▉         | 69/750 [00:13<02:17,  4.96it/s, Materializing param=model.language_model.layers.6.input_layernorm.weight] 
Loading weights:   9%|▉         | 69/750 [00:13<02:17,  4.96it/s, Materializing param=model.language_model.layers.6.input_layernorm.weight]
Loading weights:   9%|▉         | 70/750 [00:13<02:17,  4.96it/s, Materializing param=model.language_model.layers.6.mlp.down_proj.weight]  
Loading weights:   9%|▉         | 70/750 [00:13<02:17,  4.96it/s, Materializing param=model.language_model.layers.6.mlp.down_proj.weight]
Loading weights:   9%|▉         | 71/750 [00:14<02:51,  3.97it/s, Materializing param=model.language_model.layers.6.mlp.down_proj.weight]
Loading weights:   9%|▉         | 71/750 [00:14<02:51,  3.97it/s, Materializing param=model.language_model.layers.6.mlp.gate_proj.weight]
Loading weights:   9%|▉         | 71/750 [00:14<02:51,  3.97it/s, Materializing param=model.language_model.layers.6.mlp.gate_proj.weight]
Loading weights:  10%|▉         | 72/750 [00:15<03:51,  2.93it/s, Materializing param=model.language_model.layers.6.mlp.gate_proj.weight]
Loading weights:  10%|▉         | 72/750 [00:15<03:51,  2.93it/s, Materializing param=model.language_model.layers.6.mlp.up_proj.weight]  
Loading weights:  10%|▉         | 72/750 [00:15<03:51,  2.93it/s, Materializing param=model.language_model.layers.6.mlp.up_proj.weight]
Loading weights:  10%|▉         | 73/750 [00:15<04:21,  2.59it/s, Materializing param=model.language_model.layers.6.mlp.up_proj.weight]
Loading weights:  10%|▉         | 73/750 [00:15<04:21,  2.59it/s, Materializing param=model.language_model.layers.6.post_attention_layernorm.weight]
Loading weights:  10%|▉         | 73/750 [00:15<04:21,  2.59it/s, Materializing param=model.language_model.layers.6.post_attention_layernorm.weight]
Loading weights:  10%|▉         | 74/750 [00:15<04:20,  2.59it/s, Materializing param=model.language_model.layers.6.self_attn.k_norm.weight]        
Loading weights:  10%|▉         | 74/750 [00:15<04:20,  2.59it/s, Materializing param=model.language_model.layers.6.self_attn.k_norm.weight]
Loading weights:  10%|█         | 75/750 [00:15<04:20,  2.59it/s, Materializing param=model.language_model.layers.6.self_attn.k_proj.weight]
Loading weights:  10%|█         | 75/750 [00:15<04:20,  2.59it/s, Materializing param=model.language_model.layers.6.self_attn.k_proj.weight]
Loading weights:  10%|█         | 76/750 [00:15<04:19,  2.59it/s, Materializing param=model.language_model.layers.6.self_attn.o_proj.weight]
Loading weights:  10%|█         | 76/750 [00:15<04:19,  2.59it/s, Materializing param=model.language_model.layers.6.self_attn.o_proj.weight]
Loading weights:  10%|█         | 77/750 [00:16<02:29,  4.51it/s, Materializing param=model.language_model.layers.6.self_attn.o_proj.weight]
Loading weights:  10%|█         | 77/750 [00:16<02:29,  4.51it/s, Materializing param=model.language_model.layers.6.self_attn.q_norm.weight]
Loading weights:  10%|█         | 77/750 [00:16<02:29,  4.51it/s, Materializing param=model.language_model.layers.6.self_attn.q_norm.weight]
Loading weights:  10%|█         | 78/750 [00:16<02:29,  4.51it/s, Materializing param=model.language_model.layers.6.self_attn.q_proj.weight]
Loading weights:  10%|█         | 78/750 [00:16<02:29,  4.51it/s, Materializing param=model.language_model.layers.6.self_attn.q_proj.weight]
Loading weights:  11%|█         | 79/750 [00:16<02:03,  5.45it/s, Materializing param=model.language_model.layers.6.self_attn.q_proj.weight]
Loading weights:  11%|█         | 79/750 [00:16<02:03,  5.45it/s, Materializing param=model.language_model.layers.6.self_attn.v_proj.weight]
Loading weights:  11%|█         | 79/750 [00:16<02:03,  5.45it/s, Materializing param=model.language_model.layers.6.self_attn.v_proj.weight]
Loading weights:  11%|█         | 80/750 [00:16<02:03,  5.45it/s, Materializing param=model.language_model.layers.7.input_layernorm.weight] 
Loading weights:  11%|█         | 80/750 [00:16<02:03,  5.45it/s, Materializing param=model.language_model.layers.7.input_layernorm.weight]
Loading weights:  11%|█         | 81/750 [00:16<02:02,  5.45it/s, Materializing param=model.language_model.layers.7.mlp.down_proj.weight]  
Loading weights:  11%|█         | 81/750 [00:16<02:02,  5.45it/s, Materializing param=model.language_model.layers.7.mlp.down_proj.weight]
Loading weights:  11%|█         | 82/750 [00:16<01:52,  5.96it/s, Materializing param=model.language_model.layers.7.mlp.down_proj.weight]
Loading weights:  11%|█         | 82/750 [00:16<01:52,  5.96it/s, Materializing param=model.language_model.layers.7.mlp.gate_proj.weight]
Loading weights:  11%|█         | 82/750 [00:16<01:52,  5.96it/s, Materializing param=model.language_model.layers.7.mlp.gate_proj.weight]
Loading weights:  11%|█         | 83/750 [00:16<02:03,  5.40it/s, Materializing param=model.language_model.layers.7.mlp.gate_proj.weight]
Loading weights:  11%|█         | 83/750 [00:16<02:03,  5.40it/s, Materializing param=model.language_model.layers.7.mlp.up_proj.weight]  
Loading weights:  11%|█         | 83/750 [00:16<02:03,  5.40it/s, Materializing param=model.language_model.layers.7.mlp.up_proj.weight]
Loading weights:  11%|█         | 84/750 [00:17<02:11,  5.06it/s, Materializing param=model.language_model.layers.7.mlp.up_proj.weight]
Loading weights:  11%|█         | 84/750 [00:17<02:11,  5.06it/s, Materializing param=model.language_model.layers.7.post_attention_layernorm.weight]
Loading weights:  11%|█         | 84/750 [00:17<02:11,  5.06it/s, Materializing param=model.language_model.layers.7.post_attention_layernorm.weight]
Loading weights:  11%|█▏        | 85/750 [00:17<02:11,  5.06it/s, Materializing param=model.language_model.layers.7.self_attn.k_norm.weight]        
Loading weights:  11%|█▏        | 85/750 [00:17<02:11,  5.06it/s, Materializing param=model.language_model.layers.7.self_attn.k_norm.weight]
Loading weights:  11%|█▏        | 86/750 [00:17<02:11,  5.06it/s, Materializing param=model.language_model.layers.7.self_attn.k_proj.weight]
Loading weights:  11%|█▏        | 86/750 [00:17<02:11,  5.06it/s, Materializing param=model.language_model.layers.7.self_attn.k_proj.weight]
Loading weights:  12%|█▏        | 87/750 [00:17<02:10,  5.06it/s, Materializing param=model.language_model.layers.7.self_attn.o_proj.weight]
Loading weights:  12%|█▏        | 87/750 [00:17<02:10,  5.06it/s, Materializing param=model.language_model.layers.7.self_attn.o_proj.weight]
Loading weights:  12%|█▏        | 88/750 [00:17<01:14,  8.86it/s, Materializing param=model.language_model.layers.7.self_attn.o_proj.weight]
Loading weights:  12%|█▏        | 88/750 [00:17<01:14,  8.86it/s, Materializing param=model.language_model.layers.7.self_attn.q_norm.weight]
Loading weights:  12%|█▏        | 88/750 [00:17<01:14,  8.86it/s, Materializing param=model.language_model.layers.7.self_attn.q_norm.weight]
Loading weights:  12%|█▏        | 89/750 [00:17<01:14,  8.86it/s, Materializing param=model.language_model.layers.7.self_attn.q_proj.weight]
Loading weights:  12%|█▏        | 89/750 [00:17<01:14,  8.86it/s, Materializing param=model.language_model.layers.7.self_attn.q_proj.weight]
Loading weights:  12%|█▏        | 90/750 [00:17<01:14,  8.86it/s, Materializing param=model.language_model.layers.7.self_attn.v_proj.weight]
Loading weights:  12%|█▏        | 90/750 [00:17<01:14,  8.86it/s, Materializing param=model.language_model.layers.7.self_attn.v_proj.weight]
Loading weights:  12%|█▏        | 91/750 [00:17<00:56, 11.67it/s, Materializing param=model.language_model.layers.7.self_attn.v_proj.weight]
Loading weights:  12%|█▏        | 91/750 [00:17<00:56, 11.67it/s, Materializing param=model.language_model.layers.8.input_layernorm.weight] 
Loading weights:  12%|█▏        | 91/750 [00:17<00:56, 11.67it/s, Materializing param=model.language_model.layers.8.input_layernorm.weight]
Loading weights:  12%|█▏        | 92/750 [00:17<00:56, 11.67it/s, Materializing param=model.language_model.layers.8.mlp.down_proj.weight]  
Loading weights:  12%|█▏        | 92/750 [00:17<00:56, 11.67it/s, Materializing param=model.language_model.layers.8.mlp.down_proj.weight]
Loading weights:  12%|█▏        | 93/750 [00:17<00:56, 11.67it/s, Materializing param=model.language_model.layers.8.mlp.gate_proj.weight]
Loading weights:  12%|█▏        | 93/750 [00:17<00:56, 11.67it/s, Materializing param=model.language_model.layers.8.mlp.gate_proj.weight]
Loading weights:  13%|█▎        | 94/750 [00:17<01:12,  9.02it/s, Materializing param=model.language_model.layers.8.mlp.gate_proj.weight]
Loading weights:  13%|█▎        | 94/750 [00:17<01:12,  9.02it/s, Materializing param=model.language_model.layers.8.mlp.up_proj.weight]  
Loading weights:  13%|█▎        | 94/750 [00:17<01:12,  9.02it/s, Materializing param=model.language_model.layers.8.mlp.up_proj.weight]
Loading weights:  13%|█▎        | 95/750 [00:18<01:12,  9.02it/s, Materializing param=model.language_model.layers.8.post_attention_layernorm.weight]
Loading weights:  13%|█▎        | 95/750 [00:18<01:12,  9.02it/s, Materializing param=model.language_model.layers.8.post_attention_layernorm.weight]
Loading weights:  13%|█▎        | 96/750 [00:18<01:14,  8.81it/s, Materializing param=model.language_model.layers.8.post_attention_layernorm.weight]
Loading weights:  13%|█▎        | 96/750 [00:18<01:14,  8.81it/s, Materializing param=model.language_model.layers.8.self_attn.k_norm.weight]        
Loading weights:  13%|█▎        | 96/750 [00:18<01:14,  8.81it/s, Materializing param=model.language_model.layers.8.self_attn.k_norm.weight]
Loading weights:  13%|█▎        | 97/750 [00:18<01:14,  8.81it/s, Materializing param=model.language_model.layers.8.self_attn.k_proj.weight]
Loading weights:  13%|█▎        | 97/750 [00:18<01:14,  8.81it/s, Materializing param=model.language_model.layers.8.self_attn.k_proj.weight]
Loading weights:  13%|█▎        | 98/750 [00:18<01:13,  8.81it/s, Materializing param=model.language_model.layers.8.self_attn.o_proj.weight]
Loading weights:  13%|█▎        | 98/750 [00:18<01:13,  8.81it/s, Materializing param=model.language_model.layers.8.self_attn.o_proj.weight]
Loading weights:  13%|█▎        | 99/750 [00:18<00:56, 11.57it/s, Materializing param=model.language_model.layers.8.self_attn.o_proj.weight]
Loading weights:  13%|█▎        | 99/750 [00:18<00:56, 11.57it/s, Materializing param=model.language_model.layers.8.self_attn.q_norm.weight]
Loading weights:  13%|█▎        | 99/750 [00:18<00:56, 11.57it/s, Materializing param=model.language_model.layers.8.self_attn.q_norm.weight]
Loading weights:  13%|█▎        | 100/750 [00:18<00:56, 11.57it/s, Materializing param=model.language_model.layers.8.self_attn.q_proj.weight]
Loading weights:  13%|█▎        | 100/750 [00:18<00:56, 11.57it/s, Materializing param=model.language_model.layers.8.self_attn.q_proj.weight]
Loading weights:  13%|█▎        | 101/750 [00:18<00:56, 11.57it/s, Materializing param=model.language_model.layers.8.self_attn.v_proj.weight]
Loading weights:  13%|█▎        | 101/750 [00:18<00:56, 11.57it/s, Materializing param=model.language_model.layers.8.self_attn.v_proj.weight]
Loading weights:  14%|█▎        | 102/750 [00:18<00:56, 11.57it/s, Materializing param=model.language_model.layers.9.input_layernorm.weight] 
Loading weights:  14%|█▎        | 102/750 [00:18<00:56, 11.57it/s, Materializing param=model.language_model.layers.9.input_layernorm.weight]
Loading weights:  14%|█▎        | 103/750 [00:18<00:55, 11.57it/s, Materializing param=model.language_model.layers.9.mlp.down_proj.weight]  
Loading weights:  14%|█▎        | 103/750 [00:18<00:55, 11.57it/s, Materializing param=model.language_model.layers.9.mlp.down_proj.weight]
Loading weights:  14%|█▍        | 104/750 [00:18<00:50, 12.78it/s, Materializing param=model.language_model.layers.9.mlp.down_proj.weight]
Loading weights:  14%|█▍        | 104/750 [00:18<00:50, 12.78it/s, Materializing param=model.language_model.layers.9.mlp.gate_proj.weight]
Loading weights:  14%|█▍        | 104/750 [00:18<00:50, 12.78it/s, Materializing param=model.language_model.layers.9.mlp.gate_proj.weight]
Loading weights:  14%|█▍        | 105/750 [00:18<00:50, 12.78it/s, Materializing param=model.language_model.layers.9.mlp.up_proj.weight]  
Loading weights:  14%|█▍        | 105/750 [00:18<00:50, 12.78it/s, Materializing param=model.language_model.layers.9.mlp.up_proj.weight]
Loading weights:  14%|█▍        | 106/750 [00:19<01:11,  8.98it/s, Materializing param=model.language_model.layers.9.mlp.up_proj.weight]
Loading weights:  14%|█▍        | 106/750 [00:19<01:11,  8.98it/s, Materializing param=model.language_model.layers.9.post_attention_layernorm.weight]
Loading weights:  14%|█▍        | 106/750 [00:19<01:11,  8.98it/s, Materializing param=model.language_model.layers.9.post_attention_layernorm.weight]
Loading weights:  14%|█▍        | 107/750 [00:19<01:11,  8.98it/s, Materializing param=model.language_model.layers.9.self_attn.k_norm.weight]        
Loading weights:  14%|█▍        | 107/750 [00:19<01:11,  8.98it/s, Materializing param=model.language_model.layers.9.self_attn.k_norm.weight]
Loading weights:  14%|█▍        | 108/750 [00:19<01:11,  8.98it/s, Materializing param=model.language_model.layers.9.self_attn.k_proj.weight]
Loading weights:  14%|█▍        | 108/750 [00:19<01:11,  8.98it/s, Materializing param=model.language_model.layers.9.self_attn.k_proj.weight]
Loading weights:  15%|█▍        | 109/750 [00:19<01:11,  8.98it/s, Materializing param=model.language_model.layers.9.self_attn.o_proj.weight]
Loading weights:  15%|█▍        | 109/750 [00:19<01:11,  8.98it/s, Materializing param=model.language_model.layers.9.self_attn.o_proj.weight]
Loading weights:  15%|█▍        | 110/750 [00:19<00:51, 12.48it/s, Materializing param=model.language_model.layers.9.self_attn.o_proj.weight]
Loading weights:  15%|█▍        | 110/750 [00:19<00:51, 12.48it/s, Materializing param=model.language_model.layers.9.self_attn.q_norm.weight]
Loading weights:  15%|█▍        | 110/750 [00:19<00:51, 12.48it/s, Materializing param=model.language_model.layers.9.self_attn.q_norm.weight]
Loading weights:  15%|█▍        | 111/750 [00:19<00:51, 12.48it/s, Materializing param=model.language_model.layers.9.self_attn.q_proj.weight]
Loading weights:  15%|█▍        | 111/750 [00:19<00:51, 12.48it/s, Materializing param=model.language_model.layers.9.self_attn.q_proj.weight]
Loading weights:  15%|█▍        | 112/750 [00:19<00:51, 12.48it/s, Materializing param=model.language_model.layers.9.self_attn.v_proj.weight]
Loading weights:  15%|█▍        | 112/750 [00:19<00:51, 12.48it/s, Materializing param=model.language_model.layers.9.self_attn.v_proj.weight]
Loading weights:  15%|█▌        | 113/750 [00:19<00:42, 14.91it/s, Materializing param=model.language_model.layers.9.self_attn.v_proj.weight]
Loading weights:  15%|█▌        | 113/750 [00:19<00:42, 14.91it/s, Materializing param=model.language_model.layers.10.input_layernorm.weight]
Loading weights:  15%|█▌        | 113/750 [00:19<00:42, 14.91it/s, Materializing param=model.language_model.layers.10.input_layernorm.weight]
Loading weights:  15%|█▌        | 114/750 [00:19<00:42, 14.91it/s, Materializing param=model.language_model.layers.10.mlp.down_proj.weight]  
Loading weights:  15%|█▌        | 114/750 [00:19<00:42, 14.91it/s, Materializing param=model.language_model.layers.10.mlp.down_proj.weight]
Loading weights:  15%|█▌        | 115/750 [00:19<00:42, 14.91it/s, Materializing param=model.language_model.layers.10.mlp.gate_proj.weight]
Loading weights:  15%|█▌        | 115/750 [00:19<00:42, 14.91it/s, Materializing param=model.language_model.layers.10.mlp.gate_proj.weight]
Loading weights:  15%|█▌        | 116/750 [00:19<00:59, 10.62it/s, Materializing param=model.language_model.layers.10.mlp.gate_proj.weight]
Loading weights:  15%|█▌        | 116/750 [00:19<00:59, 10.62it/s, Materializing param=model.language_model.layers.10.mlp.up_proj.weight]  
Loading weights:  15%|█▌        | 116/750 [00:19<00:59, 10.62it/s, Materializing param=model.language_model.layers.10.mlp.up_proj.weight]
Loading weights:  16%|█▌        | 117/750 [00:19<00:59, 10.62it/s, Materializing param=model.language_model.layers.10.post_attention_layernorm.weight]
Loading weights:  16%|█▌        | 117/750 [00:19<00:59, 10.62it/s, Materializing param=model.language_model.layers.10.post_attention_layernorm.weight]
Loading weights:  16%|█▌        | 118/750 [00:19<01:03, 10.02it/s, Materializing param=model.language_model.layers.10.post_attention_layernorm.weight]
Loading weights:  16%|█▌        | 118/750 [00:19<01:03, 10.02it/s, Materializing param=model.language_model.layers.10.self_attn.k_norm.weight]        
Loading weights:  16%|█▌        | 118/750 [00:19<01:03, 10.02it/s, Materializing param=model.language_model.layers.10.self_attn.k_norm.weight]
Loading weights:  16%|█▌        | 119/750 [00:19<01:02, 10.02it/s, Materializing param=model.language_model.layers.10.self_attn.k_proj.weight]
Loading weights:  16%|█▌        | 119/750 [00:19<01:02, 10.02it/s, Materializing param=model.language_model.layers.10.self_attn.k_proj.weight]
Loading weights:  16%|█▌        | 120/750 [00:19<01:02, 10.02it/s, Materializing param=model.language_model.layers.10.self_attn.o_proj.weight]
Loading weights:  16%|█▌        | 120/750 [00:19<01:02, 10.02it/s, Materializing param=model.language_model.layers.10.self_attn.o_proj.weight]
Loading weights:  16%|█▌        | 121/750 [00:20<00:49, 12.64it/s, Materializing param=model.language_model.layers.10.self_attn.o_proj.weight]
Loading weights:  16%|█▌        | 121/750 [00:20<00:49, 12.64it/s, Materializing param=model.language_model.layers.10.self_attn.q_norm.weight]
Loading weights:  16%|█▌        | 121/750 [00:20<00:49, 12.64it/s, Materializing param=model.language_model.layers.10.self_attn.q_norm.weight]
Loading weights:  16%|█▋        | 122/750 [00:20<00:49, 12.64it/s, Materializing param=model.language_model.layers.10.self_attn.q_proj.weight]
Loading weights:  16%|█▋        | 122/750 [00:20<00:49, 12.64it/s, Materializing param=model.language_model.layers.10.self_attn.q_proj.weight]
Loading weights:  16%|█▋        | 123/750 [00:20<00:49, 12.64it/s, Materializing param=model.language_model.layers.10.self_attn.v_proj.weight]
Loading weights:  16%|█▋        | 123/750 [00:20<00:49, 12.64it/s, Materializing param=model.language_model.layers.10.self_attn.v_proj.weight]
Loading weights:  17%|█▋        | 124/750 [00:20<00:49, 12.64it/s, Materializing param=model.language_model.layers.11.input_layernorm.weight] 
Loading weights:  17%|█▋        | 124/750 [00:20<00:49, 12.64it/s, Materializing param=model.language_model.layers.11.input_layernorm.weight]
Loading weights:  17%|█▋        | 125/750 [00:20<00:36, 16.99it/s, Materializing param=model.language_model.layers.11.input_layernorm.weight]
Loading weights:  17%|█▋        | 125/750 [00:20<00:36, 16.99it/s, Materializing param=model.language_model.layers.11.mlp.down_proj.weight]  
Loading weights:  17%|█▋        | 125/750 [00:20<00:36, 16.99it/s, Materializing param=model.language_model.layers.11.mlp.down_proj.weight]
Loading weights:  17%|█▋        | 126/750 [00:20<00:36, 16.99it/s, Materializing param=model.language_model.layers.11.mlp.gate_proj.weight]
Loading weights:  17%|█▋        | 126/750 [00:20<00:36, 16.99it/s, Materializing param=model.language_model.layers.11.mlp.gate_proj.weight]
Loading weights:  17%|█▋        | 127/750 [00:20<00:36, 16.99it/s, Materializing param=model.language_model.layers.11.mlp.up_proj.weight]  
Loading weights:  17%|█▋        | 127/750 [00:20<00:36, 16.99it/s, Materializing param=model.language_model.layers.11.mlp.up_proj.weight]
Loading weights:  17%|█▋        | 128/750 [00:20<01:09,  8.95it/s, Materializing param=model.language_model.layers.11.mlp.up_proj.weight]
Loading weights:  17%|█▋        | 128/750 [00:20<01:09,  8.95it/s, Materializing param=model.language_model.layers.11.post_attention_layernorm.weight]
Loading weights:  17%|█▋        | 128/750 [00:20<01:09,  8.95it/s, Materializing param=model.language_model.layers.11.post_attention_layernorm.weight]
Loading weights:  17%|█▋        | 129/750 [00:20<01:09,  8.95it/s, Materializing param=model.language_model.layers.11.self_attn.k_norm.weight]        
Loading weights:  17%|█▋        | 129/750 [00:20<01:09,  8.95it/s, Materializing param=model.language_model.layers.11.self_attn.k_norm.weight]
Loading weights:  17%|█▋        | 130/750 [00:20<01:09,  8.95it/s, Materializing param=model.language_model.layers.11.self_attn.k_proj.weight]
Loading weights:  17%|█▋        | 130/750 [00:20<01:09,  8.95it/s, Materializing param=model.language_model.layers.11.self_attn.k_proj.weight]
Loading weights:  17%|█▋        | 131/750 [00:20<01:09,  8.95it/s, Materializing param=model.language_model.layers.11.self_attn.o_proj.weight]
Loading weights:  17%|█▋        | 131/750 [00:20<01:09,  8.95it/s, Materializing param=model.language_model.layers.11.self_attn.o_proj.weight]
Loading weights:  18%|█▊        | 132/750 [00:21<00:54, 11.27it/s, Materializing param=model.language_model.layers.11.self_attn.o_proj.weight]
Loading weights:  18%|█▊        | 132/750 [00:21<00:54, 11.27it/s, Materializing param=model.language_model.layers.11.self_attn.q_norm.weight]
Loading weights:  18%|█▊        | 132/750 [00:21<00:54, 11.27it/s, Materializing param=model.language_model.layers.11.self_attn.q_norm.weight]
Loading weights:  18%|█▊        | 133/750 [00:21<00:54, 11.27it/s, Materializing param=model.language_model.layers.11.self_attn.q_proj.weight]
Loading weights:  18%|█▊        | 133/750 [00:21<00:54, 11.27it/s, Materializing param=model.language_model.layers.11.self_attn.q_proj.weight]
Loading weights:  18%|█▊        | 134/750 [00:21<00:54, 11.27it/s, Materializing param=model.language_model.layers.11.self_attn.v_proj.weight]
Loading weights:  18%|█▊        | 134/750 [00:21<00:54, 11.27it/s, Materializing param=model.language_model.layers.11.self_attn.v_proj.weight]
Loading weights:  18%|█▊        | 135/750 [00:21<00:54, 11.27it/s, Materializing param=model.language_model.layers.12.input_layernorm.weight] 
Loading weights:  18%|█▊        | 135/750 [00:21<00:54, 11.27it/s, Materializing param=model.language_model.layers.12.input_layernorm.weight]
Loading weights:  18%|█▊        | 136/750 [00:21<00:54, 11.27it/s, Materializing param=model.language_model.layers.12.mlp.down_proj.weight]  
Loading weights:  18%|█▊        | 136/750 [00:21<00:54, 11.27it/s, Materializing param=model.language_model.layers.12.mlp.down_proj.weight]
Loading weights:  18%|█▊        | 137/750 [00:21<00:45, 13.39it/s, Materializing param=model.language_model.layers.12.mlp.down_proj.weight]
Loading weights:  18%|█▊        | 137/750 [00:21<00:45, 13.39it/s, Materializing param=model.language_model.layers.12.mlp.gate_proj.weight]
Loading weights:  18%|█▊        | 137/750 [00:21<00:45, 13.39it/s, Materializing param=model.language_model.layers.12.mlp.gate_proj.weight]
Loading weights:  18%|█▊        | 138/750 [00:21<00:45, 13.39it/s, Materializing param=model.language_model.layers.12.mlp.up_proj.weight]  
Loading weights:  18%|█▊        | 138/750 [00:21<00:45, 13.39it/s, Materializing param=model.language_model.layers.12.mlp.up_proj.weight]
Loading weights:  19%|█▊        | 139/750 [00:21<01:03,  9.56it/s, Materializing param=model.language_model.layers.12.mlp.up_proj.weight]
Loading weights:  19%|█▊        | 139/750 [00:21<01:03,  9.56it/s, Materializing param=model.language_model.layers.12.post_attention_layernorm.weight]
Loading weights:  19%|█▊        | 139/750 [00:21<01:03,  9.56it/s, Materializing param=model.language_model.layers.12.post_attention_layernorm.weight]
Loading weights:  19%|█▊        | 140/750 [00:21<01:03,  9.56it/s, Materializing param=model.language_model.layers.12.self_attn.k_norm.weight]        
Loading weights:  19%|█▊        | 140/750 [00:21<01:03,  9.56it/s, Materializing param=model.language_model.layers.12.self_attn.k_norm.weight]
Loading weights:  19%|█▉        | 141/750 [00:21<01:03,  9.56it/s, Materializing param=model.language_model.layers.12.self_attn.k_proj.weight]
Loading weights:  19%|█▉        | 141/750 [00:21<01:03,  9.56it/s, Materializing param=model.language_model.layers.12.self_attn.k_proj.weight]
Loading weights:  19%|█▉        | 142/750 [00:21<01:03,  9.56it/s, Materializing param=model.language_model.layers.12.self_attn.o_proj.weight]
Loading weights:  19%|█▉        | 142/750 [00:21<01:03,  9.56it/s, Materializing param=model.language_model.layers.12.self_attn.o_proj.weight]
Loading weights:  19%|█▉        | 143/750 [00:21<00:47, 12.88it/s, Materializing param=model.language_model.layers.12.self_attn.o_proj.weight]
Loading weights:  19%|█▉        | 143/750 [00:21<00:47, 12.88it/s, Materializing param=model.language_model.layers.12.self_attn.q_norm.weight]
Loading weights:  19%|█▉        | 143/750 [00:21<00:47, 12.88it/s, Materializing param=model.language_model.layers.12.self_attn.q_norm.weight]
Loading weights:  19%|█▉        | 144/750 [00:21<00:47, 12.88it/s, Materializing param=model.language_model.layers.12.self_attn.q_proj.weight]
Loading weights:  19%|█▉        | 144/750 [00:21<00:47, 12.88it/s, Materializing param=model.language_model.layers.12.self_attn.q_proj.weight]
Loading weights:  19%|█▉        | 145/750 [00:22<00:46, 12.88it/s, Materializing param=model.language_model.layers.12.self_attn.v_proj.weight]
Loading weights:  19%|█▉        | 145/750 [00:22<00:46, 12.88it/s, Materializing param=model.language_model.layers.12.self_attn.v_proj.weight]
Loading weights:  19%|█▉        | 146/750 [00:22<00:39, 15.18it/s, Materializing param=model.language_model.layers.12.self_attn.v_proj.weight]
Loading weights:  19%|█▉        | 146/750 [00:22<00:39, 15.18it/s, Materializing param=model.language_model.layers.13.input_layernorm.weight] 
Loading weights:  19%|█▉        | 146/750 [00:22<00:39, 15.18it/s, Materializing param=model.language_model.layers.13.input_layernorm.weight]
Loading weights:  20%|█▉        | 147/750 [00:22<00:39, 15.18it/s, Materializing param=model.language_model.layers.13.mlp.down_proj.weight]  
Loading weights:  20%|█▉        | 147/750 [00:22<00:39, 15.18it/s, Materializing param=model.language_model.layers.13.mlp.down_proj.weight]
Loading weights:  20%|█▉        | 148/750 [00:22<00:39, 15.18it/s, Materializing param=model.language_model.layers.13.mlp.gate_proj.weight]
Loading weights:  20%|█▉        | 148/750 [00:22<00:39, 15.18it/s, Materializing param=model.language_model.layers.13.mlp.gate_proj.weight]
Loading weights:  20%|█▉        | 149/750 [00:22<00:55, 10.90it/s, Materializing param=model.language_model.layers.13.mlp.gate_proj.weight]
Loading weights:  20%|█▉        | 149/750 [00:22<00:55, 10.90it/s, Materializing param=model.language_model.layers.13.mlp.up_proj.weight]  
Loading weights:  20%|█▉        | 149/750 [00:22<00:55, 10.90it/s, Materializing param=model.language_model.layers.13.mlp.up_proj.weight]
Loading weights:  20%|██        | 150/750 [00:22<00:55, 10.90it/s, Materializing param=model.language_model.layers.13.post_attention_layernorm.weight]
Loading weights:  20%|██        | 150/750 [00:22<00:55, 10.90it/s, Materializing param=model.language_model.layers.13.post_attention_layernorm.weight]
Loading weights:  20%|██        | 151/750 [00:22<00:58, 10.24it/s, Materializing param=model.language_model.layers.13.post_attention_layernorm.weight]
Loading weights:  20%|██        | 151/750 [00:22<00:58, 10.24it/s, Materializing param=model.language_model.layers.13.self_attn.k_norm.weight]        
Loading weights:  20%|██        | 151/750 [00:22<00:58, 10.24it/s, Materializing param=model.language_model.layers.13.self_attn.k_norm.weight]
Loading weights:  20%|██        | 152/750 [00:22<00:58, 10.24it/s, Materializing param=model.language_model.layers.13.self_attn.k_proj.weight]
Loading weights:  20%|██        | 152/750 [00:22<00:58, 10.24it/s, Materializing param=model.language_model.layers.13.self_attn.k_proj.weight]
Loading weights:  20%|██        | 153/750 [00:22<00:58, 10.24it/s, Materializing param=model.language_model.layers.13.self_attn.o_proj.weight]
Loading weights:  20%|██        | 153/750 [00:22<00:58, 10.24it/s, Materializing param=model.language_model.layers.13.self_attn.o_proj.weight]
Loading weights:  21%|██        | 154/750 [00:22<00:51, 11.51it/s, Materializing param=model.language_model.layers.13.self_attn.o_proj.weight]
Loading weights:  21%|██        | 154/750 [00:22<00:51, 11.51it/s, Materializing param=model.language_model.layers.13.self_attn.q_norm.weight]
Loading weights:  21%|██        | 154/750 [00:22<00:51, 11.51it/s, Materializing param=model.language_model.layers.13.self_attn.q_norm.weight]
Loading weights:  21%|██        | 155/750 [00:22<00:51, 11.51it/s, Materializing param=model.language_model.layers.13.self_attn.q_proj.weight]
Loading weights:  21%|██        | 155/750 [00:22<00:51, 11.51it/s, Materializing param=model.language_model.layers.13.self_attn.q_proj.weight]
Loading weights:  21%|██        | 156/750 [00:22<00:51, 11.51it/s, Materializing param=model.language_model.layers.13.self_attn.v_proj.weight]
Loading weights:  21%|██        | 156/750 [00:22<00:51, 11.51it/s, Materializing param=model.language_model.layers.13.self_attn.v_proj.weight]
Loading weights:  21%|██        | 157/750 [00:22<00:51, 11.51it/s, Materializing param=model.language_model.layers.14.input_layernorm.weight] 
Loading weights:  21%|██        | 157/750 [00:22<00:51, 11.51it/s, Materializing param=model.language_model.layers.14.input_layernorm.weight]
Loading weights:  21%|██        | 158/750 [00:22<00:51, 11.51it/s, Materializing param=model.language_model.layers.14.mlp.down_proj.weight]  
Loading weights:  21%|██        | 158/750 [00:22<00:51, 11.51it/s, Materializing param=model.language_model.layers.14.mlp.down_proj.weight]
Loading weights:  21%|██        | 159/750 [00:23<00:42, 13.82it/s, Materializing param=model.language_model.layers.14.mlp.down_proj.weight]
Loading weights:  21%|██        | 159/750 [00:23<00:42, 13.82it/s, Materializing param=model.language_model.layers.14.mlp.gate_proj.weight]
Loading weights:  21%|██        | 159/750 [00:23<00:42, 13.82it/s, Materializing param=model.language_model.layers.14.mlp.gate_proj.weight]
Loading weights:  21%|██▏       | 160/750 [00:23<00:42, 13.82it/s, Materializing param=model.language_model.layers.14.mlp.up_proj.weight]  
Loading weights:  21%|██▏       | 160/750 [00:23<00:42, 13.82it/s, Materializing param=model.language_model.layers.14.mlp.up_proj.weight]
Loading weights:  21%|██▏       | 161/750 [00:23<01:02,  9.47it/s, Materializing param=model.language_model.layers.14.mlp.up_proj.weight]
Loading weights:  21%|██▏       | 161/750 [00:23<01:02,  9.47it/s, Materializing param=model.language_model.layers.14.post_attention_layernorm.weight]
Loading weights:  21%|██▏       | 161/750 [00:23<01:02,  9.47it/s, Materializing param=model.language_model.layers.14.post_attention_layernorm.weight]
Loading weights:  22%|██▏       | 162/750 [00:23<01:02,  9.47it/s, Materializing param=model.language_model.layers.14.self_attn.k_norm.weight]        
Loading weights:  22%|██▏       | 162/750 [00:23<01:02,  9.47it/s, Materializing param=model.language_model.layers.14.self_attn.k_norm.weight]
Loading weights:  22%|██▏       | 163/750 [00:23<01:01,  9.47it/s, Materializing param=model.language_model.layers.14.self_attn.k_proj.weight]
Loading weights:  22%|██▏       | 163/750 [00:23<01:01,  9.47it/s, Materializing param=model.language_model.layers.14.self_attn.k_proj.weight]
Loading weights:  22%|██▏       | 164/750 [00:23<01:01,  9.47it/s, Materializing param=model.language_model.layers.14.self_attn.o_proj.weight]
Loading weights:  22%|██▏       | 164/750 [00:23<01:01,  9.47it/s, Materializing param=model.language_model.layers.14.self_attn.o_proj.weight]
Loading weights:  22%|██▏       | 165/750 [00:23<00:45, 12.93it/s, Materializing param=model.language_model.layers.14.self_attn.o_proj.weight]
Loading weights:  22%|██▏       | 165/750 [00:23<00:45, 12.93it/s, Materializing param=model.language_model.layers.14.self_attn.q_norm.weight]
Loading weights:  22%|██▏       | 165/750 [00:23<00:45, 12.93it/s, Materializing param=model.language_model.layers.14.self_attn.q_norm.weight]
Loading weights:  22%|██▏       | 166/750 [00:23<00:45, 12.93it/s, Materializing param=model.language_model.layers.14.self_attn.q_proj.weight]
Loading weights:  22%|██▏       | 166/750 [00:23<00:45, 12.93it/s, Materializing param=model.language_model.layers.14.self_attn.q_proj.weight]
Loading weights:  22%|██▏       | 167/750 [00:23<00:45, 12.93it/s, Materializing param=model.language_model.layers.14.self_attn.v_proj.weight]
Loading weights:  22%|██▏       | 167/750 [00:23<00:45, 12.93it/s, Materializing param=model.language_model.layers.14.self_attn.v_proj.weight]
Loading weights:  22%|██▏       | 168/750 [00:23<00:38, 15.23it/s, Materializing param=model.language_model.layers.14.self_attn.v_proj.weight]
Loading weights:  22%|██▏       | 168/750 [00:23<00:38, 15.23it/s, Materializing param=model.language_model.layers.15.input_layernorm.weight] 
Loading weights:  22%|██▏       | 168/750 [00:23<00:38, 15.23it/s, Materializing param=model.language_model.layers.15.input_layernorm.weight]
Loading weights:  23%|██▎       | 169/750 [00:23<00:38, 15.23it/s, Materializing param=model.language_model.layers.15.mlp.down_proj.weight]  
Loading weights:  23%|██▎       | 169/750 [00:23<00:38, 15.23it/s, Materializing param=model.language_model.layers.15.mlp.down_proj.weight]
Loading weights:  23%|██▎       | 170/750 [00:24<00:38, 15.23it/s, Materializing param=model.language_model.layers.15.mlp.gate_proj.weight]
Loading weights:  23%|██▎       | 170/750 [00:24<00:38, 15.23it/s, Materializing param=model.language_model.layers.15.mlp.gate_proj.weight]
Loading weights:  23%|██▎       | 171/750 [00:24<00:53, 10.79it/s, Materializing param=model.language_model.layers.15.mlp.gate_proj.weight]
Loading weights:  23%|██▎       | 171/750 [00:24<00:53, 10.79it/s, Materializing param=model.language_model.layers.15.mlp.up_proj.weight]  
Loading weights:  23%|██▎       | 171/750 [00:24<00:53, 10.79it/s, Materializing param=model.language_model.layers.15.mlp.up_proj.weight]
Loading weights:  23%|██▎       | 172/750 [00:24<00:53, 10.79it/s, Materializing param=model.language_model.layers.15.post_attention_layernorm.weight]
Loading weights:  23%|██▎       | 172/750 [00:24<00:53, 10.79it/s, Materializing param=model.language_model.layers.15.post_attention_layernorm.weight]
Loading weights:  23%|██▎       | 173/750 [00:24<00:57, 10.10it/s, Materializing param=model.language_model.layers.15.post_attention_layernorm.weight]
Loading weights:  23%|██▎       | 173/750 [00:24<00:57, 10.10it/s, Materializing param=model.language_model.layers.15.self_attn.k_norm.weight]        
Loading weights:  23%|██▎       | 173/750 [00:24<00:57, 10.10it/s, Materializing param=model.language_model.layers.15.self_attn.k_norm.weight]
Loading weights:  23%|██▎       | 174/750 [00:24<00:57, 10.10it/s, Materializing param=model.language_model.layers.15.self_attn.k_proj.weight]
Loading weights:  23%|██▎       | 174/750 [00:24<00:57, 10.10it/s, Materializing param=model.language_model.layers.15.self_attn.k_proj.weight]
Loading weights:  23%|██▎       | 175/750 [00:24<00:56, 10.10it/s, Materializing param=model.language_model.layers.15.self_attn.o_proj.weight]
Loading weights:  23%|██▎       | 175/750 [00:24<00:56, 10.10it/s, Materializing param=model.language_model.layers.15.self_attn.o_proj.weight]
Loading weights:  23%|██▎       | 176/750 [00:24<00:45, 12.66it/s, Materializing param=model.language_model.layers.15.self_attn.o_proj.weight]
Loading weights:  23%|██▎       | 176/750 [00:24<00:45, 12.66it/s, Materializing param=model.language_model.layers.15.self_attn.q_norm.weight]
Loading weights:  23%|██▎       | 176/750 [00:24<00:45, 12.66it/s, Materializing param=model.language_model.layers.15.self_attn.q_norm.weight]
Loading weights:  24%|██▎       | 177/750 [00:24<00:45, 12.66it/s, Materializing param=model.language_model.layers.15.self_attn.q_proj.weight]
Loading weights:  24%|██▎       | 177/750 [00:24<00:45, 12.66it/s, Materializing param=model.language_model.layers.15.self_attn.q_proj.weight]
Loading weights:  24%|██▎       | 178/750 [00:24<00:45, 12.66it/s, Materializing param=model.language_model.layers.15.self_attn.v_proj.weight]
Loading weights:  24%|██▎       | 178/750 [00:24<00:45, 12.66it/s, Materializing param=model.language_model.layers.15.self_attn.v_proj.weight]
Loading weights:  24%|██▍       | 179/750 [00:24<00:37, 15.26it/s, Materializing param=model.language_model.layers.15.self_attn.v_proj.weight]
Loading weights:  24%|██▍       | 179/750 [00:24<00:37, 15.26it/s, Materializing param=model.language_model.layers.16.input_layernorm.weight] 
Loading weights:  24%|██▍       | 179/750 [00:24<00:37, 15.26it/s, Materializing param=model.language_model.layers.16.input_layernorm.weight]
Loading weights:  24%|██▍       | 180/750 [00:24<00:37, 15.26it/s, Materializing param=model.language_model.layers.16.mlp.down_proj.weight]  
Loading weights:  24%|██▍       | 180/750 [00:24<00:37, 15.26it/s, Materializing param=model.language_model.layers.16.mlp.down_proj.weight]
Loading weights:  24%|██▍       | 181/750 [00:25<00:37, 15.26it/s, Materializing param=model.language_model.layers.16.mlp.gate_proj.weight]
Loading weights:  24%|██▍       | 181/750 [00:25<00:37, 15.26it/s, Materializing param=model.language_model.layers.16.mlp.gate_proj.weight]
Loading weights:  24%|██▍       | 182/750 [00:25<00:53, 10.55it/s, Materializing param=model.language_model.layers.16.mlp.gate_proj.weight]
Loading weights:  24%|██▍       | 182/750 [00:25<00:53, 10.55it/s, Materializing param=model.language_model.layers.16.mlp.up_proj.weight]  
Loading weights:  24%|██▍       | 182/750 [00:25<00:53, 10.55it/s, Materializing param=model.language_model.layers.16.mlp.up_proj.weight]
Loading weights:  24%|██▍       | 183/750 [00:25<00:53, 10.55it/s, Materializing param=model.language_model.layers.16.post_attention_layernorm.weight]
Loading weights:  24%|██▍       | 183/750 [00:25<00:53, 10.55it/s, Materializing param=model.language_model.layers.16.post_attention_layernorm.weight]
Loading weights:  25%|██▍       | 184/750 [00:25<00:56,  9.94it/s, Materializing param=model.language_model.layers.16.post_attention_layernorm.weight]
Loading weights:  25%|██▍       | 184/750 [00:25<00:56,  9.94it/s, Materializing param=model.language_model.layers.16.self_attn.k_norm.weight]        
Loading weights:  25%|██▍       | 184/750 [00:25<00:56,  9.94it/s, Materializing param=model.language_model.layers.16.self_attn.k_norm.weight]
Loading weights:  25%|██▍       | 185/750 [00:25<00:56,  9.94it/s, Materializing param=model.language_model.layers.16.self_attn.k_proj.weight]
Loading weights:  25%|██▍       | 185/750 [00:25<00:56,  9.94it/s, Materializing param=model.language_model.layers.16.self_attn.k_proj.weight]
Loading weights:  25%|██▍       | 186/750 [00:25<00:56,  9.94it/s, Materializing param=model.language_model.layers.16.self_attn.o_proj.weight]
Loading weights:  25%|██▍       | 186/750 [00:25<00:56,  9.94it/s, Materializing param=model.language_model.layers.16.self_attn.o_proj.weight]
Loading weights:  25%|██▍       | 187/750 [00:25<00:44, 12.63it/s, Materializing param=model.language_model.layers.16.self_attn.o_proj.weight]
Loading weights:  25%|██▍       | 187/750 [00:25<00:44, 12.63it/s, Materializing param=model.language_model.layers.16.self_attn.q_norm.weight]
Loading weights:  25%|██▍       | 187/750 [00:25<00:44, 12.63it/s, Materializing param=model.language_model.layers.16.self_attn.q_norm.weight]
Loading weights:  25%|██▌       | 188/750 [00:25<00:44, 12.63it/s, Materializing param=model.language_model.layers.16.self_attn.q_proj.weight]
Loading weights:  25%|██▌       | 188/750 [00:25<00:44, 12.63it/s, Materializing param=model.language_model.layers.16.self_attn.q_proj.weight]
Loading weights:  25%|██▌       | 189/750 [00:25<00:44, 12.63it/s, Materializing param=model.language_model.layers.16.self_attn.v_proj.weight]
Loading weights:  25%|██▌       | 189/750 [00:25<00:44, 12.63it/s, Materializing param=model.language_model.layers.16.self_attn.v_proj.weight]
Loading weights:  25%|██▌       | 190/750 [00:25<00:36, 15.31it/s, Materializing param=model.language_model.layers.16.self_attn.v_proj.weight]
Loading weights:  25%|██▌       | 190/750 [00:25<00:36, 15.31it/s, Materializing param=model.language_model.layers.17.input_layernorm.weight] 
Loading weights:  25%|██▌       | 190/750 [00:25<00:36, 15.31it/s, Materializing param=model.language_model.layers.17.input_layernorm.weight]
Loading weights:  25%|██▌       | 191/750 [00:25<00:36, 15.31it/s, Materializing param=model.language_model.layers.17.mlp.down_proj.weight]  
Loading weights:  25%|██▌       | 191/750 [00:25<00:36, 15.31it/s, Materializing param=model.language_model.layers.17.mlp.down_proj.weight]
Loading weights:  26%|██▌       | 192/750 [00:26<00:36, 15.31it/s, Materializing param=model.language_model.layers.17.mlp.gate_proj.weight]
Loading weights:  26%|██▌       | 192/750 [00:26<00:36, 15.31it/s, Materializing param=model.language_model.layers.17.mlp.gate_proj.weight]
Loading weights:  26%|██▌       | 193/750 [00:26<00:52, 10.51it/s, Materializing param=model.language_model.layers.17.mlp.gate_proj.weight]
Loading weights:  26%|██▌       | 193/750 [00:26<00:52, 10.51it/s, Materializing param=model.language_model.layers.17.mlp.up_proj.weight]  
Loading weights:  26%|██▌       | 193/750 [00:26<00:52, 10.51it/s, Materializing param=model.language_model.layers.17.mlp.up_proj.weight]
Loading weights:  26%|██▌       | 194/750 [00:26<00:52, 10.51it/s, Materializing param=model.language_model.layers.17.post_attention_layernorm.weight]
Loading weights:  26%|██▌       | 194/750 [00:26<00:52, 10.51it/s, Materializing param=model.language_model.layers.17.post_attention_layernorm.weight]
Loading weights:  26%|██▌       | 195/750 [00:26<00:56,  9.90it/s, Materializing param=model.language_model.layers.17.post_attention_layernorm.weight]
Loading weights:  26%|██▌       | 195/750 [00:26<00:56,  9.90it/s, Materializing param=model.language_model.layers.17.self_attn.k_norm.weight]        
Loading weights:  26%|██▌       | 195/750 [00:26<00:56,  9.90it/s, Materializing param=model.language_model.layers.17.self_attn.k_norm.weight]
Loading weights:  26%|██▌       | 196/750 [00:26<00:55,  9.90it/s, Materializing param=model.language_model.layers.17.self_attn.k_proj.weight]
Loading weights:  26%|██▌       | 196/750 [00:26<00:55,  9.90it/s, Materializing param=model.language_model.layers.17.self_attn.k_proj.weight]
Loading weights:  26%|██▋       | 197/750 [00:26<00:55,  9.90it/s, Materializing param=model.language_model.layers.17.self_attn.o_proj.weight]
Loading weights:  26%|██▋       | 197/750 [00:26<00:55,  9.90it/s, Materializing param=model.language_model.layers.17.self_attn.o_proj.weight]
Loading weights:  26%|██▋       | 198/750 [00:26<00:48, 11.33it/s, Materializing param=model.language_model.layers.17.self_attn.o_proj.weight]
Loading weights:  26%|██▋       | 198/750 [00:26<00:48, 11.33it/s, Materializing param=model.language_model.layers.17.self_attn.q_norm.weight]
Loading weights:  26%|██▋       | 198/750 [00:26<00:48, 11.33it/s, Materializing param=model.language_model.layers.17.self_attn.q_norm.weight]
Loading weights:  27%|██▋       | 199/750 [00:26<00:48, 11.33it/s, Materializing param=model.language_model.layers.17.self_attn.q_proj.weight]
Loading weights:  27%|██▋       | 199/750 [00:26<00:48, 11.33it/s, Materializing param=model.language_model.layers.17.self_attn.q_proj.weight]
Loading weights:  27%|██▋       | 200/750 [00:26<00:48, 11.33it/s, Materializing param=model.language_model.layers.17.self_attn.v_proj.weight]
Loading weights:  27%|██▋       | 200/750 [00:26<00:48, 11.33it/s, Materializing param=model.language_model.layers.17.self_attn.v_proj.weight]
Loading weights:  27%|██▋       | 201/750 [00:26<00:48, 11.33it/s, Materializing param=model.language_model.layers.18.input_layernorm.weight] 
Loading weights:  27%|██▋       | 201/750 [00:26<00:48, 11.33it/s, Materializing param=model.language_model.layers.18.input_layernorm.weight]
Loading weights:  27%|██▋       | 202/750 [00:26<00:48, 11.33it/s, Materializing param=model.language_model.layers.18.mlp.down_proj.weight]  
Loading weights:  27%|██▋       | 202/750 [00:26<00:48, 11.33it/s, Materializing param=model.language_model.layers.18.mlp.down_proj.weight]
Loading weights:  27%|██▋       | 203/750 [00:26<00:39, 13.70it/s, Materializing param=model.language_model.layers.18.mlp.down_proj.weight]
Loading weights:  27%|██▋       | 203/750 [00:26<00:39, 13.70it/s, Materializing param=model.language_model.layers.18.mlp.gate_proj.weight]
Loading weights:  27%|██▋       | 203/750 [00:26<00:39, 13.70it/s, Materializing param=model.language_model.layers.18.mlp.gate_proj.weight]
Loading weights:  27%|██▋       | 204/750 [00:27<00:39, 13.70it/s, Materializing param=model.language_model.layers.18.mlp.up_proj.weight]  
Loading weights:  27%|██▋       | 204/750 [00:27<00:39, 13.70it/s, Materializing param=model.language_model.layers.18.mlp.up_proj.weight]
Loading weights:  27%|██▋       | 205/750 [00:27<00:58,  9.37it/s, Materializing param=model.language_model.layers.18.mlp.up_proj.weight]
Loading weights:  27%|██▋       | 205/750 [00:27<00:58,  9.37it/s, Materializing param=model.language_model.layers.18.post_attention_layernorm.weight]
Loading weights:  27%|██▋       | 205/750 [00:27<00:58,  9.37it/s, Materializing param=model.language_model.layers.18.post_attention_layernorm.weight]
Loading weights:  27%|██▋       | 206/750 [00:27<00:58,  9.37it/s, Materializing param=model.language_model.layers.18.self_attn.k_norm.weight]        
Loading weights:  27%|██▋       | 206/750 [00:27<00:58,  9.37it/s, Materializing param=model.language_model.layers.18.self_attn.k_norm.weight]
Loading weights:  28%|██▊       | 207/750 [00:27<00:57,  9.37it/s, Materializing param=model.language_model.layers.18.self_attn.k_proj.weight]
Loading weights:  28%|██▊       | 207/750 [00:27<00:57,  9.37it/s, Materializing param=model.language_model.layers.18.self_attn.k_proj.weight]
Loading weights:  28%|██▊       | 208/750 [00:27<00:57,  9.37it/s, Materializing param=model.language_model.layers.18.self_attn.o_proj.weight]
Loading weights:  28%|██▊       | 208/750 [00:27<00:57,  9.37it/s, Materializing param=model.language_model.layers.18.self_attn.o_proj.weight]
Loading weights:  28%|██▊       | 209/750 [00:27<00:41, 12.88it/s, Materializing param=model.language_model.layers.18.self_attn.o_proj.weight]
Loading weights:  28%|██▊       | 209/750 [00:27<00:41, 12.88it/s, Materializing param=model.language_model.layers.18.self_attn.q_norm.weight]
Loading weights:  28%|██▊       | 209/750 [00:27<00:41, 12.88it/s, Materializing param=model.language_model.layers.18.self_attn.q_norm.weight]
Loading weights:  28%|██▊       | 210/750 [00:27<00:41, 12.88it/s, Materializing param=model.language_model.layers.18.self_attn.q_proj.weight]
Loading weights:  28%|██▊       | 210/750 [00:27<00:41, 12.88it/s, Materializing param=model.language_model.layers.18.self_attn.q_proj.weight]
Loading weights:  28%|██▊       | 211/750 [00:27<00:41, 12.88it/s, Materializing param=model.language_model.layers.18.self_attn.v_proj.weight]
Loading weights:  28%|██▊       | 211/750 [00:27<00:41, 12.88it/s, Materializing param=model.language_model.layers.18.self_attn.v_proj.weight]
Loading weights:  28%|██▊       | 212/750 [00:27<00:35, 15.25it/s, Materializing param=model.language_model.layers.18.self_attn.v_proj.weight]
Loading weights:  28%|██▊       | 212/750 [00:27<00:35, 15.25it/s, Materializing param=model.language_model.layers.19.input_layernorm.weight] 
Loading weights:  28%|██▊       | 212/750 [00:27<00:35, 15.25it/s, Materializing param=model.language_model.layers.19.input_layernorm.weight]
Loading weights:  28%|██▊       | 213/750 [00:27<00:35, 15.25it/s, Materializing param=model.language_model.layers.19.mlp.down_proj.weight]  
Loading weights:  28%|██▊       | 213/750 [00:27<00:35, 15.25it/s, Materializing param=model.language_model.layers.19.mlp.down_proj.weight]
Loading weights:  29%|██▊       | 214/750 [00:27<00:35, 15.25it/s, Materializing param=model.language_model.layers.19.mlp.gate_proj.weight]
Loading weights:  29%|██▊       | 214/750 [00:27<00:35, 15.25it/s, Materializing param=model.language_model.layers.19.mlp.gate_proj.weight]
Loading weights:  29%|██▊       | 215/750 [00:28<00:49, 10.72it/s, Materializing param=model.language_model.layers.19.mlp.gate_proj.weight]
Loading weights:  29%|██▊       | 215/750 [00:28<00:49, 10.72it/s, Materializing param=model.language_model.layers.19.mlp.up_proj.weight]  
Loading weights:  29%|██▊       | 215/750 [00:28<00:49, 10.72it/s, Materializing param=model.language_model.layers.19.mlp.up_proj.weight]
Loading weights:  29%|██▉       | 216/750 [00:28<00:49, 10.72it/s, Materializing param=model.language_model.layers.19.post_attention_layernorm.weight]
Loading weights:  29%|██▉       | 216/750 [00:28<00:49, 10.72it/s, Materializing param=model.language_model.layers.19.post_attention_layernorm.weight]
Loading weights:  29%|██▉       | 217/750 [00:28<00:52, 10.09it/s, Materializing param=model.language_model.layers.19.post_attention_layernorm.weight]
Loading weights:  29%|██▉       | 217/750 [00:28<00:52, 10.09it/s, Materializing param=model.language_model.layers.19.self_attn.k_norm.weight]        
Loading weights:  29%|██▉       | 217/750 [00:28<00:52, 10.09it/s, Materializing param=model.language_model.layers.19.self_attn.k_norm.weight]
Loading weights:  29%|██▉       | 218/750 [00:28<00:52, 10.09it/s, Materializing param=model.language_model.layers.19.self_attn.k_proj.weight]
Loading weights:  29%|██▉       | 218/750 [00:28<00:52, 10.09it/s, Materializing param=model.language_model.layers.19.self_attn.k_proj.weight]
Loading weights:  29%|██▉       | 219/750 [00:28<00:52, 10.09it/s, Materializing param=model.language_model.layers.19.self_attn.o_proj.weight]
Loading weights:  29%|██▉       | 219/750 [00:28<00:52, 10.09it/s, Materializing param=model.language_model.layers.19.self_attn.o_proj.weight]
Loading weights:  29%|██▉       | 220/750 [00:28<00:41, 12.67it/s, Materializing param=model.language_model.layers.19.self_attn.o_proj.weight]
Loading weights:  29%|██▉       | 220/750 [00:28<00:41, 12.67it/s, Materializing param=model.language_model.layers.19.self_attn.q_norm.weight]
Loading weights:  29%|██▉       | 220/750 [00:28<00:41, 12.67it/s, Materializing param=model.language_model.layers.19.self_attn.q_norm.weight]
Loading weights:  29%|██▉       | 221/750 [00:28<00:41, 12.67it/s, Materializing param=model.language_model.layers.19.self_attn.q_proj.weight]
Loading weights:  29%|██▉       | 221/750 [00:28<00:41, 12.67it/s, Materializing param=model.language_model.layers.19.self_attn.q_proj.weight]
Loading weights:  30%|██▉       | 222/750 [00:28<00:41, 12.67it/s, Materializing param=model.language_model.layers.19.self_attn.v_proj.weight]
Loading weights:  30%|██▉       | 222/750 [00:28<00:41, 12.67it/s, Materializing param=model.language_model.layers.19.self_attn.v_proj.weight]
Loading weights:  30%|██▉       | 223/750 [00:28<00:34, 15.34it/s, Materializing param=model.language_model.layers.19.self_attn.v_proj.weight]
Loading weights:  30%|██▉       | 223/750 [00:28<00:34, 15.34it/s, Materializing param=model.language_model.layers.20.input_layernorm.weight] 
Loading weights:  30%|██▉       | 223/750 [00:28<00:34, 15.34it/s, Materializing param=model.language_model.layers.20.input_layernorm.weight]
Loading weights:  30%|██▉       | 224/750 [00:28<00:34, 15.34it/s, Materializing param=model.language_model.layers.20.mlp.down_proj.weight]  
Loading weights:  30%|██▉       | 224/750 [00:28<00:34, 15.34it/s, Materializing param=model.language_model.layers.20.mlp.down_proj.weight]
Loading weights:  30%|███       | 225/750 [00:28<00:34, 15.34it/s, Materializing param=model.language_model.layers.20.mlp.gate_proj.weight]
Loading weights:  30%|███       | 225/750 [00:28<00:34, 15.34it/s, Materializing param=model.language_model.layers.20.mlp.gate_proj.weight]
Loading weights:  30%|███       | 226/750 [00:29<00:49, 10.54it/s, Materializing param=model.language_model.layers.20.mlp.gate_proj.weight]
Loading weights:  30%|███       | 226/750 [00:29<00:49, 10.54it/s, Materializing param=model.language_model.layers.20.mlp.up_proj.weight]  
Loading weights:  30%|███       | 226/750 [00:29<00:49, 10.54it/s, Materializing param=model.language_model.layers.20.mlp.up_proj.weight]
Loading weights:  30%|███       | 227/750 [00:29<00:49, 10.54it/s, Materializing param=model.language_model.layers.20.post_attention_layernorm.weight]
Loading weights:  30%|███       | 227/750 [00:29<00:49, 10.54it/s, Materializing param=model.language_model.layers.20.post_attention_layernorm.weight]
Loading weights:  30%|███       | 228/750 [00:29<00:52,  9.91it/s, Materializing param=model.language_model.layers.20.post_attention_layernorm.weight]
Loading weights:  30%|███       | 228/750 [00:29<00:52,  9.91it/s, Materializing param=model.language_model.layers.20.self_attn.k_norm.weight]        
Loading weights:  30%|███       | 228/750 [00:29<00:52,  9.91it/s, Materializing param=model.language_model.layers.20.self_attn.k_norm.weight]
Loading weights:  31%|███       | 229/750 [00:29<00:52,  9.91it/s, Materializing param=model.language_model.layers.20.self_attn.k_proj.weight]
Loading weights:  31%|███       | 229/750 [00:29<00:52,  9.91it/s, Materializing param=model.language_model.layers.20.self_attn.k_proj.weight]
Loading weights:  31%|███       | 230/750 [00:29<00:52,  9.91it/s, Materializing param=model.language_model.layers.20.self_attn.o_proj.weight]
Loading weights:  31%|███       | 230/750 [00:29<00:52,  9.91it/s, Materializing param=model.language_model.layers.20.self_attn.o_proj.weight]
Loading weights:  31%|███       | 231/750 [00:29<00:45, 11.29it/s, Materializing param=model.language_model.layers.20.self_attn.o_proj.weight]
Loading weights:  31%|███       | 231/750 [00:29<00:45, 11.29it/s, Materializing param=model.language_model.layers.20.self_attn.q_norm.weight]
Loading weights:  31%|███       | 231/750 [00:29<00:45, 11.29it/s, Materializing param=model.language_model.layers.20.self_attn.q_norm.weight]
Loading weights:  31%|███       | 232/750 [00:29<00:45, 11.29it/s, Materializing param=model.language_model.layers.20.self_attn.q_proj.weight]
Loading weights:  31%|███       | 232/750 [00:29<00:45, 11.29it/s, Materializing param=model.language_model.layers.20.self_attn.q_proj.weight]
Loading weights:  31%|███       | 233/750 [00:29<00:45, 11.29it/s, Materializing param=model.language_model.layers.20.self_attn.v_proj.weight]
Loading weights:  31%|███       | 233/750 [00:29<00:45, 11.29it/s, Materializing param=model.language_model.layers.20.self_attn.v_proj.weight]
Loading weights:  31%|███       | 234/750 [00:29<00:45, 11.29it/s, Materializing param=model.language_model.layers.21.input_layernorm.weight] 
Loading weights:  31%|███       | 234/750 [00:29<00:45, 11.29it/s, Materializing param=model.language_model.layers.21.input_layernorm.weight]
Loading weights:  31%|███▏      | 235/750 [00:29<00:45, 11.29it/s, Materializing param=model.language_model.layers.21.mlp.down_proj.weight]  
Loading weights:  31%|███▏      | 235/750 [00:29<00:45, 11.29it/s, Materializing param=model.language_model.layers.21.mlp.down_proj.weight]
Loading weights:  31%|███▏      | 236/750 [00:30<00:48, 10.53it/s, Materializing param=model.language_model.layers.21.mlp.down_proj.weight]
Loading weights:  31%|███▏      | 236/750 [00:30<00:48, 10.53it/s, Materializing param=model.language_model.layers.21.mlp.gate_proj.weight]
Loading weights:  31%|███▏      | 236/750 [00:30<00:48, 10.53it/s, Materializing param=model.language_model.layers.21.mlp.gate_proj.weight]
Loading weights:  32%|███▏      | 237/750 [00:30<00:48, 10.53it/s, Materializing param=model.language_model.layers.21.mlp.up_proj.weight]  
Loading weights:  32%|███▏      | 237/750 [00:30<00:48, 10.53it/s, Materializing param=model.language_model.layers.21.mlp.up_proj.weight]
Loading weights:  32%|███▏      | 238/750 [00:30<00:51, 10.00it/s, Materializing param=model.language_model.layers.21.mlp.up_proj.weight]
Loading weights:  32%|███▏      | 238/750 [00:30<00:51, 10.00it/s, Materializing param=model.language_model.layers.21.post_attention_layernorm.weight]
Loading weights:  32%|███▏      | 238/750 [00:30<00:51, 10.00it/s, Materializing param=model.language_model.layers.21.post_attention_layernorm.weight]
Loading weights:  32%|███▏      | 239/750 [00:30<00:51, 10.00it/s, Materializing param=model.language_model.layers.21.self_attn.k_norm.weight]        
Loading weights:  32%|███▏      | 239/750 [00:30<00:51, 10.00it/s, Materializing param=model.language_model.layers.21.self_attn.k_norm.weight]
Loading weights:  32%|███▏      | 240/750 [00:30<00:51, 10.00it/s, Materializing param=model.language_model.layers.21.self_attn.k_proj.weight]
Loading weights:  32%|███▏      | 240/750 [00:30<00:51, 10.00it/s, Materializing param=model.language_model.layers.21.self_attn.k_proj.weight]
Loading weights:  32%|███▏      | 241/750 [00:30<00:50, 10.00it/s, Materializing param=model.language_model.layers.21.self_attn.o_proj.weight]
Loading weights:  32%|███▏      | 241/750 [00:30<00:50, 10.00it/s, Materializing param=model.language_model.layers.21.self_attn.o_proj.weight]
Loading weights:  32%|███▏      | 242/750 [00:30<00:37, 13.64it/s, Materializing param=model.language_model.layers.21.self_attn.o_proj.weight]
Loading weights:  32%|███▏      | 242/750 [00:30<00:37, 13.64it/s, Materializing param=model.language_model.layers.21.self_attn.q_norm.weight]
Loading weights:  32%|███▏      | 242/750 [00:30<00:37, 13.64it/s, Materializing param=model.language_model.layers.21.self_attn.q_norm.weight]
Loading weights:  32%|███▏      | 243/750 [00:30<00:37, 13.64it/s, Materializing param=model.language_model.layers.21.self_attn.q_proj.weight]
Loading weights:  32%|███▏      | 243/750 [00:30<00:37, 13.64it/s, Materializing param=model.language_model.layers.21.self_attn.q_proj.weight]
Loading weights:  33%|███▎      | 244/750 [00:30<00:37, 13.64it/s, Materializing param=model.language_model.layers.21.self_attn.v_proj.weight]
Loading weights:  33%|███▎      | 244/750 [00:30<00:37, 13.64it/s, Materializing param=model.language_model.layers.21.self_attn.v_proj.weight]
Loading weights:  33%|███▎      | 245/750 [00:30<00:31, 16.01it/s, Materializing param=model.language_model.layers.21.self_attn.v_proj.weight]
Loading weights:  33%|███▎      | 245/750 [00:30<00:31, 16.01it/s, Materializing param=model.language_model.layers.22.input_layernorm.weight] 
Loading weights:  33%|███▎      | 245/750 [00:30<00:31, 16.01it/s, Materializing param=model.language_model.layers.22.input_layernorm.weight]
Loading weights:  33%|███▎      | 246/750 [00:30<00:31, 16.01it/s, Materializing param=model.language_model.layers.22.mlp.down_proj.weight]  
Loading weights:  33%|███▎      | 246/750 [00:30<00:31, 16.01it/s, Materializing param=model.language_model.layers.22.mlp.down_proj.weight]
Loading weights:  33%|███▎      | 247/750 [00:30<00:31, 16.01it/s, Materializing param=model.language_model.layers.22.mlp.gate_proj.weight]
Loading weights:  33%|███▎      | 247/750 [00:30<00:31, 16.01it/s, Materializing param=model.language_model.layers.22.mlp.gate_proj.weight]
Loading weights:  33%|███▎      | 248/750 [00:30<00:45, 11.03it/s, Materializing param=model.language_model.layers.22.mlp.gate_proj.weight]
Loading weights:  33%|███▎      | 248/750 [00:30<00:45, 11.03it/s, Materializing param=model.language_model.layers.22.mlp.up_proj.weight]  
Loading weights:  33%|███▎      | 248/750 [00:30<00:45, 11.03it/s, Materializing param=model.language_model.layers.22.mlp.up_proj.weight]
Loading weights:  33%|███▎      | 249/750 [00:31<00:45, 11.03it/s, Materializing param=model.language_model.layers.22.post_attention_layernorm.weight]
Loading weights:  33%|███▎      | 249/750 [00:31<00:45, 11.03it/s, Materializing param=model.language_model.layers.22.post_attention_layernorm.weight]
Loading weights:  33%|███▎      | 250/750 [00:31<00:48, 10.36it/s, Materializing param=model.language_model.layers.22.post_attention_layernorm.weight]
Loading weights:  33%|███▎      | 250/750 [00:31<00:48, 10.36it/s, Materializing param=model.language_model.layers.22.self_attn.k_norm.weight]        
Loading weights:  33%|███▎      | 250/750 [00:31<00:48, 10.36it/s, Materializing param=model.language_model.layers.22.self_attn.k_norm.weight]
Loading weights:  33%|███▎      | 251/750 [00:31<00:48, 10.36it/s, Materializing param=model.language_model.layers.22.self_attn.k_proj.weight]
Loading weights:  33%|███▎      | 251/750 [00:31<00:48, 10.36it/s, Materializing param=model.language_model.layers.22.self_attn.k_proj.weight]
Loading weights:  34%|███▎      | 252/750 [00:31<00:48, 10.36it/s, Materializing param=model.language_model.layers.22.self_attn.o_proj.weight]
Loading weights:  34%|███▎      | 252/750 [00:31<00:48, 10.36it/s, Materializing param=model.language_model.layers.22.self_attn.o_proj.weight]
Loading weights:  34%|███▎      | 253/750 [00:31<00:38, 12.89it/s, Materializing param=model.language_model.layers.22.self_attn.o_proj.weight]
Loading weights:  34%|███▎      | 253/750 [00:31<00:38, 12.89it/s, Materializing param=model.language_model.layers.22.self_attn.q_norm.weight]
Loading weights:  34%|███▎      | 253/750 [00:31<00:38, 12.89it/s, Materializing param=model.language_model.layers.22.self_attn.q_norm.weight]
Loading weights:  34%|███▍      | 254/750 [00:31<00:38, 12.89it/s, Materializing param=model.language_model.layers.22.self_attn.q_proj.weight]
Loading weights:  34%|███▍      | 254/750 [00:31<00:38, 12.89it/s, Materializing param=model.language_model.layers.22.self_attn.q_proj.weight]
Loading weights:  34%|███▍      | 255/750 [00:31<00:38, 12.89it/s, Materializing param=model.language_model.layers.22.self_attn.v_proj.weight]
Loading weights:  34%|███▍      | 255/750 [00:31<00:38, 12.89it/s, Materializing param=model.language_model.layers.22.self_attn.v_proj.weight]
Loading weights:  34%|███▍      | 256/750 [00:31<00:31, 15.64it/s, Materializing param=model.language_model.layers.22.self_attn.v_proj.weight]
Loading weights:  34%|███▍      | 256/750 [00:31<00:31, 15.64it/s, Materializing param=model.language_model.layers.23.input_layernorm.weight] 
Loading weights:  34%|███▍      | 256/750 [00:31<00:31, 15.64it/s, Materializing param=model.language_model.layers.23.input_layernorm.weight]
Loading weights:  34%|███▍      | 257/750 [00:31<00:31, 15.64it/s, Materializing param=model.language_model.layers.23.mlp.down_proj.weight]  
Loading weights:  34%|███▍      | 257/750 [00:31<00:31, 15.64it/s, Materializing param=model.language_model.layers.23.mlp.down_proj.weight]
Loading weights:  34%|███▍      | 258/750 [00:31<00:31, 15.64it/s, Materializing param=model.language_model.layers.23.mlp.gate_proj.weight]
Loading weights:  34%|███▍      | 258/750 [00:31<00:31, 15.64it/s, Materializing param=model.language_model.layers.23.mlp.gate_proj.weight]
Loading weights:  35%|███▍      | 259/750 [00:31<00:46, 10.64it/s, Materializing param=model.language_model.layers.23.mlp.gate_proj.weight]
Loading weights:  35%|███▍      | 259/750 [00:31<00:46, 10.64it/s, Materializing param=model.language_model.layers.23.mlp.up_proj.weight]  
Loading weights:  35%|███▍      | 259/750 [00:31<00:46, 10.64it/s, Materializing param=model.language_model.layers.23.mlp.up_proj.weight]
Loading weights:  35%|███▍      | 260/750 [00:32<00:46, 10.64it/s, Materializing param=model.language_model.layers.23.post_attention_layernorm.weight]
Loading weights:  35%|███▍      | 260/750 [00:32<00:46, 10.64it/s, Materializing param=model.language_model.layers.23.post_attention_layernorm.weight]
Loading weights:  35%|███▍      | 261/750 [00:32<00:49,  9.97it/s, Materializing param=model.language_model.layers.23.post_attention_layernorm.weight]
Loading weights:  35%|███▍      | 261/750 [00:32<00:49,  9.97it/s, Materializing param=model.language_model.layers.23.self_attn.k_norm.weight]        
Loading weights:  35%|███▍      | 261/750 [00:32<00:49,  9.97it/s, Materializing param=model.language_model.layers.23.self_attn.k_norm.weight]
Loading weights:  35%|███▍      | 262/750 [00:32<00:48,  9.97it/s, Materializing param=model.language_model.layers.23.self_attn.k_proj.weight]
Loading weights:  35%|███▍      | 262/750 [00:32<00:48,  9.97it/s, Materializing param=model.language_model.layers.23.self_attn.k_proj.weight]
Loading weights:  35%|███▌      | 263/750 [00:32<00:48,  9.97it/s, Materializing param=model.language_model.layers.23.self_attn.o_proj.weight]
Loading weights:  35%|███▌      | 263/750 [00:32<00:48,  9.97it/s, Materializing param=model.language_model.layers.23.self_attn.o_proj.weight]
Loading weights:  35%|███▌      | 264/750 [00:32<00:38, 12.75it/s, Materializing param=model.language_model.layers.23.self_attn.o_proj.weight]
Loading weights:  35%|███▌      | 264/750 [00:32<00:38, 12.75it/s, Materializing param=model.language_model.layers.23.self_attn.q_norm.weight]
Loading weights:  35%|███▌      | 264/750 [00:32<00:38, 12.75it/s, Materializing param=model.language_model.layers.23.self_attn.q_norm.weight]
Loading weights:  35%|███▌      | 265/750 [00:32<00:38, 12.75it/s, Materializing param=model.language_model.layers.23.self_attn.q_proj.weight]
Loading weights:  35%|███▌      | 265/750 [00:32<00:38, 12.75it/s, Materializing param=model.language_model.layers.23.self_attn.q_proj.weight]
Loading weights:  35%|███▌      | 266/750 [00:32<00:37, 12.75it/s, Materializing param=model.language_model.layers.23.self_attn.v_proj.weight]
Loading weights:  35%|███▌      | 266/750 [00:32<00:37, 12.75it/s, Materializing param=model.language_model.layers.23.self_attn.v_proj.weight]
Loading weights:  36%|███▌      | 267/750 [00:32<00:37, 12.75it/s, Materializing param=model.language_model.layers.24.input_layernorm.weight] 
Loading weights:  36%|███▌      | 267/750 [00:32<00:37, 12.75it/s, Materializing param=model.language_model.layers.24.input_layernorm.weight]
Loading weights:  36%|███▌      | 268/750 [00:32<00:27, 17.24it/s, Materializing param=model.language_model.layers.24.input_layernorm.weight]
Loading weights:  36%|███▌      | 268/750 [00:32<00:27, 17.24it/s, Materializing param=model.language_model.layers.24.mlp.down_proj.weight]  
Loading weights:  36%|███▌      | 268/750 [00:32<00:27, 17.24it/s, Materializing param=model.language_model.layers.24.mlp.down_proj.weight]
Loading weights:  36%|███▌      | 269/750 [00:32<00:27, 17.24it/s, Materializing param=model.language_model.layers.24.mlp.gate_proj.weight]
Loading weights:  36%|███▌      | 269/750 [00:32<00:27, 17.24it/s, Materializing param=model.language_model.layers.24.mlp.gate_proj.weight]
Loading weights:  36%|███▌      | 270/750 [00:32<00:27, 17.24it/s, Materializing param=model.language_model.layers.24.mlp.up_proj.weight]  
Loading weights:  36%|███▌      | 270/750 [00:32<00:27, 17.24it/s, Materializing param=model.language_model.layers.24.mlp.up_proj.weight]
Loading weights:  36%|███▌      | 271/750 [00:33<00:52,  9.05it/s, Materializing param=model.language_model.layers.24.mlp.up_proj.weight]
Loading weights:  36%|███▌      | 271/750 [00:33<00:52,  9.05it/s, Materializing param=model.language_model.layers.24.post_attention_layernorm.weight]
Loading weights:  36%|███▌      | 271/750 [00:33<00:52,  9.05it/s, Materializing param=model.language_model.layers.24.post_attention_layernorm.weight]
Loading weights:  36%|███▋      | 272/750 [00:33<00:52,  9.05it/s, Materializing param=model.language_model.layers.24.self_attn.k_norm.weight]        
Loading weights:  36%|███▋      | 272/750 [00:33<00:52,  9.05it/s, Materializing param=model.language_model.layers.24.self_attn.k_norm.weight]
Loading weights:  36%|███▋      | 273/750 [00:33<00:52,  9.05it/s, Materializing param=model.language_model.layers.24.self_attn.k_proj.weight]
Loading weights:  36%|███▋      | 273/750 [00:33<00:52,  9.05it/s, Materializing param=model.language_model.layers.24.self_attn.k_proj.weight]
Loading weights:  37%|███▋      | 274/750 [00:33<00:52,  9.05it/s, Materializing param=model.language_model.layers.24.self_attn.o_proj.weight]
Loading weights:  37%|███▋      | 274/750 [00:33<00:52,  9.05it/s, Materializing param=model.language_model.layers.24.self_attn.o_proj.weight]
Loading weights:  37%|███▋      | 275/750 [00:33<00:38, 12.44it/s, Materializing param=model.language_model.layers.24.self_attn.o_proj.weight]
Loading weights:  37%|███▋      | 275/750 [00:33<00:38, 12.44it/s, Materializing param=model.language_model.layers.24.self_attn.q_norm.weight]
Loading weights:  37%|███▋      | 275/750 [00:33<00:38, 12.44it/s, Materializing param=model.language_model.layers.24.self_attn.q_norm.weight]
Loading weights:  37%|███▋      | 276/750 [00:33<00:38, 12.44it/s, Materializing param=model.language_model.layers.24.self_attn.q_proj.weight]
Loading weights:  37%|███▋      | 276/750 [00:33<00:38, 12.44it/s, Materializing param=model.language_model.layers.24.self_attn.q_proj.weight]
Loading weights:  37%|███▋      | 277/750 [00:33<00:38, 12.44it/s, Materializing param=model.language_model.layers.24.self_attn.v_proj.weight]
Loading weights:  37%|███▋      | 277/750 [00:33<00:38, 12.44it/s, Materializing param=model.language_model.layers.24.self_attn.v_proj.weight]
Loading weights:  37%|███▋      | 278/750 [00:33<00:31, 14.83it/s, Materializing param=model.language_model.layers.24.self_attn.v_proj.weight]
Loading weights:  37%|███▋      | 278/750 [00:33<00:31, 14.83it/s, Materializing param=model.language_model.layers.25.input_layernorm.weight] 
Loading weights:  37%|███▋      | 278/750 [00:33<00:31, 14.83it/s, Materializing param=model.language_model.layers.25.input_layernorm.weight]
Loading weights:  37%|███▋      | 279/750 [00:33<00:31, 14.83it/s, Materializing param=model.language_model.layers.25.mlp.down_proj.weight]  
Loading weights:  37%|███▋      | 279/750 [00:33<00:31, 14.83it/s, Materializing param=model.language_model.layers.25.mlp.down_proj.weight]
Loading weights:  37%|███▋      | 280/750 [00:33<00:31, 14.83it/s, Materializing param=model.language_model.layers.25.mlp.gate_proj.weight]
Loading weights:  37%|███▋      | 280/750 [00:33<00:31, 14.83it/s, Materializing param=model.language_model.layers.25.mlp.gate_proj.weight]
Loading weights:  37%|███▋      | 281/750 [00:33<00:43, 10.66it/s, Materializing param=model.language_model.layers.25.mlp.gate_proj.weight]
Loading weights:  37%|███▋      | 281/750 [00:33<00:43, 10.66it/s, Materializing param=model.language_model.layers.25.mlp.up_proj.weight]  
Loading weights:  37%|███▋      | 281/750 [00:33<00:43, 10.66it/s, Materializing param=model.language_model.layers.25.mlp.up_proj.weight]
Loading weights:  38%|███▊      | 282/750 [00:33<00:43, 10.66it/s, Materializing param=model.language_model.layers.25.post_attention_layernorm.weight]
Loading weights:  38%|███▊      | 282/750 [00:33<00:43, 10.66it/s, Materializing param=model.language_model.layers.25.post_attention_layernorm.weight]
Loading weights:  38%|███▊      | 283/750 [00:33<00:43, 10.66it/s, Materializing param=model.language_model.layers.25.self_attn.k_norm.weight]        
Loading weights:  38%|███▊      | 283/750 [00:33<00:43, 10.66it/s, Materializing param=model.language_model.layers.25.self_attn.k_norm.weight]
Loading weights:  38%|███▊      | 284/750 [00:33<00:41, 11.12it/s, Materializing param=model.language_model.layers.25.self_attn.k_norm.weight]
Loading weights:  38%|███▊      | 284/750 [00:33<00:41, 11.12it/s, Materializing param=model.language_model.layers.25.self_attn.k_proj.weight]
Loading weights:  38%|███▊      | 284/750 [00:33<00:41, 11.12it/s, Materializing param=model.language_model.layers.25.self_attn.k_proj.weight]
Loading weights:  38%|███▊      | 285/750 [00:33<00:41, 11.12it/s, Materializing param=model.language_model.layers.25.self_attn.o_proj.weight]
Loading weights:  38%|███▊      | 285/750 [00:33<00:41, 11.12it/s, Materializing param=model.language_model.layers.25.self_attn.o_proj.weight]
Loading weights:  38%|███▊      | 286/750 [00:34<00:42, 11.04it/s, Materializing param=model.language_model.layers.25.self_attn.o_proj.weight]
Loading weights:  38%|███▊      | 286/750 [00:34<00:42, 11.04it/s, Materializing param=model.language_model.layers.25.self_attn.q_norm.weight]
Loading weights:  38%|███▊      | 286/750 [00:34<00:42, 11.04it/s, Materializing param=model.language_model.layers.25.self_attn.q_norm.weight]
Loading weights:  38%|███▊      | 287/750 [00:34<00:41, 11.04it/s, Materializing param=model.language_model.layers.25.self_attn.q_proj.weight]
Loading weights:  38%|███▊      | 287/750 [00:34<00:41, 11.04it/s, Materializing param=model.language_model.layers.25.self_attn.q_proj.weight]
Loading weights:  38%|███▊      | 288/750 [00:34<00:41, 11.04it/s, Materializing param=model.language_model.layers.25.self_attn.v_proj.weight]
Loading weights:  38%|███▊      | 288/750 [00:34<00:41, 11.04it/s, Materializing param=model.language_model.layers.25.self_attn.v_proj.weight]
Loading weights:  39%|███▊      | 289/750 [00:34<00:41, 11.04it/s, Materializing param=model.language_model.layers.26.input_layernorm.weight] 
Loading weights:  39%|███▊      | 289/750 [00:34<00:41, 11.04it/s, Materializing param=model.language_model.layers.26.input_layernorm.weight]
Loading weights:  39%|███▊      | 290/750 [00:34<00:41, 11.04it/s, Materializing param=model.language_model.layers.26.mlp.down_proj.weight]  
Loading weights:  39%|███▊      | 290/750 [00:34<00:41, 11.04it/s, Materializing param=model.language_model.layers.26.mlp.down_proj.weight]
Loading weights:  39%|███▉      | 291/750 [00:34<00:33, 13.56it/s, Materializing param=model.language_model.layers.26.mlp.down_proj.weight]
Loading weights:  39%|███▉      | 291/750 [00:34<00:33, 13.56it/s, Materializing param=model.language_model.layers.26.mlp.gate_proj.weight]
Loading weights:  39%|███▉      | 291/750 [00:34<00:33, 13.56it/s, Materializing param=model.language_model.layers.26.mlp.gate_proj.weight]
Loading weights:  39%|███▉      | 292/750 [00:34<00:33, 13.56it/s, Materializing param=model.language_model.layers.26.mlp.up_proj.weight]  
Loading weights:  39%|███▉      | 292/750 [00:34<00:33, 13.56it/s, Materializing param=model.language_model.layers.26.mlp.up_proj.weight]
Loading weights:  39%|███▉      | 293/750 [00:34<00:49,  9.26it/s, Materializing param=model.language_model.layers.26.mlp.up_proj.weight]
Loading weights:  39%|███▉      | 293/750 [00:34<00:49,  9.26it/s, Materializing param=model.language_model.layers.26.post_attention_layernorm.weight]
Loading weights:  39%|███▉      | 293/750 [00:34<00:49,  9.26it/s, Materializing param=model.language_model.layers.26.post_attention_layernorm.weight]
Loading weights:  39%|███▉      | 294/750 [00:34<00:49,  9.26it/s, Materializing param=model.language_model.layers.26.self_attn.k_norm.weight]        
Loading weights:  39%|███▉      | 294/750 [00:34<00:49,  9.26it/s, Materializing param=model.language_model.layers.26.self_attn.k_norm.weight]
Loading weights:  39%|███▉      | 295/750 [00:34<00:49,  9.26it/s, Materializing param=model.language_model.layers.26.self_attn.k_proj.weight]
Loading weights:  39%|███▉      | 295/750 [00:34<00:49,  9.26it/s, Materializing param=model.language_model.layers.26.self_attn.k_proj.weight]
Loading weights:  39%|███▉      | 296/750 [00:34<00:49,  9.26it/s, Materializing param=model.language_model.layers.26.self_attn.o_proj.weight]
Loading weights:  39%|███▉      | 296/750 [00:34<00:49,  9.26it/s, Materializing param=model.language_model.layers.26.self_attn.o_proj.weight]
Loading weights:  40%|███▉      | 297/750 [00:35<00:35, 12.74it/s, Materializing param=model.language_model.layers.26.self_attn.o_proj.weight]
Loading weights:  40%|███▉      | 297/750 [00:35<00:35, 12.74it/s, Materializing param=model.language_model.layers.26.self_attn.q_norm.weight]
Loading weights:  40%|███▉      | 297/750 [00:35<00:35, 12.74it/s, Materializing param=model.language_model.layers.26.self_attn.q_norm.weight]
Loading weights:  40%|███▉      | 298/750 [00:35<00:35, 12.74it/s, Materializing param=model.language_model.layers.26.self_attn.q_proj.weight]
Loading weights:  40%|███▉      | 298/750 [00:35<00:35, 12.74it/s, Materializing param=model.language_model.layers.26.self_attn.q_proj.weight]
Loading weights:  40%|███▉      | 299/750 [00:35<00:35, 12.74it/s, Materializing param=model.language_model.layers.26.self_attn.v_proj.weight]
Loading weights:  40%|███▉      | 299/750 [00:35<00:35, 12.74it/s, Materializing param=model.language_model.layers.26.self_attn.v_proj.weight]
Loading weights:  40%|████      | 300/750 [00:35<00:29, 15.04it/s, Materializing param=model.language_model.layers.26.self_attn.v_proj.weight]
Loading weights:  40%|████      | 300/750 [00:35<00:29, 15.04it/s, Materializing param=model.language_model.layers.27.input_layernorm.weight] 
Loading weights:  40%|████      | 300/750 [00:35<00:29, 15.04it/s, Materializing param=model.language_model.layers.27.input_layernorm.weight]
Loading weights:  40%|████      | 301/750 [00:35<00:29, 15.04it/s, Materializing param=model.language_model.layers.27.mlp.down_proj.weight]  
Loading weights:  40%|████      | 301/750 [00:35<00:29, 15.04it/s, Materializing param=model.language_model.layers.27.mlp.down_proj.weight]
Loading weights:  40%|████      | 302/750 [00:35<00:29, 15.04it/s, Materializing param=model.language_model.layers.27.mlp.gate_proj.weight]
Loading weights:  40%|████      | 302/750 [00:35<00:29, 15.04it/s, Materializing param=model.language_model.layers.27.mlp.gate_proj.weight]
Loading weights:  40%|████      | 303/750 [00:35<00:42, 10.62it/s, Materializing param=model.language_model.layers.27.mlp.gate_proj.weight]
Loading weights:  40%|████      | 303/750 [00:35<00:42, 10.62it/s, Materializing param=model.language_model.layers.27.mlp.up_proj.weight]  
Loading weights:  40%|████      | 303/750 [00:35<00:42, 10.62it/s, Materializing param=model.language_model.layers.27.mlp.up_proj.weight]
Loading weights:  41%|████      | 304/750 [00:35<00:42, 10.62it/s, Materializing param=model.language_model.layers.27.post_attention_layernorm.weight]
Loading weights:  41%|████      | 304/750 [00:35<00:42, 10.62it/s, Materializing param=model.language_model.layers.27.post_attention_layernorm.weight]
Loading weights:  41%|████      | 305/750 [00:35<00:44, 10.04it/s, Materializing param=model.language_model.layers.27.post_attention_layernorm.weight]
Loading weights:  41%|████      | 305/750 [00:35<00:44, 10.04it/s, Materializing param=model.language_model.layers.27.self_attn.k_norm.weight]        
Loading weights:  41%|████      | 305/750 [00:35<00:44, 10.04it/s, Materializing param=model.language_model.layers.27.self_attn.k_norm.weight]
Loading weights:  41%|████      | 306/750 [00:35<00:44, 10.04it/s, Materializing param=model.language_model.layers.27.self_attn.k_proj.weight]
Loading weights:  41%|████      | 306/750 [00:35<00:44, 10.04it/s, Materializing param=model.language_model.layers.27.self_attn.k_proj.weight]
Loading weights:  41%|████      | 307/750 [00:35<00:44, 10.04it/s, Materializing param=model.language_model.layers.27.self_attn.o_proj.weight]
Loading weights:  41%|████      | 307/750 [00:35<00:44, 10.04it/s, Materializing param=model.language_model.layers.27.self_attn.o_proj.weight]
Loading weights:  41%|████      | 308/750 [00:35<00:34, 12.67it/s, Materializing param=model.language_model.layers.27.self_attn.o_proj.weight]
Loading weights:  41%|████      | 308/750 [00:35<00:34, 12.67it/s, Materializing param=model.language_model.layers.27.self_attn.q_norm.weight]
Loading weights:  41%|████      | 308/750 [00:35<00:34, 12.67it/s, Materializing param=model.language_model.layers.27.self_attn.q_norm.weight]
Loading weights:  41%|████      | 309/750 [00:35<00:34, 12.67it/s, Materializing param=model.language_model.layers.27.self_attn.q_proj.weight]
Loading weights:  41%|████      | 309/750 [00:35<00:34, 12.67it/s, Materializing param=model.language_model.layers.27.self_attn.q_proj.weight]
Loading weights:  41%|████▏     | 310/750 [00:36<00:34, 12.67it/s, Materializing param=model.language_model.layers.27.self_attn.v_proj.weight]
Loading weights:  41%|████▏     | 310/750 [00:36<00:34, 12.67it/s, Materializing param=model.language_model.layers.27.self_attn.v_proj.weight]
Loading weights:  41%|████▏     | 311/750 [00:36<00:28, 15.33it/s, Materializing param=model.language_model.layers.27.self_attn.v_proj.weight]
Loading weights:  41%|████▏     | 311/750 [00:36<00:28, 15.33it/s, Materializing param=model.language_model.layers.28.input_layernorm.weight] 
Loading weights:  41%|████▏     | 311/750 [00:36<00:28, 15.33it/s, Materializing param=model.language_model.layers.28.input_layernorm.weight]
Loading weights:  42%|████▏     | 312/750 [00:36<00:28, 15.33it/s, Materializing param=model.language_model.layers.28.mlp.down_proj.weight]  
Loading weights:  42%|████▏     | 312/750 [00:36<00:28, 15.33it/s, Materializing param=model.language_model.layers.28.mlp.down_proj.weight]
Loading weights:  42%|████▏     | 313/750 [00:36<00:28, 15.33it/s, Materializing param=model.language_model.layers.28.mlp.gate_proj.weight]
Loading weights:  42%|████▏     | 313/750 [00:36<00:28, 15.33it/s, Materializing param=model.language_model.layers.28.mlp.gate_proj.weight]
Loading weights:  42%|████▏     | 314/750 [00:36<00:41, 10.54it/s, Materializing param=model.language_model.layers.28.mlp.gate_proj.weight]
Loading weights:  42%|████▏     | 314/750 [00:36<00:41, 10.54it/s, Materializing param=model.language_model.layers.28.mlp.up_proj.weight]  
Loading weights:  42%|████▏     | 314/750 [00:36<00:41, 10.54it/s, Materializing param=model.language_model.layers.28.mlp.up_proj.weight]
Loading weights:  42%|████▏     | 315/750 [00:36<00:41, 10.54it/s, Materializing param=model.language_model.layers.28.post_attention_layernorm.weight]
Loading weights:  42%|████▏     | 315/750 [00:36<00:41, 10.54it/s, Materializing param=model.language_model.layers.28.post_attention_layernorm.weight]
Loading weights:  42%|████▏     | 316/750 [00:36<00:43,  9.92it/s, Materializing param=model.language_model.layers.28.post_attention_layernorm.weight]
Loading weights:  42%|████▏     | 316/750 [00:36<00:43,  9.92it/s, Materializing param=model.language_model.layers.28.self_attn.k_norm.weight]        
Loading weights:  42%|████▏     | 316/750 [00:36<00:43,  9.92it/s, Materializing param=model.language_model.layers.28.self_attn.k_norm.weight]
Loading weights:  42%|████▏     | 317/750 [00:36<00:43,  9.92it/s, Materializing param=model.language_model.layers.28.self_attn.k_proj.weight]
Loading weights:  42%|████▏     | 317/750 [00:36<00:43,  9.92it/s, Materializing param=model.language_model.layers.28.self_attn.k_proj.weight]
Loading weights:  42%|████▏     | 318/750 [00:36<00:43,  9.92it/s, Materializing param=model.language_model.layers.28.self_attn.o_proj.weight]
Loading weights:  42%|████▏     | 318/750 [00:36<00:43,  9.92it/s, Materializing param=model.language_model.layers.28.self_attn.o_proj.weight]
Loading weights:  43%|████▎     | 319/750 [00:36<00:34, 12.63it/s, Materializing param=model.language_model.layers.28.self_attn.o_proj.weight]
Loading weights:  43%|████▎     | 319/750 [00:36<00:34, 12.63it/s, Materializing param=model.language_model.layers.28.self_attn.q_norm.weight]
Loading weights:  43%|████▎     | 319/750 [00:36<00:34, 12.63it/s, Materializing param=model.language_model.layers.28.self_attn.q_norm.weight]
Loading weights:  43%|████▎     | 320/750 [00:36<00:34, 12.63it/s, Materializing param=model.language_model.layers.28.self_attn.q_proj.weight]
Loading weights:  43%|████▎     | 320/750 [00:36<00:34, 12.63it/s, Materializing param=model.language_model.layers.28.self_attn.q_proj.weight]
Loading weights:  43%|████▎     | 321/750 [00:36<00:33, 12.63it/s, Materializing param=model.language_model.layers.28.self_attn.v_proj.weight]
Loading weights:  43%|████▎     | 321/750 [00:36<00:33, 12.63it/s, Materializing param=model.language_model.layers.28.self_attn.v_proj.weight]
Loading weights:  43%|████▎     | 322/750 [00:36<00:27, 15.37it/s, Materializing param=model.language_model.layers.28.self_attn.v_proj.weight]
Loading weights:  43%|████▎     | 322/750 [00:36<00:27, 15.37it/s, Materializing param=model.language_model.layers.29.input_layernorm.weight] 
Loading weights:  43%|████▎     | 322/750 [00:36<00:27, 15.37it/s, Materializing param=model.language_model.layers.29.input_layernorm.weight]
Loading weights:  43%|████▎     | 323/750 [00:36<00:27, 15.37it/s, Materializing param=model.language_model.layers.29.mlp.down_proj.weight]  
Loading weights:  43%|████▎     | 323/750 [00:36<00:27, 15.37it/s, Materializing param=model.language_model.layers.29.mlp.down_proj.weight]
Loading weights:  43%|████▎     | 324/750 [00:37<00:27, 15.37it/s, Materializing param=model.language_model.layers.29.mlp.gate_proj.weight]
Loading weights:  43%|████▎     | 324/750 [00:37<00:27, 15.37it/s, Materializing param=model.language_model.layers.29.mlp.gate_proj.weight]
Loading weights:  43%|████▎     | 325/750 [00:37<00:40, 10.51it/s, Materializing param=model.language_model.layers.29.mlp.gate_proj.weight]
Loading weights:  43%|████▎     | 325/750 [00:37<00:40, 10.51it/s, Materializing param=model.language_model.layers.29.mlp.up_proj.weight]  
Loading weights:  43%|████▎     | 325/750 [00:37<00:40, 10.51it/s, Materializing param=model.language_model.layers.29.mlp.up_proj.weight]
Loading weights:  43%|████▎     | 326/750 [00:37<00:40, 10.51it/s, Materializing param=model.language_model.layers.29.post_attention_layernorm.weight]
Loading weights:  43%|████▎     | 326/750 [00:37<00:40, 10.51it/s, Materializing param=model.language_model.layers.29.post_attention_layernorm.weight]
Loading weights:  44%|████▎     | 327/750 [00:37<00:42,  9.90it/s, Materializing param=model.language_model.layers.29.post_attention_layernorm.weight]
Loading weights:  44%|████▎     | 327/750 [00:37<00:42,  9.90it/s, Materializing param=model.language_model.layers.29.self_attn.k_norm.weight]        
Loading weights:  44%|████▎     | 327/750 [00:37<00:42,  9.90it/s, Materializing param=model.language_model.layers.29.self_attn.k_norm.weight]
Loading weights:  44%|████▎     | 328/750 [00:37<00:42,  9.90it/s, Materializing param=model.language_model.layers.29.self_attn.k_proj.weight]
Loading weights:  44%|████▎     | 328/750 [00:37<00:42,  9.90it/s, Materializing param=model.language_model.layers.29.self_attn.k_proj.weight]
Loading weights:  44%|████▍     | 329/750 [00:37<00:42,  9.90it/s, Materializing param=model.language_model.layers.29.self_attn.o_proj.weight]
Loading weights:  44%|████▍     | 329/750 [00:37<00:42,  9.90it/s, Materializing param=model.language_model.layers.29.self_attn.o_proj.weight]
Loading weights:  44%|████▍     | 330/750 [00:37<00:33, 12.61it/s, Materializing param=model.language_model.layers.29.self_attn.o_proj.weight]
Loading weights:  44%|████▍     | 330/750 [00:37<00:33, 12.61it/s, Materializing param=model.language_model.layers.29.self_attn.q_norm.weight]
Loading weights:  44%|████▍     | 330/750 [00:37<00:33, 12.61it/s, Materializing param=model.language_model.layers.29.self_attn.q_norm.weight]
Loading weights:  44%|████▍     | 331/750 [00:37<00:33, 12.61it/s, Materializing param=model.language_model.layers.29.self_attn.q_proj.weight]
Loading weights:  44%|████▍     | 331/750 [00:37<00:33, 12.61it/s, Materializing param=model.language_model.layers.29.self_attn.q_proj.weight]
Loading weights:  44%|████▍     | 332/750 [00:37<00:33, 12.61it/s, Materializing param=model.language_model.layers.29.self_attn.v_proj.weight]
Loading weights:  44%|████▍     | 332/750 [00:37<00:33, 12.61it/s, Materializing param=model.language_model.layers.29.self_attn.v_proj.weight]
Loading weights:  44%|████▍     | 333/750 [00:37<00:27, 15.37it/s, Materializing param=model.language_model.layers.29.self_attn.v_proj.weight]
Loading weights:  44%|████▍     | 333/750 [00:37<00:27, 15.37it/s, Materializing param=model.language_model.layers.30.input_layernorm.weight] 
Loading weights:  44%|████▍     | 333/750 [00:37<00:27, 15.37it/s, Materializing param=model.language_model.layers.30.input_layernorm.weight]
Loading weights:  45%|████▍     | 334/750 [00:38<00:27, 15.37it/s, Materializing param=model.language_model.layers.30.mlp.down_proj.weight]  
Loading weights:  45%|████▍     | 334/750 [00:38<00:27, 15.37it/s, Materializing param=model.language_model.layers.30.mlp.down_proj.weight]
Loading weights:  45%|████▍     | 335/750 [00:38<00:27, 15.37it/s, Materializing param=model.language_model.layers.30.mlp.gate_proj.weight]
Loading weights:  45%|████▍     | 335/750 [00:38<00:27, 15.37it/s, Materializing param=model.language_model.layers.30.mlp.gate_proj.weight]
Loading weights:  45%|████▍     | 336/750 [00:38<00:39, 10.43it/s, Materializing param=model.language_model.layers.30.mlp.gate_proj.weight]
Loading weights:  45%|████▍     | 336/750 [00:38<00:39, 10.43it/s, Materializing param=model.language_model.layers.30.mlp.up_proj.weight]  
Loading weights:  45%|████▍     | 336/750 [00:38<00:39, 10.43it/s, Materializing param=model.language_model.layers.30.mlp.up_proj.weight]
Loading weights:  45%|████▍     | 337/750 [00:38<00:39, 10.43it/s, Materializing param=model.language_model.layers.30.post_attention_layernorm.weight]
Loading weights:  45%|████▍     | 337/750 [00:38<00:39, 10.43it/s, Materializing param=model.language_model.layers.30.post_attention_layernorm.weight]
Loading weights:  45%|████▌     | 338/750 [00:38<00:41,  9.84it/s, Materializing param=model.language_model.layers.30.post_attention_layernorm.weight]
Loading weights:  45%|████▌     | 338/750 [00:38<00:41,  9.84it/s, Materializing param=model.language_model.layers.30.self_attn.k_norm.weight]        
Loading weights:  45%|████▌     | 338/750 [00:38<00:41,  9.84it/s, Materializing param=model.language_model.layers.30.self_attn.k_norm.weight]
Loading weights:  45%|████▌     | 339/750 [00:38<00:41,  9.84it/s, Materializing param=model.language_model.layers.30.self_attn.k_proj.weight]
Loading weights:  45%|████▌     | 339/750 [00:38<00:41,  9.84it/s, Materializing param=model.language_model.layers.30.self_attn.k_proj.weight]
Loading weights:  45%|████▌     | 340/750 [00:38<00:41,  9.84it/s, Materializing param=model.language_model.layers.30.self_attn.o_proj.weight]
Loading weights:  45%|████▌     | 340/750 [00:38<00:41,  9.84it/s, Materializing param=model.language_model.layers.30.self_attn.o_proj.weight]
Loading weights:  45%|████▌     | 341/750 [00:38<00:32, 12.58it/s, Materializing param=model.language_model.layers.30.self_attn.o_proj.weight]
Loading weights:  45%|████▌     | 341/750 [00:38<00:32, 12.58it/s, Materializing param=model.language_model.layers.30.self_attn.q_norm.weight]
Loading weights:  45%|████▌     | 341/750 [00:38<00:32, 12.58it/s, Materializing param=model.language_model.layers.30.self_attn.q_norm.weight]
Loading weights:  46%|████▌     | 342/750 [00:38<00:32, 12.58it/s, Materializing param=model.language_model.layers.30.self_attn.q_proj.weight]
Loading weights:  46%|████▌     | 342/750 [00:38<00:32, 12.58it/s, Materializing param=model.language_model.layers.30.self_attn.q_proj.weight]
Loading weights:  46%|████▌     | 343/750 [00:38<00:32, 12.58it/s, Materializing param=model.language_model.layers.30.self_attn.v_proj.weight]
Loading weights:  46%|████▌     | 343/750 [00:38<00:32, 12.58it/s, Materializing param=model.language_model.layers.30.self_attn.v_proj.weight]
Loading weights:  46%|████▌     | 344/750 [00:38<00:26, 15.29it/s, Materializing param=model.language_model.layers.30.self_attn.v_proj.weight]
Loading weights:  46%|████▌     | 344/750 [00:38<00:26, 15.29it/s, Materializing param=model.language_model.layers.31.input_layernorm.weight] 
Loading weights:  46%|████▌     | 344/750 [00:38<00:26, 15.29it/s, Materializing param=model.language_model.layers.31.input_layernorm.weight]
Loading weights:  46%|████▌     | 345/750 [00:38<00:26, 15.29it/s, Materializing param=model.language_model.layers.31.mlp.down_proj.weight]  
Loading weights:  46%|████▌     | 345/750 [00:38<00:26, 15.29it/s, Materializing param=model.language_model.layers.31.mlp.down_proj.weight]
Loading weights:  46%|████▌     | 346/750 [00:39<00:26, 15.29it/s, Materializing param=model.language_model.layers.31.mlp.gate_proj.weight]
Loading weights:  46%|████▌     | 346/750 [00:39<00:26, 15.29it/s, Materializing param=model.language_model.layers.31.mlp.gate_proj.weight]
Loading weights:  46%|████▋     | 347/750 [00:39<00:38, 10.43it/s, Materializing param=model.language_model.layers.31.mlp.gate_proj.weight]
Loading weights:  46%|████▋     | 347/750 [00:39<00:38, 10.43it/s, Materializing param=model.language_model.layers.31.mlp.up_proj.weight]  
Loading weights:  46%|████▋     | 347/750 [00:39<00:38, 10.43it/s, Materializing param=model.language_model.layers.31.mlp.up_proj.weight]
Loading weights:  46%|████▋     | 348/750 [00:39<00:38, 10.43it/s, Materializing param=model.language_model.layers.31.post_attention_layernorm.weight]
Loading weights:  46%|████▋     | 348/750 [00:39<00:38, 10.43it/s, Materializing param=model.language_model.layers.31.post_attention_layernorm.weight]
Loading weights:  47%|████▋     | 349/750 [00:39<00:40,  9.84it/s, Materializing param=model.language_model.layers.31.post_attention_layernorm.weight]
Loading weights:  47%|████▋     | 349/750 [00:39<00:40,  9.84it/s, Materializing param=model.language_model.layers.31.self_attn.k_norm.weight]        
Loading weights:  47%|████▋     | 349/750 [00:39<00:40,  9.84it/s, Materializing param=model.language_model.layers.31.self_attn.k_norm.weight]
Loading weights:  47%|████▋     | 350/750 [00:39<00:40,  9.84it/s, Materializing param=model.language_model.layers.31.self_attn.k_proj.weight]
Loading weights:  47%|████▋     | 350/750 [00:39<00:40,  9.84it/s, Materializing param=model.language_model.layers.31.self_attn.k_proj.weight]
Loading weights:  47%|████▋     | 351/750 [00:39<00:40,  9.84it/s, Materializing param=model.language_model.layers.31.self_attn.o_proj.weight]
Loading weights:  47%|████▋     | 351/750 [00:39<00:40,  9.84it/s, Materializing param=model.language_model.layers.31.self_attn.o_proj.weight]
Loading weights:  47%|████▋     | 352/750 [00:39<00:31, 12.54it/s, Materializing param=model.language_model.layers.31.self_attn.o_proj.weight]
Loading weights:  47%|████▋     | 352/750 [00:39<00:31, 12.54it/s, Materializing param=model.language_model.layers.31.self_attn.q_norm.weight]
Loading weights:  47%|████▋     | 352/750 [00:39<00:31, 12.54it/s, Materializing param=model.language_model.layers.31.self_attn.q_norm.weight]
Loading weights:  47%|████▋     | 353/750 [00:39<00:31, 12.54it/s, Materializing param=model.language_model.layers.31.self_attn.q_proj.weight]
Loading weights:  47%|████▋     | 353/750 [00:39<00:31, 12.54it/s, Materializing param=model.language_model.layers.31.self_attn.q_proj.weight]
Loading weights:  47%|████▋     | 354/750 [00:39<00:31, 12.54it/s, Materializing param=model.language_model.layers.31.self_attn.v_proj.weight]
Loading weights:  47%|████▋     | 354/750 [00:39<00:31, 12.54it/s, Materializing param=model.language_model.layers.31.self_attn.v_proj.weight]
Loading weights:  47%|████▋     | 355/750 [00:39<00:25, 15.26it/s, Materializing param=model.language_model.layers.31.self_attn.v_proj.weight]
Loading weights:  47%|████▋     | 355/750 [00:39<00:25, 15.26it/s, Materializing param=model.language_model.layers.32.input_layernorm.weight] 
Loading weights:  47%|████▋     | 355/750 [00:39<00:25, 15.26it/s, Materializing param=model.language_model.layers.32.input_layernorm.weight]
Loading weights:  47%|████▋     | 356/750 [00:39<00:25, 15.26it/s, Materializing param=model.language_model.layers.32.mlp.down_proj.weight]  
Loading weights:  47%|████▋     | 356/750 [00:39<00:25, 15.26it/s, Materializing param=model.language_model.layers.32.mlp.down_proj.weight]
Loading weights:  48%|████▊     | 357/750 [00:40<00:25, 15.26it/s, Materializing param=model.language_model.layers.32.mlp.gate_proj.weight]
Loading weights:  48%|████▊     | 357/750 [00:40<00:25, 15.26it/s, Materializing param=model.language_model.layers.32.mlp.gate_proj.weight]
Loading weights:  48%|████▊     | 358/750 [00:40<00:37, 10.46it/s, Materializing param=model.language_model.layers.32.mlp.gate_proj.weight]
Loading weights:  48%|████▊     | 358/750 [00:40<00:37, 10.46it/s, Materializing param=model.language_model.layers.32.mlp.up_proj.weight]  
Loading weights:  48%|████▊     | 358/750 [00:40<00:37, 10.46it/s, Materializing param=model.language_model.layers.32.mlp.up_proj.weight]
Loading weights:  48%|████▊     | 359/750 [00:40<00:37, 10.46it/s, Materializing param=model.language_model.layers.32.post_attention_layernorm.weight]
Loading weights:  48%|████▊     | 359/750 [00:40<00:37, 10.46it/s, Materializing param=model.language_model.layers.32.post_attention_layernorm.weight]
Loading weights:  48%|████▊     | 360/750 [00:40<00:39,  9.89it/s, Materializing param=model.language_model.layers.32.post_attention_layernorm.weight]
Loading weights:  48%|████▊     | 360/750 [00:40<00:39,  9.89it/s, Materializing param=model.language_model.layers.32.self_attn.k_norm.weight]        
Loading weights:  48%|████▊     | 360/750 [00:40<00:39,  9.89it/s, Materializing param=model.language_model.layers.32.self_attn.k_norm.weight]
Loading weights:  48%|████▊     | 361/750 [00:40<00:39,  9.89it/s, Materializing param=model.language_model.layers.32.self_attn.k_proj.weight]
Loading weights:  48%|████▊     | 361/750 [00:40<00:39,  9.89it/s, Materializing param=model.language_model.layers.32.self_attn.k_proj.weight]
Loading weights:  48%|████▊     | 362/750 [00:40<00:39,  9.89it/s, Materializing param=model.language_model.layers.32.self_attn.o_proj.weight]
Loading weights:  48%|████▊     | 362/750 [00:40<00:39,  9.89it/s, Materializing param=model.language_model.layers.32.self_attn.o_proj.weight]
Loading weights:  48%|████▊     | 363/750 [00:40<00:30, 12.62it/s, Materializing param=model.language_model.layers.32.self_attn.o_proj.weight]
Loading weights:  48%|████▊     | 363/750 [00:40<00:30, 12.62it/s, Materializing param=model.language_model.layers.32.self_attn.q_norm.weight]
Loading weights:  48%|████▊     | 363/750 [00:40<00:30, 12.62it/s, Materializing param=model.language_model.layers.32.self_attn.q_norm.weight]
Loading weights:  49%|████▊     | 364/750 [00:40<00:30, 12.62it/s, Materializing param=model.language_model.layers.32.self_attn.q_proj.weight]
Loading weights:  49%|████▊     | 364/750 [00:40<00:30, 12.62it/s, Materializing param=model.language_model.layers.32.self_attn.q_proj.weight]
Loading weights:  49%|████▊     | 365/750 [00:40<00:30, 12.62it/s, Materializing param=model.language_model.layers.32.self_attn.v_proj.weight]
Loading weights:  49%|████▊     | 365/750 [00:40<00:30, 12.62it/s, Materializing param=model.language_model.layers.32.self_attn.v_proj.weight]
Loading weights:  49%|████▉     | 366/750 [00:40<00:24, 15.39it/s, Materializing param=model.language_model.layers.32.self_attn.v_proj.weight]
Loading weights:  49%|████▉     | 366/750 [00:40<00:24, 15.39it/s, Materializing param=model.language_model.layers.33.input_layernorm.weight] 
Loading weights:  49%|████▉     | 366/750 [00:40<00:24, 15.39it/s, Materializing param=model.language_model.layers.33.input_layernorm.weight]
Loading weights:  49%|████▉     | 367/750 [00:40<00:24, 15.39it/s, Materializing param=model.language_model.layers.33.mlp.down_proj.weight]  
Loading weights:  49%|████▉     | 367/750 [00:40<00:24, 15.39it/s, Materializing param=model.language_model.layers.33.mlp.down_proj.weight]
Loading weights:  49%|████▉     | 368/750 [00:40<00:24, 15.39it/s, Materializing param=model.language_model.layers.33.mlp.gate_proj.weight]
Loading weights:  49%|████▉     | 368/750 [00:40<00:24, 15.39it/s, Materializing param=model.language_model.layers.33.mlp.gate_proj.weight]
Loading weights:  49%|████▉     | 369/750 [00:41<00:36, 10.53it/s, Materializing param=model.language_model.layers.33.mlp.gate_proj.weight]
Loading weights:  49%|████▉     | 369/750 [00:41<00:36, 10.53it/s, Materializing param=model.language_model.layers.33.mlp.up_proj.weight]  
Loading weights:  49%|████▉     | 369/750 [00:41<00:36, 10.53it/s, Materializing param=model.language_model.layers.33.mlp.up_proj.weight]
Loading weights:  49%|████▉     | 370/750 [00:41<00:36, 10.53it/s, Materializing param=model.language_model.layers.33.post_attention_layernorm.weight]
Loading weights:  49%|████▉     | 370/750 [00:41<00:36, 10.53it/s, Materializing param=model.language_model.layers.33.post_attention_layernorm.weight]
Loading weights:  49%|████▉     | 371/750 [00:41<00:38,  9.91it/s, Materializing param=model.language_model.layers.33.post_attention_layernorm.weight]
Loading weights:  49%|████▉     | 371/750 [00:41<00:38,  9.91it/s, Materializing param=model.language_model.layers.33.self_attn.k_norm.weight]        
Loading weights:  49%|████▉     | 371/750 [00:41<00:38,  9.91it/s, Materializing param=model.language_model.layers.33.self_attn.k_norm.weight]
Loading weights:  50%|████▉     | 372/750 [00:41<00:38,  9.91it/s, Materializing param=model.language_model.layers.33.self_attn.k_proj.weight]
Loading weights:  50%|████▉     | 372/750 [00:41<00:38,  9.91it/s, Materializing param=model.language_model.layers.33.self_attn.k_proj.weight]
Loading weights:  50%|████▉     | 373/750 [00:41<00:38,  9.91it/s, Materializing param=model.language_model.layers.33.self_attn.o_proj.weight]
Loading weights:  50%|████▉     | 373/750 [00:41<00:38,  9.91it/s, Materializing param=model.language_model.layers.33.self_attn.o_proj.weight]
Loading weights:  50%|████▉     | 374/750 [00:41<00:29, 12.64it/s, Materializing param=model.language_model.layers.33.self_attn.o_proj.weight]
Loading weights:  50%|████▉     | 374/750 [00:41<00:29, 12.64it/s, Materializing param=model.language_model.layers.33.self_attn.q_norm.weight]
Loading weights:  50%|████▉     | 374/750 [00:41<00:29, 12.64it/s, Materializing param=model.language_model.layers.33.self_attn.q_norm.weight]
Loading weights:  50%|█████     | 375/750 [00:41<00:29, 12.64it/s, Materializing param=model.language_model.layers.33.self_attn.q_proj.weight]
Loading weights:  50%|█████     | 375/750 [00:41<00:29, 12.64it/s, Materializing param=model.language_model.layers.33.self_attn.q_proj.weight]
Loading weights:  50%|█████     | 376/750 [00:41<00:29, 12.64it/s, Materializing param=model.language_model.layers.33.self_attn.v_proj.weight]
Loading weights:  50%|█████     | 376/750 [00:41<00:29, 12.64it/s, Materializing param=model.language_model.layers.33.self_attn.v_proj.weight]
Loading weights:  50%|█████     | 377/750 [00:41<00:24, 15.43it/s, Materializing param=model.language_model.layers.33.self_attn.v_proj.weight]
Loading weights:  50%|█████     | 377/750 [00:41<00:24, 15.43it/s, Materializing param=model.language_model.layers.34.input_layernorm.weight] 
Loading weights:  50%|█████     | 377/750 [00:41<00:24, 15.43it/s, Materializing param=model.language_model.layers.34.input_layernorm.weight]
Loading weights:  50%|█████     | 378/750 [00:41<00:24, 15.43it/s, Materializing param=model.language_model.layers.34.mlp.down_proj.weight]  
Loading weights:  50%|█████     | 378/750 [00:41<00:24, 15.43it/s, Materializing param=model.language_model.layers.34.mlp.down_proj.weight]
Loading weights:  51%|█████     | 379/750 [00:41<00:24, 15.43it/s, Materializing param=model.language_model.layers.34.mlp.gate_proj.weight]
Loading weights:  51%|█████     | 379/750 [00:41<00:24, 15.43it/s, Materializing param=model.language_model.layers.34.mlp.gate_proj.weight]
Loading weights:  51%|█████     | 380/750 [00:42<00:35, 10.54it/s, Materializing param=model.language_model.layers.34.mlp.gate_proj.weight]
Loading weights:  51%|█████     | 380/750 [00:42<00:35, 10.54it/s, Materializing param=model.language_model.layers.34.mlp.up_proj.weight]  
Loading weights:  51%|█████     | 380/750 [00:42<00:35, 10.54it/s, Materializing param=model.language_model.layers.34.mlp.up_proj.weight]
Loading weights:  51%|█████     | 381/750 [00:42<00:35, 10.54it/s, Materializing param=model.language_model.layers.34.post_attention_layernorm.weight]
Loading weights:  51%|█████     | 381/750 [00:42<00:35, 10.54it/s, Materializing param=model.language_model.layers.34.post_attention_layernorm.weight]
Loading weights:  51%|█████     | 382/750 [00:42<00:37,  9.91it/s, Materializing param=model.language_model.layers.34.post_attention_layernorm.weight]
Loading weights:  51%|█████     | 382/750 [00:42<00:37,  9.91it/s, Materializing param=model.language_model.layers.34.self_attn.k_norm.weight]        
Loading weights:  51%|█████     | 382/750 [00:42<00:37,  9.91it/s, Materializing param=model.language_model.layers.34.self_attn.k_norm.weight]
Loading weights:  51%|█████     | 383/750 [00:42<00:37,  9.91it/s, Materializing param=model.language_model.layers.34.self_attn.k_proj.weight]
Loading weights:  51%|█████     | 383/750 [00:42<00:37,  9.91it/s, Materializing param=model.language_model.layers.34.self_attn.k_proj.weight]
Loading weights:  51%|█████     | 384/750 [00:42<00:36,  9.91it/s, Materializing param=model.language_model.layers.34.self_attn.o_proj.weight]
Loading weights:  51%|█████     | 384/750 [00:42<00:36,  9.91it/s, Materializing param=model.language_model.layers.34.self_attn.o_proj.weight]
Loading weights:  51%|█████▏    | 385/750 [00:42<00:28, 12.65it/s, Materializing param=model.language_model.layers.34.self_attn.o_proj.weight]
Loading weights:  51%|█████▏    | 385/750 [00:42<00:28, 12.65it/s, Materializing param=model.language_model.layers.34.self_attn.q_norm.weight]
Loading weights:  51%|█████▏    | 385/750 [00:42<00:28, 12.65it/s, Materializing param=model.language_model.layers.34.self_attn.q_norm.weight]
Loading weights:  51%|█████▏    | 386/750 [00:42<00:28, 12.65it/s, Materializing param=model.language_model.layers.34.self_attn.q_proj.weight]
Loading weights:  51%|█████▏    | 386/750 [00:42<00:28, 12.65it/s, Materializing param=model.language_model.layers.34.self_attn.q_proj.weight]
Loading weights:  52%|█████▏    | 387/750 [00:42<00:28, 12.65it/s, Materializing param=model.language_model.layers.34.self_attn.v_proj.weight]
Loading weights:  52%|█████▏    | 387/750 [00:42<00:28, 12.65it/s, Materializing param=model.language_model.layers.34.self_attn.v_proj.weight]
Loading weights:  52%|█████▏    | 388/750 [00:42<00:23, 15.51it/s, Materializing param=model.language_model.layers.34.self_attn.v_proj.weight]
Loading weights:  52%|█████▏    | 388/750 [00:42<00:23, 15.51it/s, Materializing param=model.language_model.layers.35.input_layernorm.weight] 
Loading weights:  52%|█████▏    | 388/750 [00:42<00:23, 15.51it/s, Materializing param=model.language_model.layers.35.input_layernorm.weight]
Loading weights:  52%|█████▏    | 389/750 [00:42<00:23, 15.51it/s, Materializing param=model.language_model.layers.35.mlp.down_proj.weight]  
Loading weights:  52%|█████▏    | 389/750 [00:42<00:23, 15.51it/s, Materializing param=model.language_model.layers.35.mlp.down_proj.weight]
Loading weights:  52%|█████▏    | 390/750 [00:42<00:23, 15.51it/s, Materializing param=model.language_model.layers.35.mlp.gate_proj.weight]
Loading weights:  52%|█████▏    | 390/750 [00:42<00:23, 15.51it/s, Materializing param=model.language_model.layers.35.mlp.gate_proj.weight]
Loading weights:  52%|█████▏    | 391/750 [00:43<00:34, 10.55it/s, Materializing param=model.language_model.layers.35.mlp.gate_proj.weight]
Loading weights:  52%|█████▏    | 391/750 [00:43<00:34, 10.55it/s, Materializing param=model.language_model.layers.35.mlp.up_proj.weight]  
Loading weights:  52%|█████▏    | 391/750 [00:43<00:34, 10.55it/s, Materializing param=model.language_model.layers.35.mlp.up_proj.weight]
Loading weights:  52%|█████▏    | 392/750 [00:43<00:33, 10.55it/s, Materializing param=model.language_model.layers.35.post_attention_layernorm.weight]
Loading weights:  52%|█████▏    | 392/750 [00:43<00:33, 10.55it/s, Materializing param=model.language_model.layers.35.post_attention_layernorm.weight]
Loading weights:  52%|█████▏    | 393/750 [00:43<00:36,  9.91it/s, Materializing param=model.language_model.layers.35.post_attention_layernorm.weight]
Loading weights:  52%|█████▏    | 393/750 [00:43<00:36,  9.91it/s, Materializing param=model.language_model.layers.35.self_attn.k_norm.weight]        
Loading weights:  52%|█████▏    | 393/750 [00:43<00:36,  9.91it/s, Materializing param=model.language_model.layers.35.self_attn.k_norm.weight]
Loading weights:  53%|█████▎    | 394/750 [00:43<00:35,  9.91it/s, Materializing param=model.language_model.layers.35.self_attn.k_proj.weight]
Loading weights:  53%|█████▎    | 394/750 [00:43<00:35,  9.91it/s, Materializing param=model.language_model.layers.35.self_attn.k_proj.weight]
Loading weights:  53%|█████▎    | 395/750 [00:43<00:35,  9.91it/s, Materializing param=model.language_model.layers.35.self_attn.o_proj.weight]
Loading weights:  53%|█████▎    | 395/750 [00:43<00:35,  9.91it/s, Materializing param=model.language_model.layers.35.self_attn.o_proj.weight]
Loading weights:  53%|█████▎    | 396/750 [00:43<00:27, 12.68it/s, Materializing param=model.language_model.layers.35.self_attn.o_proj.weight]
Loading weights:  53%|█████▎    | 396/750 [00:43<00:27, 12.68it/s, Materializing param=model.language_model.layers.35.self_attn.q_norm.weight]
Loading weights:  53%|█████▎    | 396/750 [00:43<00:27, 12.68it/s, Materializing param=model.language_model.layers.35.self_attn.q_norm.weight]
Loading weights:  53%|█████▎    | 397/750 [00:43<00:27, 12.68it/s, Materializing param=model.language_model.layers.35.self_attn.q_proj.weight]
Loading weights:  53%|█████▎    | 397/750 [00:43<00:27, 12.68it/s, Materializing param=model.language_model.layers.35.self_attn.q_proj.weight]
Loading weights:  53%|█████▎    | 398/750 [00:43<00:27, 12.68it/s, Materializing param=model.language_model.layers.35.self_attn.v_proj.weight]
Loading weights:  53%|█████▎    | 398/750 [00:43<00:27, 12.68it/s, Materializing param=model.language_model.layers.35.self_attn.v_proj.weight]
Loading weights:  53%|█████▎    | 399/750 [00:43<00:27, 12.68it/s, Materializing param=model.language_model.norm.weight]                      
Loading weights:  53%|█████▎    | 399/750 [00:43<00:27, 12.68it/s, Materializing param=model.language_model.norm.weight]
Loading weights:  53%|█████▎    | 400/750 [00:43<00:20, 17.21it/s, Materializing param=model.language_model.norm.weight]
Loading weights:  53%|█████▎    | 400/750 [00:43<00:20, 17.21it/s, Materializing param=model.visual.blocks.0.attn.proj.bias]
Loading weights:  53%|█████▎    | 400/750 [00:43<00:20, 17.21it/s, Materializing param=model.visual.blocks.0.attn.proj.bias]
Loading weights:  53%|█████▎    | 401/750 [00:43<00:20, 17.21it/s, Materializing param=model.visual.blocks.0.attn.proj.weight]
Loading weights:  53%|█████▎    | 401/750 [00:43<00:20, 17.21it/s, Materializing param=model.visual.blocks.0.attn.proj.weight]
Loading weights:  54%|█████▎    | 402/750 [00:43<00:20, 17.21it/s, Materializing param=model.visual.blocks.0.attn.qkv.bias]   
Loading weights:  54%|█████▎    | 402/750 [00:43<00:20, 17.21it/s, Materializing param=model.visual.blocks.0.attn.qkv.bias]
Loading weights:  54%|█████▎    | 403/750 [00:43<00:20, 17.21it/s, Materializing param=model.visual.blocks.0.attn.qkv.weight]
Loading weights:  54%|█████▎    | 403/750 [00:43<00:20, 17.21it/s, Materializing param=model.visual.blocks.0.attn.qkv.weight]
Loading weights:  54%|█████▍    | 404/750 [00:43<00:20, 17.21it/s, Materializing param=model.visual.blocks.0.mlp.linear_fc1.bias]
Loading weights:  54%|█████▍    | 404/750 [00:43<00:20, 17.21it/s, Materializing param=model.visual.blocks.0.mlp.linear_fc1.bias]
Loading weights:  54%|█████▍    | 405/750 [00:43<00:20, 17.21it/s, Materializing param=model.visual.blocks.0.mlp.linear_fc1.weight]
Loading weights:  54%|█████▍    | 405/750 [00:43<00:20, 17.21it/s, Materializing param=model.visual.blocks.0.mlp.linear_fc1.weight]
Loading weights:  54%|█████▍    | 406/750 [00:43<00:19, 17.21it/s, Materializing param=model.visual.blocks.0.mlp.linear_fc2.bias]  
Loading weights:  54%|█████▍    | 406/750 [00:43<00:19, 17.21it/s, Materializing param=model.visual.blocks.0.mlp.linear_fc2.bias]
Loading weights:  54%|█████▍    | 407/750 [00:43<00:19, 17.21it/s, Materializing param=model.visual.blocks.0.mlp.linear_fc2.weight]
Loading weights:  54%|█████▍    | 407/750 [00:43<00:19, 17.21it/s, Materializing param=model.visual.blocks.0.mlp.linear_fc2.weight]
Loading weights:  54%|█████▍    | 408/750 [00:43<00:19, 17.21it/s, Materializing param=model.visual.blocks.0.norm1.bias]           
Loading weights:  54%|█████▍    | 408/750 [00:43<00:19, 17.21it/s, Materializing param=model.visual.blocks.0.norm1.bias]
Loading weights:  55%|█████▍    | 409/750 [00:43<00:19, 17.21it/s, Materializing param=model.visual.blocks.0.norm1.weight]
Loading weights:  55%|█████▍    | 409/750 [00:43<00:19, 17.21it/s, Materializing param=model.visual.blocks.0.norm1.weight]
Loading weights:  55%|█████▍    | 410/750 [00:43<00:19, 17.21it/s, Materializing param=model.visual.blocks.0.norm2.bias]  
Loading weights:  55%|█████▍    | 410/750 [00:43<00:19, 17.21it/s, Materializing param=model.visual.blocks.0.norm2.bias]
Loading weights:  55%|█████▍    | 411/750 [00:43<00:19, 17.21it/s, Materializing param=model.visual.blocks.0.norm2.weight]
Loading weights:  55%|█████▍    | 411/750 [00:43<00:19, 17.21it/s, Materializing param=model.visual.blocks.0.norm2.weight]
Loading weights:  55%|█████▍    | 412/750 [00:43<00:19, 17.21it/s, Materializing param=model.visual.blocks.1.attn.proj.bias]
Loading weights:  55%|█████▍    | 412/750 [00:43<00:19, 17.21it/s, Materializing param=model.visual.blocks.1.attn.proj.bias]
Loading weights:  55%|█████▌    | 413/750 [00:43<00:19, 17.21it/s, Materializing param=model.visual.blocks.1.attn.proj.weight]
Loading weights:  55%|█████▌    | 413/750 [00:43<00:19, 17.21it/s, Materializing param=model.visual.blocks.1.attn.proj.weight]
Loading weights:  55%|█████▌    | 414/750 [00:43<00:08, 40.19it/s, Materializing param=model.visual.blocks.1.attn.proj.weight]
Loading weights:  55%|█████▌    | 414/750 [00:43<00:08, 40.19it/s, Materializing param=model.visual.blocks.1.attn.qkv.bias]   
Loading weights:  55%|█████▌    | 414/750 [00:43<00:08, 40.19it/s, Materializing param=model.visual.blocks.1.attn.qkv.bias]
Loading weights:  55%|█████▌    | 415/750 [00:43<00:08, 40.19it/s, Materializing param=model.visual.blocks.1.attn.qkv.weight]
Loading weights:  55%|█████▌    | 415/750 [00:43<00:08, 40.19it/s, Materializing param=model.visual.blocks.1.attn.qkv.weight]
Loading weights:  55%|█████▌    | 416/750 [00:43<00:08, 40.19it/s, Materializing param=model.visual.blocks.1.mlp.linear_fc1.bias]
Loading weights:  55%|█████▌    | 416/750 [00:43<00:08, 40.19it/s, Materializing param=model.visual.blocks.1.mlp.linear_fc1.bias]
Loading weights:  56%|█████▌    | 417/750 [00:43<00:08, 40.19it/s, Materializing param=model.visual.blocks.1.mlp.linear_fc1.weight]
Loading weights:  56%|█████▌    | 417/750 [00:43<00:08, 40.19it/s, Materializing param=model.visual.blocks.1.mlp.linear_fc1.weight]
Loading weights:  56%|█████▌    | 418/750 [00:43<00:08, 40.19it/s, Materializing param=model.visual.blocks.1.mlp.linear_fc2.bias]  
Loading weights:  56%|█████▌    | 418/750 [00:43<00:08, 40.19it/s, Materializing param=model.visual.blocks.1.mlp.linear_fc2.bias]
Loading weights:  56%|█████▌    | 419/750 [00:43<00:08, 40.19it/s, Materializing param=model.visual.blocks.1.mlp.linear_fc2.weight]
Loading weights:  56%|█████▌    | 419/750 [00:43<00:08, 40.19it/s, Materializing param=model.visual.blocks.1.mlp.linear_fc2.weight]
Loading weights:  56%|█████▌    | 420/750 [00:43<00:08, 40.19it/s, Materializing param=model.visual.blocks.1.norm1.bias]           
Loading weights:  56%|█████▌    | 420/750 [00:43<00:08, 40.19it/s, Materializing param=model.visual.blocks.1.norm1.bias]
Loading weights:  56%|█████▌    | 421/750 [00:43<00:08, 40.19it/s, Materializing param=model.visual.blocks.1.norm1.weight]
Loading weights:  56%|█████▌    | 421/750 [00:43<00:08, 40.19it/s, Materializing param=model.visual.blocks.1.norm1.weight]
Loading weights:  56%|█████▋    | 422/750 [00:43<00:08, 40.19it/s, Materializing param=model.visual.blocks.1.norm2.bias]  
Loading weights:  56%|█████▋    | 422/750 [00:43<00:08, 40.19it/s, Materializing param=model.visual.blocks.1.norm2.bias]
Loading weights:  56%|█████▋    | 423/750 [00:43<00:08, 40.19it/s, Materializing param=model.visual.blocks.1.norm2.weight]
Loading weights:  56%|█████▋    | 423/750 [00:43<00:08, 40.19it/s, Materializing param=model.visual.blocks.1.norm2.weight]
Loading weights:  57%|█████▋    | 424/750 [00:43<00:08, 40.19it/s, Materializing param=model.visual.blocks.2.attn.proj.bias]
Loading weights:  57%|█████▋    | 424/750 [00:43<00:08, 40.19it/s, Materializing param=model.visual.blocks.2.attn.proj.bias]
Loading weights:  57%|█████▋    | 425/750 [00:43<00:08, 40.19it/s, Materializing param=model.visual.blocks.2.attn.proj.weight]
Loading weights:  57%|█████▋    | 425/750 [00:43<00:08, 40.19it/s, Materializing param=model.visual.blocks.2.attn.proj.weight]
Loading weights:  57%|█████▋    | 426/750 [00:43<00:08, 40.19it/s, Materializing param=model.visual.blocks.2.attn.qkv.bias]   
Loading weights:  57%|█████▋    | 426/750 [00:43<00:08, 40.19it/s, Materializing param=model.visual.blocks.2.attn.qkv.bias]
Loading weights:  57%|█████▋    | 427/750 [00:43<00:08, 40.19it/s, Materializing param=model.visual.blocks.2.attn.qkv.weight]
Loading weights:  57%|█████▋    | 427/750 [00:43<00:08, 40.19it/s, Materializing param=model.visual.blocks.2.attn.qkv.weight]
Loading weights:  57%|█████▋    | 428/750 [00:43<00:08, 40.19it/s, Materializing param=model.visual.blocks.2.mlp.linear_fc1.bias]
Loading weights:  57%|█████▋    | 428/750 [00:43<00:08, 40.19it/s, Materializing param=model.visual.blocks.2.mlp.linear_fc1.bias]
Loading weights:  57%|█████▋    | 429/750 [00:43<00:07, 40.19it/s, Materializing param=model.visual.blocks.2.mlp.linear_fc1.weight]
Loading weights:  57%|█████▋    | 429/750 [00:43<00:07, 40.19it/s, Materializing param=model.visual.blocks.2.mlp.linear_fc1.weight]
Loading weights:  57%|█████▋    | 430/750 [00:43<00:05, 63.95it/s, Materializing param=model.visual.blocks.2.mlp.linear_fc1.weight]
Loading weights:  57%|█████▋    | 430/750 [00:43<00:05, 63.95it/s, Materializing param=model.visual.blocks.2.mlp.linear_fc2.bias]  
Loading weights:  57%|█████▋    | 430/750 [00:43<00:05, 63.95it/s, Materializing param=model.visual.blocks.2.mlp.linear_fc2.bias]
Loading weights:  57%|█████▋    | 431/750 [00:43<00:04, 63.95it/s, Materializing param=model.visual.blocks.2.mlp.linear_fc2.weight]
Loading weights:  57%|█████▋    | 431/750 [00:43<00:04, 63.95it/s, Materializing param=model.visual.blocks.2.mlp.linear_fc2.weight]
Loading weights:  58%|█████▊    | 432/750 [00:43<00:04, 63.95it/s, Materializing param=model.visual.blocks.2.norm1.bias]           
Loading weights:  58%|█████▊    | 432/750 [00:43<00:04, 63.95it/s, Materializing param=model.visual.blocks.2.norm1.bias]
Loading weights:  58%|█████▊    | 433/750 [00:43<00:04, 63.95it/s, Materializing param=model.visual.blocks.2.norm1.weight]
Loading weights:  58%|█████▊    | 433/750 [00:43<00:04, 63.95it/s, Materializing param=model.visual.blocks.2.norm1.weight]
Loading weights:  58%|█████▊    | 434/750 [00:43<00:04, 63.95it/s, Materializing param=model.visual.blocks.2.norm2.bias]  
Loading weights:  58%|█████▊    | 434/750 [00:43<00:04, 63.95it/s, Materializing param=model.visual.blocks.2.norm2.bias]
Loading weights:  58%|█████▊    | 435/750 [00:43<00:04, 63.95it/s, Materializing param=model.visual.blocks.2.norm2.weight]
Loading weights:  58%|█████▊    | 435/750 [00:43<00:04, 63.95it/s, Materializing param=model.visual.blocks.2.norm2.weight]
Loading weights:  58%|█████▊    | 436/750 [00:43<00:04, 63.95it/s, Materializing param=model.visual.blocks.3.attn.proj.bias]
Loading weights:  58%|█████▊    | 436/750 [00:43<00:04, 63.95it/s, Materializing param=model.visual.blocks.3.attn.proj.bias]
Loading weights:  58%|█████▊    | 437/750 [00:43<00:04, 63.95it/s, Materializing param=model.visual.blocks.3.attn.proj.weight]
Loading weights:  58%|█████▊    | 437/750 [00:43<00:04, 63.95it/s, Materializing param=model.visual.blocks.3.attn.proj.weight]
Loading weights:  58%|█████▊    | 438/750 [00:43<00:04, 63.95it/s, Materializing param=model.visual.blocks.3.attn.qkv.bias]   
Loading weights:  58%|█████▊    | 438/750 [00:43<00:04, 63.95it/s, Materializing param=model.visual.blocks.3.attn.qkv.bias]
Loading weights:  59%|█████▊    | 439/750 [00:43<00:04, 63.95it/s, Materializing param=model.visual.blocks.3.attn.qkv.weight]
Loading weights:  59%|█████▊    | 439/750 [00:43<00:04, 63.95it/s, Materializing param=model.visual.blocks.3.attn.qkv.weight]
Loading weights:  59%|█████▊    | 440/750 [00:43<00:04, 63.95it/s, Materializing param=model.visual.blocks.3.mlp.linear_fc1.bias]
Loading weights:  59%|█████▊    | 440/750 [00:43<00:04, 63.95it/s, Materializing param=model.visual.blocks.3.mlp.linear_fc1.bias]
Loading weights:  59%|█████▉    | 441/750 [00:43<00:04, 63.95it/s, Materializing param=model.visual.blocks.3.mlp.linear_fc1.weight]
Loading weights:  59%|█████▉    | 441/750 [00:43<00:04, 63.95it/s, Materializing param=model.visual.blocks.3.mlp.linear_fc1.weight]
Loading weights:  59%|█████▉    | 442/750 [00:43<00:04, 63.95it/s, Materializing param=model.visual.blocks.3.mlp.linear_fc2.bias]  
Loading weights:  59%|█████▉    | 442/750 [00:43<00:04, 63.95it/s, Materializing param=model.visual.blocks.3.mlp.linear_fc2.bias]
Loading weights:  59%|█████▉    | 443/750 [00:43<00:04, 63.95it/s, Materializing param=model.visual.blocks.3.mlp.linear_fc2.weight]
Loading weights:  59%|█████▉    | 443/750 [00:43<00:04, 63.95it/s, Materializing param=model.visual.blocks.3.mlp.linear_fc2.weight]
Loading weights:  59%|█████▉    | 444/750 [00:43<00:03, 79.84it/s, Materializing param=model.visual.blocks.3.mlp.linear_fc2.weight]
Loading weights:  59%|█████▉    | 444/750 [00:43<00:03, 79.84it/s, Materializing param=model.visual.blocks.3.norm1.bias]           
Loading weights:  59%|█████▉    | 444/750 [00:43<00:03, 79.84it/s, Materializing param=model.visual.blocks.3.norm1.bias]
Loading weights:  59%|█████▉    | 445/750 [00:43<00:03, 79.84it/s, Materializing param=model.visual.blocks.3.norm1.weight]
Loading weights:  59%|█████▉    | 445/750 [00:43<00:03, 79.84it/s, Materializing param=model.visual.blocks.3.norm1.weight]
Loading weights:  59%|█████▉    | 446/750 [00:43<00:03, 79.84it/s, Materializing param=model.visual.blocks.3.norm2.bias]  
Loading weights:  59%|█████▉    | 446/750 [00:43<00:03, 79.84it/s, Materializing param=model.visual.blocks.3.norm2.bias]
Loading weights:  60%|█████▉    | 447/750 [00:43<00:03, 79.84it/s, Materializing param=model.visual.blocks.3.norm2.weight]
Loading weights:  60%|█████▉    | 447/750 [00:43<00:03, 79.84it/s, Materializing param=model.visual.blocks.3.norm2.weight]
Loading weights:  60%|█████▉    | 448/750 [00:43<00:03, 79.84it/s, Materializing param=model.visual.blocks.4.attn.proj.bias]
Loading weights:  60%|█████▉    | 448/750 [00:43<00:03, 79.84it/s, Materializing param=model.visual.blocks.4.attn.proj.bias]
Loading weights:  60%|█████▉    | 449/750 [00:43<00:03, 79.84it/s, Materializing param=model.visual.blocks.4.attn.proj.weight]
Loading weights:  60%|█████▉    | 449/750 [00:43<00:03, 79.84it/s, Materializing param=model.visual.blocks.4.attn.proj.weight]
Loading weights:  60%|██████    | 450/750 [00:43<00:03, 79.84it/s, Materializing param=model.visual.blocks.4.attn.qkv.bias]   
Loading weights:  60%|██████    | 450/750 [00:43<00:03, 79.84it/s, Materializing param=model.visual.blocks.4.attn.qkv.bias]
Loading weights:  60%|██████    | 451/750 [00:43<00:03, 79.84it/s, Materializing param=model.visual.blocks.4.attn.qkv.weight]
Loading weights:  60%|██████    | 451/750 [00:43<00:03, 79.84it/s, Materializing param=model.visual.blocks.4.attn.qkv.weight]
Loading weights:  60%|██████    | 452/750 [00:43<00:03, 79.84it/s, Materializing param=model.visual.blocks.4.mlp.linear_fc1.bias]
Loading weights:  60%|██████    | 452/750 [00:43<00:03, 79.84it/s, Materializing param=model.visual.blocks.4.mlp.linear_fc1.bias]
Loading weights:  60%|██████    | 453/750 [00:43<00:03, 79.84it/s, Materializing param=model.visual.blocks.4.mlp.linear_fc1.weight]
Loading weights:  60%|██████    | 453/750 [00:43<00:03, 79.84it/s, Materializing param=model.visual.blocks.4.mlp.linear_fc1.weight]
Loading weights:  61%|██████    | 454/750 [00:43<00:03, 79.84it/s, Materializing param=model.visual.blocks.4.mlp.linear_fc2.bias]  
Loading weights:  61%|██████    | 454/750 [00:43<00:03, 79.84it/s, Materializing param=model.visual.blocks.4.mlp.linear_fc2.bias]
Loading weights:  61%|██████    | 455/750 [00:43<00:03, 79.84it/s, Materializing param=model.visual.blocks.4.mlp.linear_fc2.weight]
Loading weights:  61%|██████    | 455/750 [00:43<00:03, 79.84it/s, Materializing param=model.visual.blocks.4.mlp.linear_fc2.weight]
Loading weights:  61%|██████    | 456/750 [00:43<00:03, 79.84it/s, Materializing param=model.visual.blocks.4.norm1.bias]           
Loading weights:  61%|██████    | 456/750 [00:43<00:03, 79.84it/s, Materializing param=model.visual.blocks.4.norm1.bias]
Loading weights:  61%|██████    | 457/750 [00:43<00:03, 79.84it/s, Materializing param=model.visual.blocks.4.norm1.weight]
Loading weights:  61%|██████    | 457/750 [00:43<00:03, 79.84it/s, Materializing param=model.visual.blocks.4.norm1.weight]
Loading weights:  61%|██████    | 458/750 [00:43<00:03, 79.84it/s, Materializing param=model.visual.blocks.4.norm2.bias]  
Loading weights:  61%|██████    | 458/750 [00:43<00:03, 79.84it/s, Materializing param=model.visual.blocks.4.norm2.bias]
Loading weights:  61%|██████    | 459/750 [00:43<00:03, 79.84it/s, Materializing param=model.visual.blocks.4.norm2.weight]
Loading weights:  61%|██████    | 459/750 [00:43<00:03, 79.84it/s, Materializing param=model.visual.blocks.4.norm2.weight]
Loading weights:  61%|██████▏   | 460/750 [00:43<00:03, 79.84it/s, Materializing param=model.visual.blocks.5.attn.proj.bias]
Loading weights:  61%|██████▏   | 460/750 [00:43<00:03, 79.84it/s, Materializing param=model.visual.blocks.5.attn.proj.bias]
Loading weights:  61%|██████▏   | 461/750 [00:43<00:03, 79.84it/s, Materializing param=model.visual.blocks.5.attn.proj.weight]
Loading weights:  61%|██████▏   | 461/750 [00:43<00:03, 79.84it/s, Materializing param=model.visual.blocks.5.attn.proj.weight]
Loading weights:  62%|██████▏   | 462/750 [00:43<00:03, 79.84it/s, Materializing param=model.visual.blocks.5.attn.qkv.bias]   
Loading weights:  62%|██████▏   | 462/750 [00:43<00:03, 79.84it/s, Materializing param=model.visual.blocks.5.attn.qkv.bias]
Loading weights:  62%|██████▏   | 463/750 [00:43<00:03, 79.84it/s, Materializing param=model.visual.blocks.5.attn.qkv.weight]
Loading weights:  62%|██████▏   | 463/750 [00:43<00:03, 79.84it/s, Materializing param=model.visual.blocks.5.attn.qkv.weight]
Loading weights:  62%|██████▏   | 464/750 [00:43<00:02, 104.89it/s, Materializing param=model.visual.blocks.5.attn.qkv.weight]
Loading weights:  62%|██████▏   | 464/750 [00:43<00:02, 104.89it/s, Materializing param=model.visual.blocks.5.mlp.linear_fc1.bias]
Loading weights:  62%|██████▏   | 464/750 [00:43<00:02, 104.89it/s, Materializing param=model.visual.blocks.5.mlp.linear_fc1.bias]
Loading weights:  62%|██████▏   | 465/750 [00:43<00:02, 104.89it/s, Materializing param=model.visual.blocks.5.mlp.linear_fc1.weight]
Loading weights:  62%|██████▏   | 465/750 [00:43<00:02, 104.89it/s, Materializing param=model.visual.blocks.5.mlp.linear_fc1.weight]
Loading weights:  62%|██████▏   | 466/750 [00:44<00:02, 104.89it/s, Materializing param=model.visual.blocks.5.mlp.linear_fc2.bias]  
Loading weights:  62%|██████▏   | 466/750 [00:44<00:02, 104.89it/s, Materializing param=model.visual.blocks.5.mlp.linear_fc2.bias]
Loading weights:  62%|██████▏   | 467/750 [00:44<00:02, 104.89it/s, Materializing param=model.visual.blocks.5.mlp.linear_fc2.weight]
Loading weights:  62%|██████▏   | 467/750 [00:44<00:02, 104.89it/s, Materializing param=model.visual.blocks.5.mlp.linear_fc2.weight]
Loading weights:  62%|██████▏   | 468/750 [00:44<00:02, 104.89it/s, Materializing param=model.visual.blocks.5.norm1.bias]           
Loading weights:  62%|██████▏   | 468/750 [00:44<00:02, 104.89it/s, Materializing param=model.visual.blocks.5.norm1.bias]
Loading weights:  63%|██████▎   | 469/750 [00:44<00:02, 104.89it/s, Materializing param=model.visual.blocks.5.norm1.weight]
Loading weights:  63%|██████▎   | 469/750 [00:44<00:02, 104.89it/s, Materializing param=model.visual.blocks.5.norm1.weight]
Loading weights:  63%|██████▎   | 470/750 [00:44<00:02, 104.89it/s, Materializing param=model.visual.blocks.5.norm2.bias]  
Loading weights:  63%|██████▎   | 470/750 [00:44<00:02, 104.89it/s, Materializing param=model.visual.blocks.5.norm2.bias]
Loading weights:  63%|██████▎   | 471/750 [00:44<00:02, 104.89it/s, Materializing param=model.visual.blocks.5.norm2.weight]
Loading weights:  63%|██████▎   | 471/750 [00:44<00:02, 104.89it/s, Materializing param=model.visual.blocks.5.norm2.weight]
Loading weights:  63%|██████▎   | 472/750 [00:44<00:02, 104.89it/s, Materializing param=model.visual.blocks.6.attn.proj.bias]
Loading weights:  63%|██████▎   | 472/750 [00:44<00:02, 104.89it/s, Materializing param=model.visual.blocks.6.attn.proj.bias]
Loading weights:  63%|██████▎   | 473/750 [00:44<00:02, 104.89it/s, Materializing param=model.visual.blocks.6.attn.proj.weight]
Loading weights:  63%|██████▎   | 473/750 [00:44<00:02, 104.89it/s, Materializing param=model.visual.blocks.6.attn.proj.weight]
Loading weights:  63%|██████▎   | 474/750 [00:44<00:02, 104.89it/s, Materializing param=model.visual.blocks.6.attn.qkv.bias]   
Loading weights:  63%|██████▎   | 474/750 [00:44<00:02, 104.89it/s, Materializing param=model.visual.blocks.6.attn.qkv.bias]
Loading weights:  63%|██████▎   | 475/750 [00:44<00:02, 104.89it/s, Materializing param=model.visual.blocks.6.attn.qkv.weight]
Loading weights:  63%|██████▎   | 475/750 [00:44<00:02, 104.89it/s, Materializing param=model.visual.blocks.6.attn.qkv.weight]
Loading weights:  63%|██████▎   | 476/750 [00:44<00:02, 104.89it/s, Materializing param=model.visual.blocks.6.mlp.linear_fc1.bias]
Loading weights:  63%|██████▎   | 476/750 [00:44<00:02, 104.89it/s, Materializing param=model.visual.blocks.6.mlp.linear_fc1.bias]
Loading weights:  64%|██████▎   | 477/750 [00:44<00:02, 104.89it/s, Materializing param=model.visual.blocks.6.mlp.linear_fc1.weight]
Loading weights:  64%|██████▎   | 477/750 [00:44<00:02, 104.89it/s, Materializing param=model.visual.blocks.6.mlp.linear_fc1.weight]
Loading weights:  64%|██████▎   | 478/750 [00:44<00:02, 111.07it/s, Materializing param=model.visual.blocks.6.mlp.linear_fc1.weight]
Loading weights:  64%|██████▎   | 478/750 [00:44<00:02, 111.07it/s, Materializing param=model.visual.blocks.6.mlp.linear_fc2.bias]  
Loading weights:  64%|██████▎   | 478/750 [00:44<00:02, 111.07it/s, Materializing param=model.visual.blocks.6.mlp.linear_fc2.bias]
Loading weights:  64%|██████▍   | 479/750 [00:44<00:02, 111.07it/s, Materializing param=model.visual.blocks.6.mlp.linear_fc2.weight]
Loading weights:  64%|██████▍   | 479/750 [00:44<00:02, 111.07it/s, Materializing param=model.visual.blocks.6.mlp.linear_fc2.weight]
Loading weights:  64%|██████▍   | 480/750 [00:44<00:02, 111.07it/s, Materializing param=model.visual.blocks.6.norm1.bias]           
Loading weights:  64%|██████▍   | 480/750 [00:44<00:02, 111.07it/s, Materializing param=model.visual.blocks.6.norm1.bias]
Loading weights:  64%|██████▍   | 481/750 [00:44<00:02, 111.07it/s, Materializing param=model.visual.blocks.6.norm1.weight]
Loading weights:  64%|██████▍   | 481/750 [00:44<00:02, 111.07it/s, Materializing param=model.visual.blocks.6.norm1.weight]
Loading weights:  64%|██████▍   | 482/750 [00:44<00:02, 111.07it/s, Materializing param=model.visual.blocks.6.norm2.bias]  
Loading weights:  64%|██████▍   | 482/750 [00:44<00:02, 111.07it/s, Materializing param=model.visual.blocks.6.norm2.bias]
Loading weights:  64%|██████▍   | 483/750 [00:44<00:02, 111.07it/s, Materializing param=model.visual.blocks.6.norm2.weight]
Loading weights:  64%|██████▍   | 483/750 [00:44<00:02, 111.07it/s, Materializing param=model.visual.blocks.6.norm2.weight]
Loading weights:  65%|██████▍   | 484/750 [00:44<00:02, 111.07it/s, Materializing param=model.visual.blocks.7.attn.proj.bias]
Loading weights:  65%|██████▍   | 484/750 [00:44<00:02, 111.07it/s, Materializing param=model.visual.blocks.7.attn.proj.bias]
Loading weights:  65%|██████▍   | 485/750 [00:44<00:02, 111.07it/s, Materializing param=model.visual.blocks.7.attn.proj.weight]
Loading weights:  65%|██████▍   | 485/750 [00:44<00:02, 111.07it/s, Materializing param=model.visual.blocks.7.attn.proj.weight]
Loading weights:  65%|██████▍   | 486/750 [00:44<00:02, 111.07it/s, Materializing param=model.visual.blocks.7.attn.qkv.bias]   
Loading weights:  65%|██████▍   | 486/750 [00:44<00:02, 111.07it/s, Materializing param=model.visual.blocks.7.attn.qkv.bias]
Loading weights:  65%|██████▍   | 487/750 [00:44<00:02, 111.07it/s, Materializing param=model.visual.blocks.7.attn.qkv.weight]
Loading weights:  65%|██████▍   | 487/750 [00:44<00:02, 111.07it/s, Materializing param=model.visual.blocks.7.attn.qkv.weight]
Loading weights:  65%|██████▌   | 488/750 [00:44<00:02, 111.07it/s, Materializing param=model.visual.blocks.7.mlp.linear_fc1.bias]
Loading weights:  65%|██████▌   | 488/750 [00:44<00:02, 111.07it/s, Materializing param=model.visual.blocks.7.mlp.linear_fc1.bias]
Loading weights:  65%|██████▌   | 489/750 [00:44<00:02, 111.07it/s, Materializing param=model.visual.blocks.7.mlp.linear_fc1.weight]
Loading weights:  65%|██████▌   | 489/750 [00:44<00:02, 111.07it/s, Materializing param=model.visual.blocks.7.mlp.linear_fc1.weight]
Loading weights:  65%|██████▌   | 490/750 [00:44<00:02, 111.07it/s, Materializing param=model.visual.blocks.7.mlp.linear_fc2.bias]  
Loading weights:  65%|██████▌   | 490/750 [00:44<00:02, 111.07it/s, Materializing param=model.visual.blocks.7.mlp.linear_fc2.bias]
Loading weights:  65%|██████▌   | 491/750 [00:44<00:02, 111.07it/s, Materializing param=model.visual.blocks.7.mlp.linear_fc2.weight]
Loading weights:  65%|██████▌   | 491/750 [00:44<00:02, 111.07it/s, Materializing param=model.visual.blocks.7.mlp.linear_fc2.weight]
Loading weights:  66%|██████▌   | 492/750 [00:44<00:02, 117.02it/s, Materializing param=model.visual.blocks.7.mlp.linear_fc2.weight]
Loading weights:  66%|██████▌   | 492/750 [00:44<00:02, 117.02it/s, Materializing param=model.visual.blocks.7.norm1.bias]           
Loading weights:  66%|██████▌   | 492/750 [00:44<00:02, 117.02it/s, Materializing param=model.visual.blocks.7.norm1.bias]
Loading weights:  66%|██████▌   | 493/750 [00:44<00:02, 117.02it/s, Materializing param=model.visual.blocks.7.norm1.weight]
Loading weights:  66%|██████▌   | 493/750 [00:44<00:02, 117.02it/s, Materializing param=model.visual.blocks.7.norm1.weight]
Loading weights:  66%|██████▌   | 494/750 [00:44<00:02, 117.02it/s, Materializing param=model.visual.blocks.7.norm2.bias]  
Loading weights:  66%|██████▌   | 494/750 [00:44<00:02, 117.02it/s, Materializing param=model.visual.blocks.7.norm2.bias]
Loading weights:  66%|██████▌   | 495/750 [00:44<00:02, 117.02it/s, Materializing param=model.visual.blocks.7.norm2.weight]
Loading weights:  66%|██████▌   | 495/750 [00:44<00:02, 117.02it/s, Materializing param=model.visual.blocks.7.norm2.weight]
Loading weights:  66%|██████▌   | 496/750 [00:44<00:02, 117.02it/s, Materializing param=model.visual.blocks.8.attn.proj.bias]
Loading weights:  66%|██████▌   | 496/750 [00:44<00:02, 117.02it/s, Materializing param=model.visual.blocks.8.attn.proj.bias]
Loading weights:  66%|██████▋   | 497/750 [00:44<00:02, 117.02it/s, Materializing param=model.visual.blocks.8.attn.proj.weight]
Loading weights:  66%|██████▋   | 497/750 [00:44<00:02, 117.02it/s, Materializing param=model.visual.blocks.8.attn.proj.weight]
Loading weights:  66%|██████▋   | 498/750 [00:44<00:02, 117.02it/s, Materializing param=model.visual.blocks.8.attn.qkv.bias]   
Loading weights:  66%|██████▋   | 498/750 [00:44<00:02, 117.02it/s, Materializing param=model.visual.blocks.8.attn.qkv.bias]
Loading weights:  67%|██████▋   | 499/750 [00:44<00:02, 117.02it/s, Materializing param=model.visual.blocks.8.attn.qkv.weight]
Loading weights:  67%|██████▋   | 499/750 [00:44<00:02, 117.02it/s, Materializing param=model.visual.blocks.8.attn.qkv.weight]
Loading weights:  67%|██████▋   | 500/750 [00:44<00:02, 117.02it/s, Materializing param=model.visual.blocks.8.mlp.linear_fc1.bias]
Loading weights:  67%|██████▋   | 500/750 [00:44<00:02, 117.02it/s, Materializing param=model.visual.blocks.8.mlp.linear_fc1.bias]
Loading weights:  67%|██████▋   | 501/750 [00:44<00:02, 117.02it/s, Materializing param=model.visual.blocks.8.mlp.linear_fc1.weight]
Loading weights:  67%|██████▋   | 501/750 [00:44<00:02, 117.02it/s, Materializing param=model.visual.blocks.8.mlp.linear_fc1.weight]
Loading weights:  67%|██████▋   | 502/750 [00:44<00:02, 117.02it/s, Materializing param=model.visual.blocks.8.mlp.linear_fc2.bias]  
Loading weights:  67%|██████▋   | 502/750 [00:44<00:02, 117.02it/s, Materializing param=model.visual.blocks.8.mlp.linear_fc2.bias]
Loading weights:  67%|██████▋   | 503/750 [00:44<00:02, 117.02it/s, Materializing param=model.visual.blocks.8.mlp.linear_fc2.weight]
Loading weights:  67%|██████▋   | 503/750 [00:44<00:02, 117.02it/s, Materializing param=model.visual.blocks.8.mlp.linear_fc2.weight]
Loading weights:  67%|██████▋   | 504/750 [00:44<00:02, 117.02it/s, Materializing param=model.visual.blocks.8.norm1.bias]           
Loading weights:  67%|██████▋   | 504/750 [00:44<00:02, 117.02it/s, Materializing param=model.visual.blocks.8.norm1.bias]
Loading weights:  67%|██████▋   | 505/750 [00:44<00:02, 117.02it/s, Materializing param=model.visual.blocks.8.norm1.weight]
Loading weights:  67%|██████▋   | 505/750 [00:44<00:02, 117.02it/s, Materializing param=model.visual.blocks.8.norm1.weight]
Loading weights:  67%|██████▋   | 506/750 [00:44<00:02, 117.02it/s, Materializing param=model.visual.blocks.8.norm2.bias]  
Loading weights:  67%|██████▋   | 506/750 [00:44<00:02, 117.02it/s, Materializing param=model.visual.blocks.8.norm2.bias]
Loading weights:  68%|██████▊   | 507/750 [00:44<00:02, 117.02it/s, Materializing param=model.visual.blocks.8.norm2.weight]
Loading weights:  68%|██████▊   | 507/750 [00:44<00:02, 117.02it/s, Materializing param=model.visual.blocks.8.norm2.weight]
Loading weights:  68%|██████▊   | 508/750 [00:44<00:02, 117.02it/s, Materializing param=model.visual.blocks.9.attn.proj.bias]
Loading weights:  68%|██████▊   | 508/750 [00:44<00:02, 117.02it/s, Materializing param=model.visual.blocks.9.attn.proj.bias]
Loading weights:  68%|██████▊   | 509/750 [00:44<00:02, 117.02it/s, Materializing param=model.visual.blocks.9.attn.proj.weight]
Loading weights:  68%|██████▊   | 509/750 [00:44<00:02, 117.02it/s, Materializing param=model.visual.blocks.9.attn.proj.weight]
Loading weights:  68%|██████▊   | 510/750 [00:44<00:02, 117.02it/s, Materializing param=model.visual.blocks.9.attn.qkv.bias]   
Loading weights:  68%|██████▊   | 510/750 [00:44<00:02, 117.02it/s, Materializing param=model.visual.blocks.9.attn.qkv.bias]
Loading weights:  68%|██████▊   | 511/750 [00:44<00:02, 117.02it/s, Materializing param=model.visual.blocks.9.attn.qkv.weight]
Loading weights:  68%|██████▊   | 511/750 [00:44<00:02, 117.02it/s, Materializing param=model.visual.blocks.9.attn.qkv.weight]
Loading weights:  68%|██████▊   | 512/750 [00:44<00:01, 133.75it/s, Materializing param=model.visual.blocks.9.attn.qkv.weight]
Loading weights:  68%|██████▊   | 512/750 [00:44<00:01, 133.75it/s, Materializing param=model.visual.blocks.9.mlp.linear_fc1.bias]
Loading weights:  68%|██████▊   | 512/750 [00:44<00:01, 133.75it/s, Materializing param=model.visual.blocks.9.mlp.linear_fc1.bias]
Loading weights:  68%|██████▊   | 513/750 [00:44<00:01, 133.75it/s, Materializing param=model.visual.blocks.9.mlp.linear_fc1.weight]
Loading weights:  68%|██████▊   | 513/750 [00:44<00:01, 133.75it/s, Materializing param=model.visual.blocks.9.mlp.linear_fc1.weight]
Loading weights:  69%|██████▊   | 514/750 [00:44<00:01, 133.75it/s, Materializing param=model.visual.blocks.9.mlp.linear_fc2.bias]  
Loading weights:  69%|██████▊   | 514/750 [00:44<00:01, 133.75it/s, Materializing param=model.visual.blocks.9.mlp.linear_fc2.bias]
Loading weights:  69%|██████▊   | 515/750 [00:44<00:01, 133.75it/s, Materializing param=model.visual.blocks.9.mlp.linear_fc2.weight]
Loading weights:  69%|██████▊   | 515/750 [00:44<00:01, 133.75it/s, Materializing param=model.visual.blocks.9.mlp.linear_fc2.weight]
Loading weights:  69%|██████▉   | 516/750 [00:44<00:01, 133.75it/s, Materializing param=model.visual.blocks.9.norm1.bias]           
Loading weights:  69%|██████▉   | 516/750 [00:44<00:01, 133.75it/s, Materializing param=model.visual.blocks.9.norm1.bias]
Loading weights:  69%|██████▉   | 517/750 [00:44<00:01, 133.75it/s, Materializing param=model.visual.blocks.9.norm1.weight]
Loading weights:  69%|██████▉   | 517/750 [00:44<00:01, 133.75it/s, Materializing param=model.visual.blocks.9.norm1.weight]
Loading weights:  69%|██████▉   | 518/750 [00:44<00:01, 133.75it/s, Materializing param=model.visual.blocks.9.norm2.bias]  
Loading weights:  69%|██████▉   | 518/750 [00:44<00:01, 133.75it/s, Materializing param=model.visual.blocks.9.norm2.bias]
Loading weights:  69%|██████▉   | 519/750 [00:44<00:01, 133.75it/s, Materializing param=model.visual.blocks.9.norm2.weight]
Loading weights:  69%|██████▉   | 519/750 [00:44<00:01, 133.75it/s, Materializing param=model.visual.blocks.9.norm2.weight]
Loading weights:  69%|██████▉   | 520/750 [00:44<00:01, 133.75it/s, Materializing param=model.visual.blocks.10.attn.proj.bias]
Loading weights:  69%|██████▉   | 520/750 [00:44<00:01, 133.75it/s, Materializing param=model.visual.blocks.10.attn.proj.bias]
Loading weights:  69%|██████▉   | 521/750 [00:44<00:01, 133.75it/s, Materializing param=model.visual.blocks.10.attn.proj.weight]
Loading weights:  69%|██████▉   | 521/750 [00:44<00:01, 133.75it/s, Materializing param=model.visual.blocks.10.attn.proj.weight]
Loading weights:  70%|██████▉   | 522/750 [00:44<00:01, 133.75it/s, Materializing param=model.visual.blocks.10.attn.qkv.bias]   
Loading weights:  70%|██████▉   | 522/750 [00:44<00:01, 133.75it/s, Materializing param=model.visual.blocks.10.attn.qkv.bias]
Loading weights:  70%|██████▉   | 523/750 [00:44<00:01, 133.75it/s, Materializing param=model.visual.blocks.10.attn.qkv.weight]
Loading weights:  70%|██████▉   | 523/750 [00:44<00:01, 133.75it/s, Materializing param=model.visual.blocks.10.attn.qkv.weight]
Loading weights:  70%|██████▉   | 524/750 [00:44<00:01, 133.75it/s, Materializing param=model.visual.blocks.10.mlp.linear_fc1.bias]
Loading weights:  70%|██████▉   | 524/750 [00:44<00:01, 133.75it/s, Materializing param=model.visual.blocks.10.mlp.linear_fc1.bias]
Loading weights:  70%|███████   | 525/750 [00:44<00:01, 133.75it/s, Materializing param=model.visual.blocks.10.mlp.linear_fc1.weight]
Loading weights:  70%|███████   | 525/750 [00:44<00:01, 133.75it/s, Materializing param=model.visual.blocks.10.mlp.linear_fc1.weight]
Loading weights:  70%|███████   | 526/750 [00:44<00:01, 132.65it/s, Materializing param=model.visual.blocks.10.mlp.linear_fc1.weight]
Loading weights:  70%|███████   | 526/750 [00:44<00:01, 132.65it/s, Materializing param=model.visual.blocks.10.mlp.linear_fc2.bias]  
Loading weights:  70%|███████   | 526/750 [00:44<00:01, 132.65it/s, Materializing param=model.visual.blocks.10.mlp.linear_fc2.bias]
Loading weights:  70%|███████   | 527/750 [00:44<00:01, 132.65it/s, Materializing param=model.visual.blocks.10.mlp.linear_fc2.weight]
Loading weights:  70%|███████   | 527/750 [00:44<00:01, 132.65it/s, Materializing param=model.visual.blocks.10.mlp.linear_fc2.weight]
Loading weights:  70%|███████   | 528/750 [00:44<00:01, 132.65it/s, Materializing param=model.visual.blocks.10.norm1.bias]           
Loading weights:  70%|███████   | 528/750 [00:44<00:01, 132.65it/s, Materializing param=model.visual.blocks.10.norm1.bias]
Loading weights:  71%|███████   | 529/750 [00:44<00:01, 132.65it/s, Materializing param=model.visual.blocks.10.norm1.weight]
Loading weights:  71%|███████   | 529/750 [00:44<00:01, 132.65it/s, Materializing param=model.visual.blocks.10.norm1.weight]
Loading weights:  71%|███████   | 530/750 [00:44<00:01, 132.65it/s, Materializing param=model.visual.blocks.10.norm2.bias]  
Loading weights:  71%|███████   | 530/750 [00:44<00:01, 132.65it/s, Materializing param=model.visual.blocks.10.norm2.bias]
Loading weights:  71%|███████   | 531/750 [00:44<00:01, 132.65it/s, Materializing param=model.visual.blocks.10.norm2.weight]
Loading weights:  71%|███████   | 531/750 [00:44<00:01, 132.65it/s, Materializing param=model.visual.blocks.10.norm2.weight]
Loading weights:  71%|███████   | 532/750 [00:44<00:01, 132.65it/s, Materializing param=model.visual.blocks.11.attn.proj.bias]
Loading weights:  71%|███████   | 532/750 [00:44<00:01, 132.65it/s, Materializing param=model.visual.blocks.11.attn.proj.bias]
Loading weights:  71%|███████   | 533/750 [00:44<00:01, 132.65it/s, Materializing param=model.visual.blocks.11.attn.proj.weight]
Loading weights:  71%|███████   | 533/750 [00:44<00:01, 132.65it/s, Materializing param=model.visual.blocks.11.attn.proj.weight]
Loading weights:  71%|███████   | 534/750 [00:44<00:01, 132.65it/s, Materializing param=model.visual.blocks.11.attn.qkv.bias]   
Loading weights:  71%|███████   | 534/750 [00:44<00:01, 132.65it/s, Materializing param=model.visual.blocks.11.attn.qkv.bias]
Loading weights:  71%|███████▏  | 535/750 [00:44<00:01, 132.65it/s, Materializing param=model.visual.blocks.11.attn.qkv.weight]
Loading weights:  71%|███████▏  | 535/750 [00:44<00:01, 132.65it/s, Materializing param=model.visual.blocks.11.attn.qkv.weight]
Loading weights:  71%|███████▏  | 536/750 [00:44<00:01, 132.65it/s, Materializing param=model.visual.blocks.11.mlp.linear_fc1.bias]
Loading weights:  71%|███████▏  | 536/750 [00:44<00:01, 132.65it/s, Materializing param=model.visual.blocks.11.mlp.linear_fc1.bias]
Loading weights:  72%|███████▏  | 537/750 [00:44<00:01, 132.65it/s, Materializing param=model.visual.blocks.11.mlp.linear_fc1.weight]
Loading weights:  72%|███████▏  | 537/750 [00:44<00:01, 132.65it/s, Materializing param=model.visual.blocks.11.mlp.linear_fc1.weight]
Loading weights:  72%|███████▏  | 538/750 [00:44<00:01, 132.65it/s, Materializing param=model.visual.blocks.11.mlp.linear_fc2.bias]  
Loading weights:  72%|███████▏  | 538/750 [00:44<00:01, 132.65it/s, Materializing param=model.visual.blocks.11.mlp.linear_fc2.bias]
Loading weights:  72%|███████▏  | 539/750 [00:44<00:01, 132.65it/s, Materializing param=model.visual.blocks.11.mlp.linear_fc2.weight]
Loading weights:  72%|███████▏  | 539/750 [00:44<00:01, 132.65it/s, Materializing param=model.visual.blocks.11.mlp.linear_fc2.weight]
Loading weights:  72%|███████▏  | 540/750 [00:44<00:01, 130.46it/s, Materializing param=model.visual.blocks.11.mlp.linear_fc2.weight]
Loading weights:  72%|███████▏  | 540/750 [00:44<00:01, 130.46it/s, Materializing param=model.visual.blocks.11.norm1.bias]           
Loading weights:  72%|███████▏  | 540/750 [00:44<00:01, 130.46it/s, Materializing param=model.visual.blocks.11.norm1.bias]
Loading weights:  72%|███████▏  | 541/750 [00:44<00:01, 130.46it/s, Materializing param=model.visual.blocks.11.norm1.weight]
Loading weights:  72%|███████▏  | 541/750 [00:44<00:01, 130.46it/s, Materializing param=model.visual.blocks.11.norm1.weight]
Loading weights:  72%|███████▏  | 542/750 [00:44<00:01, 130.46it/s, Materializing param=model.visual.blocks.11.norm2.bias]  
Loading weights:  72%|███████▏  | 542/750 [00:44<00:01, 130.46it/s, Materializing param=model.visual.blocks.11.norm2.bias]
Loading weights:  72%|███████▏  | 543/750 [00:44<00:01, 130.46it/s, Materializing param=model.visual.blocks.11.norm2.weight]
Loading weights:  72%|███████▏  | 543/750 [00:44<00:01, 130.46it/s, Materializing param=model.visual.blocks.11.norm2.weight]
Loading weights:  73%|███████▎  | 544/750 [00:44<00:01, 130.46it/s, Materializing param=model.visual.blocks.12.attn.proj.bias]
Loading weights:  73%|███████▎  | 544/750 [00:44<00:01, 130.46it/s, Materializing param=model.visual.blocks.12.attn.proj.bias]
Loading weights:  73%|███████▎  | 545/750 [00:44<00:01, 130.46it/s, Materializing param=model.visual.blocks.12.attn.proj.weight]
Loading weights:  73%|███████▎  | 545/750 [00:44<00:01, 130.46it/s, Materializing param=model.visual.blocks.12.attn.proj.weight]
Loading weights:  73%|███████▎  | 546/750 [00:44<00:01, 130.46it/s, Materializing param=model.visual.blocks.12.attn.qkv.bias]   
Loading weights:  73%|███████▎  | 546/750 [00:44<00:01, 130.46it/s, Materializing param=model.visual.blocks.12.attn.qkv.bias]
Loading weights:  73%|███████▎  | 547/750 [00:44<00:01, 130.46it/s, Materializing param=model.visual.blocks.12.attn.qkv.weight]
Loading weights:  73%|███████▎  | 547/750 [00:44<00:01, 130.46it/s, Materializing param=model.visual.blocks.12.attn.qkv.weight]
Loading weights:  73%|███████▎  | 548/750 [00:44<00:01, 130.46it/s, Materializing param=model.visual.blocks.12.mlp.linear_fc1.bias]
Loading weights:  73%|███████▎  | 548/750 [00:44<00:01, 130.46it/s, Materializing param=model.visual.blocks.12.mlp.linear_fc1.bias]
Loading weights:  73%|███████▎  | 549/750 [00:44<00:01, 130.46it/s, Materializing param=model.visual.blocks.12.mlp.linear_fc1.weight]
Loading weights:  73%|███████▎  | 549/750 [00:44<00:01, 130.46it/s, Materializing param=model.visual.blocks.12.mlp.linear_fc1.weight]
Loading weights:  73%|███████▎  | 550/750 [00:44<00:01, 130.46it/s, Materializing param=model.visual.blocks.12.mlp.linear_fc2.bias]  
Loading weights:  73%|███████▎  | 550/750 [00:44<00:01, 130.46it/s, Materializing param=model.visual.blocks.12.mlp.linear_fc2.bias]
Loading weights:  73%|███████▎  | 551/750 [00:44<00:01, 130.46it/s, Materializing param=model.visual.blocks.12.mlp.linear_fc2.weight]
Loading weights:  73%|███████▎  | 551/750 [00:44<00:01, 130.46it/s, Materializing param=model.visual.blocks.12.mlp.linear_fc2.weight]
Loading weights:  74%|███████▎  | 552/750 [00:44<00:01, 130.46it/s, Materializing param=model.visual.blocks.12.norm1.bias]           
Loading weights:  74%|███████▎  | 552/750 [00:44<00:01, 130.46it/s, Materializing param=model.visual.blocks.12.norm1.bias]
Loading weights:  74%|███████▎  | 553/750 [00:44<00:01, 130.46it/s, Materializing param=model.visual.blocks.12.norm1.weight]
Loading weights:  74%|███████▎  | 553/750 [00:44<00:01, 130.46it/s, Materializing param=model.visual.blocks.12.norm1.weight]
Loading weights:  74%|███████▍  | 554/750 [00:44<00:01, 130.46it/s, Materializing param=model.visual.blocks.12.norm2.bias]  
Loading weights:  74%|███████▍  | 554/750 [00:44<00:01, 130.46it/s, Materializing param=model.visual.blocks.12.norm2.bias]
Loading weights:  74%|███████▍  | 555/750 [00:44<00:01, 130.46it/s, Materializing param=model.visual.blocks.12.norm2.weight]
Loading weights:  74%|███████▍  | 555/750 [00:44<00:01, 130.46it/s, Materializing param=model.visual.blocks.12.norm2.weight]
Loading weights:  74%|███████▍  | 556/750 [00:44<00:01, 130.46it/s, Materializing param=model.visual.blocks.13.attn.proj.bias]
Loading weights:  74%|███████▍  | 556/750 [00:44<00:01, 130.46it/s, Materializing param=model.visual.blocks.13.attn.proj.bias]
Loading weights:  74%|███████▍  | 557/750 [00:44<00:01, 130.46it/s, Materializing param=model.visual.blocks.13.attn.proj.weight]
Loading weights:  74%|███████▍  | 557/750 [00:44<00:01, 130.46it/s, Materializing param=model.visual.blocks.13.attn.proj.weight]
Loading weights:  74%|███████▍  | 558/750 [00:44<00:01, 130.46it/s, Materializing param=model.visual.blocks.13.attn.qkv.bias]   
Loading weights:  74%|███████▍  | 558/750 [00:44<00:01, 130.46it/s, Materializing param=model.visual.blocks.13.attn.qkv.bias]
Loading weights:  75%|███████▍  | 559/750 [00:44<00:01, 130.46it/s, Materializing param=model.visual.blocks.13.attn.qkv.weight]
Loading weights:  75%|███████▍  | 559/750 [00:44<00:01, 130.46it/s, Materializing param=model.visual.blocks.13.attn.qkv.weight]
Loading weights:  75%|███████▍  | 560/750 [00:44<00:01, 143.24it/s, Materializing param=model.visual.blocks.13.attn.qkv.weight]
Loading weights:  75%|███████▍  | 560/750 [00:44<00:01, 143.24it/s, Materializing param=model.visual.blocks.13.mlp.linear_fc1.bias]
Loading weights:  75%|███████▍  | 560/750 [00:44<00:01, 143.24it/s, Materializing param=model.visual.blocks.13.mlp.linear_fc1.bias]
Loading weights:  75%|███████▍  | 561/750 [00:44<00:01, 143.24it/s, Materializing param=model.visual.blocks.13.mlp.linear_fc1.weight]
Loading weights:  75%|███████▍  | 561/750 [00:44<00:01, 143.24it/s, Materializing param=model.visual.blocks.13.mlp.linear_fc1.weight]
Loading weights:  75%|███████▍  | 562/750 [00:44<00:01, 143.24it/s, Materializing param=model.visual.blocks.13.mlp.linear_fc2.bias]  
Loading weights:  75%|███████▍  | 562/750 [00:44<00:01, 143.24it/s, Materializing param=model.visual.blocks.13.mlp.linear_fc2.bias]
Loading weights:  75%|███████▌  | 563/750 [00:44<00:01, 143.24it/s, Materializing param=model.visual.blocks.13.mlp.linear_fc2.weight]
Loading weights:  75%|███████▌  | 563/750 [00:44<00:01, 143.24it/s, Materializing param=model.visual.blocks.13.mlp.linear_fc2.weight]
Loading weights:  75%|███████▌  | 564/750 [00:44<00:01, 143.24it/s, Materializing param=model.visual.blocks.13.norm1.bias]           
Loading weights:  75%|███████▌  | 564/750 [00:44<00:01, 143.24it/s, Materializing param=model.visual.blocks.13.norm1.bias]
Loading weights:  75%|███████▌  | 565/750 [00:44<00:01, 143.24it/s, Materializing param=model.visual.blocks.13.norm1.weight]
Loading weights:  75%|███████▌  | 565/750 [00:44<00:01, 143.24it/s, Materializing param=model.visual.blocks.13.norm1.weight]
Loading weights:  75%|███████▌  | 566/750 [00:44<00:01, 143.24it/s, Materializing param=model.visual.blocks.13.norm2.bias]  
Loading weights:  75%|███████▌  | 566/750 [00:44<00:01, 143.24it/s, Materializing param=model.visual.blocks.13.norm2.bias]
Loading weights:  76%|███████▌  | 567/750 [00:44<00:01, 143.24it/s, Materializing param=model.visual.blocks.13.norm2.weight]
Loading weights:  76%|███████▌  | 567/750 [00:44<00:01, 143.24it/s, Materializing param=model.visual.blocks.13.norm2.weight]
Loading weights:  76%|███████▌  | 568/750 [00:44<00:01, 143.24it/s, Materializing param=model.visual.blocks.14.attn.proj.bias]
Loading weights:  76%|███████▌  | 568/750 [00:44<00:01, 143.24it/s, Materializing param=model.visual.blocks.14.attn.proj.bias]
Loading weights:  76%|███████▌  | 569/750 [00:44<00:01, 143.24it/s, Materializing param=model.visual.blocks.14.attn.proj.weight]
Loading weights:  76%|███████▌  | 569/750 [00:44<00:01, 143.24it/s, Materializing param=model.visual.blocks.14.attn.proj.weight]
Loading weights:  76%|███████▌  | 570/750 [00:44<00:01, 143.24it/s, Materializing param=model.visual.blocks.14.attn.qkv.bias]   
Loading weights:  76%|███████▌  | 570/750 [00:44<00:01, 143.24it/s, Materializing param=model.visual.blocks.14.attn.qkv.bias]
Loading weights:  76%|███████▌  | 571/750 [00:44<00:01, 143.24it/s, Materializing param=model.visual.blocks.14.attn.qkv.weight]
Loading weights:  76%|███████▌  | 571/750 [00:44<00:01, 143.24it/s, Materializing param=model.visual.blocks.14.attn.qkv.weight]
Loading weights:  76%|███████▋  | 572/750 [00:44<00:01, 143.24it/s, Materializing param=model.visual.blocks.14.mlp.linear_fc1.bias]
Loading weights:  76%|███████▋  | 572/750 [00:44<00:01, 143.24it/s, Materializing param=model.visual.blocks.14.mlp.linear_fc1.bias]
Loading weights:  76%|███████▋  | 573/750 [00:44<00:01, 143.24it/s, Materializing param=model.visual.blocks.14.mlp.linear_fc1.weight]
Loading weights:  76%|███████▋  | 573/750 [00:44<00:01, 143.24it/s, Materializing param=model.visual.blocks.14.mlp.linear_fc1.weight]
Loading weights:  77%|███████▋  | 574/750 [00:44<00:01, 143.24it/s, Materializing param=model.visual.blocks.14.mlp.linear_fc2.bias]  
Loading weights:  77%|███████▋  | 574/750 [00:44<00:01, 143.24it/s, Materializing param=model.visual.blocks.14.mlp.linear_fc2.bias]
Loading weights:  77%|███████▋  | 575/750 [00:44<00:01, 140.33it/s, Materializing param=model.visual.blocks.14.mlp.linear_fc2.bias]
Loading weights:  77%|███████▋  | 575/750 [00:44<00:01, 140.33it/s, Materializing param=model.visual.blocks.14.mlp.linear_fc2.weight]
Loading weights:  77%|███████▋  | 575/750 [00:44<00:01, 140.33it/s, Materializing param=model.visual.blocks.14.mlp.linear_fc2.weight]
Loading weights:  77%|███████▋  | 576/750 [00:44<00:01, 140.33it/s, Materializing param=model.visual.blocks.14.norm1.bias]           
Loading weights:  77%|███████▋  | 576/750 [00:44<00:01, 140.33it/s, Materializing param=model.visual.blocks.14.norm1.bias]
Loading weights:  77%|███████▋  | 577/750 [00:44<00:01, 140.33it/s, Materializing param=model.visual.blocks.14.norm1.weight]
Loading weights:  77%|███████▋  | 577/750 [00:44<00:01, 140.33it/s, Materializing param=model.visual.blocks.14.norm1.weight]
Loading weights:  77%|███████▋  | 578/750 [00:44<00:01, 140.33it/s, Materializing param=model.visual.blocks.14.norm2.bias]  
Loading weights:  77%|███████▋  | 578/750 [00:44<00:01, 140.33it/s, Materializing param=model.visual.blocks.14.norm2.bias]
Loading weights:  77%|███████▋  | 579/750 [00:44<00:01, 140.33it/s, Materializing param=model.visual.blocks.14.norm2.weight]
Loading weights:  77%|███████▋  | 579/750 [00:44<00:01, 140.33it/s, Materializing param=model.visual.blocks.14.norm2.weight]
Loading weights:  77%|███████▋  | 580/750 [00:44<00:01, 140.33it/s, Materializing param=model.visual.blocks.15.attn.proj.bias]
Loading weights:  77%|███████▋  | 580/750 [00:44<00:01, 140.33it/s, Materializing param=model.visual.blocks.15.attn.proj.bias]
Loading weights:  77%|███████▋  | 581/750 [00:44<00:01, 140.33it/s, Materializing param=model.visual.blocks.15.attn.proj.weight]
Loading weights:  77%|███████▋  | 581/750 [00:44<00:01, 140.33it/s, Materializing param=model.visual.blocks.15.attn.proj.weight]
Loading weights:  78%|███████▊  | 582/750 [00:44<00:01, 140.33it/s, Materializing param=model.visual.blocks.15.attn.qkv.bias]   
Loading weights:  78%|███████▊  | 582/750 [00:44<00:01, 140.33it/s, Materializing param=model.visual.blocks.15.attn.qkv.bias]
Loading weights:  78%|███████▊  | 583/750 [00:44<00:01, 140.33it/s, Materializing param=model.visual.blocks.15.attn.qkv.weight]
Loading weights:  78%|███████▊  | 583/750 [00:44<00:01, 140.33it/s, Materializing param=model.visual.blocks.15.attn.qkv.weight]
Loading weights:  78%|███████▊  | 584/750 [00:44<00:01, 140.33it/s, Materializing param=model.visual.blocks.15.mlp.linear_fc1.bias]
Loading weights:  78%|███████▊  | 584/750 [00:44<00:01, 140.33it/s, Materializing param=model.visual.blocks.15.mlp.linear_fc1.bias]
Loading weights:  78%|███████▊  | 585/750 [00:44<00:01, 140.33it/s, Materializing param=model.visual.blocks.15.mlp.linear_fc1.weight]
Loading weights:  78%|███████▊  | 585/750 [00:44<00:01, 140.33it/s, Materializing param=model.visual.blocks.15.mlp.linear_fc1.weight]
Loading weights:  78%|███████▊  | 586/750 [00:44<00:01, 140.33it/s, Materializing param=model.visual.blocks.15.mlp.linear_fc2.bias]  
Loading weights:  78%|███████▊  | 586/750 [00:44<00:01, 140.33it/s, Materializing param=model.visual.blocks.15.mlp.linear_fc2.bias]
Loading weights:  78%|███████▊  | 587/750 [00:44<00:01, 140.33it/s, Materializing param=model.visual.blocks.15.mlp.linear_fc2.weight]
Loading weights:  78%|███████▊  | 587/750 [00:44<00:01, 140.33it/s, Materializing param=model.visual.blocks.15.mlp.linear_fc2.weight]
Loading weights:  78%|███████▊  | 588/750 [00:44<00:01, 140.33it/s, Materializing param=model.visual.blocks.15.norm1.bias]           
Loading weights:  78%|███████▊  | 588/750 [00:44<00:01, 140.33it/s, Materializing param=model.visual.blocks.15.norm1.bias]
Loading weights:  79%|███████▊  | 589/750 [00:44<00:01, 140.33it/s, Materializing param=model.visual.blocks.15.norm1.weight]
Loading weights:  79%|███████▊  | 589/750 [00:44<00:01, 140.33it/s, Materializing param=model.visual.blocks.15.norm1.weight]
Loading weights:  79%|███████▊  | 590/750 [00:44<00:01, 140.76it/s, Materializing param=model.visual.blocks.15.norm1.weight]
Loading weights:  79%|███████▊  | 590/750 [00:44<00:01, 140.76it/s, Materializing param=model.visual.blocks.15.norm2.bias]  
Loading weights:  79%|███████▊  | 590/750 [00:44<00:01, 140.76it/s, Materializing param=model.visual.blocks.15.norm2.bias]
Loading weights:  79%|███████▉  | 591/750 [00:44<00:01, 140.76it/s, Materializing param=model.visual.blocks.15.norm2.weight]
Loading weights:  79%|███████▉  | 591/750 [00:44<00:01, 140.76it/s, Materializing param=model.visual.blocks.15.norm2.weight]
Loading weights:  79%|███████▉  | 592/750 [00:44<00:01, 140.76it/s, Materializing param=model.visual.blocks.16.attn.proj.bias]
Loading weights:  79%|███████▉  | 592/750 [00:44<00:01, 140.76it/s, Materializing param=model.visual.blocks.16.attn.proj.bias]
Loading weights:  79%|███████▉  | 593/750 [00:44<00:01, 140.76it/s, Materializing param=model.visual.blocks.16.attn.proj.weight]
Loading weights:  79%|███████▉  | 593/750 [00:44<00:01, 140.76it/s, Materializing param=model.visual.blocks.16.attn.proj.weight]
Loading weights:  79%|███████▉  | 594/750 [00:44<00:01, 140.76it/s, Materializing param=model.visual.blocks.16.attn.qkv.bias]   
Loading weights:  79%|███████▉  | 594/750 [00:44<00:01, 140.76it/s, Materializing param=model.visual.blocks.16.attn.qkv.bias]
Loading weights:  79%|███████▉  | 595/750 [00:44<00:01, 140.76it/s, Materializing param=model.visual.blocks.16.attn.qkv.weight]
Loading weights:  79%|███████▉  | 595/750 [00:44<00:01, 140.76it/s, Materializing param=model.visual.blocks.16.attn.qkv.weight]
Loading weights:  79%|███████▉  | 596/750 [00:44<00:01, 140.76it/s, Materializing param=model.visual.blocks.16.mlp.linear_fc1.bias]
Loading weights:  79%|███████▉  | 596/750 [00:44<00:01, 140.76it/s, Materializing param=model.visual.blocks.16.mlp.linear_fc1.bias]
Loading weights:  80%|███████▉  | 597/750 [00:44<00:01, 140.76it/s, Materializing param=model.visual.blocks.16.mlp.linear_fc1.weight]
Loading weights:  80%|███████▉  | 597/750 [00:44<00:01, 140.76it/s, Materializing param=model.visual.blocks.16.mlp.linear_fc1.weight]
Loading weights:  80%|███████▉  | 598/750 [00:44<00:01, 140.76it/s, Materializing param=model.visual.blocks.16.mlp.linear_fc2.bias]  
Loading weights:  80%|███████▉  | 598/750 [00:44<00:01, 140.76it/s, Materializing param=model.visual.blocks.16.mlp.linear_fc2.bias]
Loading weights:  80%|███████▉  | 599/750 [00:44<00:01, 140.76it/s, Materializing param=model.visual.blocks.16.mlp.linear_fc2.weight]
Loading weights:  80%|███████▉  | 599/750 [00:44<00:01, 140.76it/s, Materializing param=model.visual.blocks.16.mlp.linear_fc2.weight]
Loading weights:  80%|████████  | 600/750 [00:44<00:01, 140.76it/s, Materializing param=model.visual.blocks.16.norm1.bias]           
Loading weights:  80%|████████  | 600/750 [00:44<00:01, 140.76it/s, Materializing param=model.visual.blocks.16.norm1.bias]
Loading weights:  80%|████████  | 601/750 [00:44<00:01, 140.76it/s, Materializing param=model.visual.blocks.16.norm1.weight]
Loading weights:  80%|████████  | 601/750 [00:44<00:01, 140.76it/s, Materializing param=model.visual.blocks.16.norm1.weight]
Loading weights:  80%|████████  | 602/750 [00:44<00:01, 140.76it/s, Materializing param=model.visual.blocks.16.norm2.bias]  
Loading weights:  80%|████████  | 602/750 [00:44<00:01, 140.76it/s, Materializing param=model.visual.blocks.16.norm2.bias]
Loading weights:  80%|████████  | 603/750 [00:44<00:01, 140.76it/s, Materializing param=model.visual.blocks.16.norm2.weight]
Loading weights:  80%|████████  | 603/750 [00:44<00:01, 140.76it/s, Materializing param=model.visual.blocks.16.norm2.weight]
Loading weights:  81%|████████  | 604/750 [00:44<00:01, 140.76it/s, Materializing param=model.visual.blocks.17.attn.proj.bias]
Loading weights:  81%|████████  | 604/750 [00:44<00:01, 140.76it/s, Materializing param=model.visual.blocks.17.attn.proj.bias]
Loading weights:  81%|████████  | 605/750 [00:44<00:01, 140.76it/s, Materializing param=model.visual.blocks.17.attn.proj.weight]
Loading weights:  81%|████████  | 605/750 [00:44<00:01, 140.76it/s, Materializing param=model.visual.blocks.17.attn.proj.weight]
Loading weights:  81%|████████  | 606/750 [00:44<00:01, 140.76it/s, Materializing param=model.visual.blocks.17.attn.qkv.bias]   
Loading weights:  81%|████████  | 606/750 [00:44<00:01, 140.76it/s, Materializing param=model.visual.blocks.17.attn.qkv.bias]
Loading weights:  81%|████████  | 607/750 [00:44<00:01, 140.76it/s, Materializing param=model.visual.blocks.17.attn.qkv.weight]
Loading weights:  81%|████████  | 607/750 [00:44<00:01, 140.76it/s, Materializing param=model.visual.blocks.17.attn.qkv.weight]
Loading weights:  81%|████████  | 608/750 [00:44<00:00, 146.73it/s, Materializing param=model.visual.blocks.17.attn.qkv.weight]
Loading weights:  81%|████████  | 608/750 [00:44<00:00, 146.73it/s, Materializing param=model.visual.blocks.17.mlp.linear_fc1.bias]
Loading weights:  81%|████████  | 608/750 [00:44<00:00, 146.73it/s, Materializing param=model.visual.blocks.17.mlp.linear_fc1.bias]
Loading weights:  81%|████████  | 609/750 [00:44<00:00, 146.73it/s, Materializing param=model.visual.blocks.17.mlp.linear_fc1.weight]
Loading weights:  81%|████████  | 609/750 [00:44<00:00, 146.73it/s, Materializing param=model.visual.blocks.17.mlp.linear_fc1.weight]
Loading weights:  81%|████████▏ | 610/750 [00:45<00:00, 146.73it/s, Materializing param=model.visual.blocks.17.mlp.linear_fc2.bias]  
Loading weights:  81%|████████▏ | 610/750 [00:45<00:00, 146.73it/s, Materializing param=model.visual.blocks.17.mlp.linear_fc2.bias]
Loading weights:  81%|████████▏ | 611/750 [00:45<00:00, 146.73it/s, Materializing param=model.visual.blocks.17.mlp.linear_fc2.weight]
Loading weights:  81%|████████▏ | 611/750 [00:45<00:00, 146.73it/s, Materializing param=model.visual.blocks.17.mlp.linear_fc2.weight]
Loading weights:  82%|████████▏ | 612/750 [00:45<00:00, 146.73it/s, Materializing param=model.visual.blocks.17.norm1.bias]           
Loading weights:  82%|████████▏ | 612/750 [00:45<00:00, 146.73it/s, Materializing param=model.visual.blocks.17.norm1.bias]
Loading weights:  82%|████████▏ | 613/750 [00:45<00:00, 146.73it/s, Materializing param=model.visual.blocks.17.norm1.weight]
Loading weights:  82%|████████▏ | 613/750 [00:45<00:00, 146.73it/s, Materializing param=model.visual.blocks.17.norm1.weight]
Loading weights:  82%|████████▏ | 614/750 [00:45<00:00, 146.73it/s, Materializing param=model.visual.blocks.17.norm2.bias]  
Loading weights:  82%|████████▏ | 614/750 [00:45<00:00, 146.73it/s, Materializing param=model.visual.blocks.17.norm2.bias]
Loading weights:  82%|████████▏ | 615/750 [00:45<00:00, 146.73it/s, Materializing param=model.visual.blocks.17.norm2.weight]
Loading weights:  82%|████████▏ | 615/750 [00:45<00:00, 146.73it/s, Materializing param=model.visual.blocks.17.norm2.weight]
Loading weights:  82%|████████▏ | 616/750 [00:45<00:00, 146.73it/s, Materializing param=model.visual.blocks.18.attn.proj.bias]
Loading weights:  82%|████████▏ | 616/750 [00:45<00:00, 146.73it/s, Materializing param=model.visual.blocks.18.attn.proj.bias]
Loading weights:  82%|████████▏ | 617/750 [00:45<00:00, 146.73it/s, Materializing param=model.visual.blocks.18.attn.proj.weight]
Loading weights:  82%|████████▏ | 617/750 [00:45<00:00, 146.73it/s, Materializing param=model.visual.blocks.18.attn.proj.weight]
Loading weights:  82%|████████▏ | 618/750 [00:45<00:00, 146.73it/s, Materializing param=model.visual.blocks.18.attn.qkv.bias]   
Loading weights:  82%|████████▏ | 618/750 [00:45<00:00, 146.73it/s, Materializing param=model.visual.blocks.18.attn.qkv.bias]
Loading weights:  83%|████████▎ | 619/750 [00:45<00:00, 146.73it/s, Materializing param=model.visual.blocks.18.attn.qkv.weight]
Loading weights:  83%|████████▎ | 619/750 [00:45<00:00, 146.73it/s, Materializing param=model.visual.blocks.18.attn.qkv.weight]
Loading weights:  83%|████████▎ | 620/750 [00:45<00:00, 146.73it/s, Materializing param=model.visual.blocks.18.mlp.linear_fc1.bias]
Loading weights:  83%|████████▎ | 620/750 [00:45<00:00, 146.73it/s, Materializing param=model.visual.blocks.18.mlp.linear_fc1.bias]
Loading weights:  83%|████████▎ | 621/750 [00:45<00:00, 146.73it/s, Materializing param=model.visual.blocks.18.mlp.linear_fc1.weight]
Loading weights:  83%|████████▎ | 621/750 [00:45<00:00, 146.73it/s, Materializing param=model.visual.blocks.18.mlp.linear_fc1.weight]
Loading weights:  83%|████████▎ | 622/750 [00:45<00:00, 146.73it/s, Materializing param=model.visual.blocks.18.mlp.linear_fc2.bias]  
Loading weights:  83%|████████▎ | 622/750 [00:45<00:00, 146.73it/s, Materializing param=model.visual.blocks.18.mlp.linear_fc2.bias]
Loading weights:  83%|████████▎ | 623/750 [00:45<00:00, 143.85it/s, Materializing param=model.visual.blocks.18.mlp.linear_fc2.bias]
Loading weights:  83%|████████▎ | 623/750 [00:45<00:00, 143.85it/s, Materializing param=model.visual.blocks.18.mlp.linear_fc2.weight]
Loading weights:  83%|████████▎ | 623/750 [00:45<00:00, 143.85it/s, Materializing param=model.visual.blocks.18.mlp.linear_fc2.weight]
Loading weights:  83%|████████▎ | 624/750 [00:45<00:00, 143.85it/s, Materializing param=model.visual.blocks.18.norm1.bias]           
Loading weights:  83%|████████▎ | 624/750 [00:45<00:00, 143.85it/s, Materializing param=model.visual.blocks.18.norm1.bias]
Loading weights:  83%|████████▎ | 625/750 [00:45<00:00, 143.85it/s, Materializing param=model.visual.blocks.18.norm1.weight]
Loading weights:  83%|████████▎ | 625/750 [00:45<00:00, 143.85it/s, Materializing param=model.visual.blocks.18.norm1.weight]
Loading weights:  83%|████████▎ | 626/750 [00:45<00:00, 143.85it/s, Materializing param=model.visual.blocks.18.norm2.bias]  
Loading weights:  83%|████████▎ | 626/750 [00:45<00:00, 143.85it/s, Materializing param=model.visual.blocks.18.norm2.bias]
Loading weights:  84%|████████▎ | 627/750 [00:45<00:00, 143.85it/s, Materializing param=model.visual.blocks.18.norm2.weight]
Loading weights:  84%|████████▎ | 627/750 [00:45<00:00, 143.85it/s, Materializing param=model.visual.blocks.18.norm2.weight]
Loading weights:  84%|████████▎ | 628/750 [00:45<00:00, 143.85it/s, Materializing param=model.visual.blocks.19.attn.proj.bias]
Loading weights:  84%|████████▎ | 628/750 [00:45<00:00, 143.85it/s, Materializing param=model.visual.blocks.19.attn.proj.bias]
Loading weights:  84%|████████▍ | 629/750 [00:45<00:00, 143.85it/s, Materializing param=model.visual.blocks.19.attn.proj.weight]
Loading weights:  84%|████████▍ | 629/750 [00:45<00:00, 143.85it/s, Materializing param=model.visual.blocks.19.attn.proj.weight]
Loading weights:  84%|████████▍ | 630/750 [00:45<00:00, 143.85it/s, Materializing param=model.visual.blocks.19.attn.qkv.bias]   
Loading weights:  84%|████████▍ | 630/750 [00:45<00:00, 143.85it/s, Materializing param=model.visual.blocks.19.attn.qkv.bias]
Loading weights:  84%|████████▍ | 631/750 [00:45<00:00, 143.85it/s, Materializing param=model.visual.blocks.19.attn.qkv.weight]
Loading weights:  84%|████████▍ | 631/750 [00:45<00:00, 143.85it/s, Materializing param=model.visual.blocks.19.attn.qkv.weight]
Loading weights:  84%|████████▍ | 632/750 [00:45<00:00, 143.85it/s, Materializing param=model.visual.blocks.19.mlp.linear_fc1.bias]
Loading weights:  84%|████████▍ | 632/750 [00:45<00:00, 143.85it/s, Materializing param=model.visual.blocks.19.mlp.linear_fc1.bias]
Loading weights:  84%|████████▍ | 633/750 [00:45<00:00, 143.85it/s, Materializing param=model.visual.blocks.19.mlp.linear_fc1.weight]
Loading weights:  84%|████████▍ | 633/750 [00:45<00:00, 143.85it/s, Materializing param=model.visual.blocks.19.mlp.linear_fc1.weight]
Loading weights:  85%|████████▍ | 634/750 [00:45<00:00, 143.85it/s, Materializing param=model.visual.blocks.19.mlp.linear_fc2.bias]  
Loading weights:  85%|████████▍ | 634/750 [00:45<00:00, 143.85it/s, Materializing param=model.visual.blocks.19.mlp.linear_fc2.bias]
Loading weights:  85%|████████▍ | 635/750 [00:45<00:00, 143.85it/s, Materializing param=model.visual.blocks.19.mlp.linear_fc2.weight]
Loading weights:  85%|████████▍ | 635/750 [00:45<00:00, 143.85it/s, Materializing param=model.visual.blocks.19.mlp.linear_fc2.weight]
Loading weights:  85%|████████▍ | 636/750 [00:45<00:00, 143.85it/s, Materializing param=model.visual.blocks.19.norm1.bias]           
Loading weights:  85%|████████▍ | 636/750 [00:45<00:00, 143.85it/s, Materializing param=model.visual.blocks.19.norm1.bias]
Loading weights:  85%|████████▍ | 637/750 [00:45<00:00, 143.85it/s, Materializing param=model.visual.blocks.19.norm1.weight]
Loading weights:  85%|████████▍ | 637/750 [00:45<00:00, 143.85it/s, Materializing param=model.visual.blocks.19.norm1.weight]
Loading weights:  85%|████████▌ | 638/750 [00:45<00:00, 142.72it/s, Materializing param=model.visual.blocks.19.norm1.weight]
Loading weights:  85%|████████▌ | 638/750 [00:45<00:00, 142.72it/s, Materializing param=model.visual.blocks.19.norm2.bias]  
Loading weights:  85%|████████▌ | 638/750 [00:45<00:00, 142.72it/s, Materializing param=model.visual.blocks.19.norm2.bias]
Loading weights:  85%|████████▌ | 639/750 [00:45<00:00, 142.72it/s, Materializing param=model.visual.blocks.19.norm2.weight]
Loading weights:  85%|████████▌ | 639/750 [00:45<00:00, 142.72it/s, Materializing param=model.visual.blocks.19.norm2.weight]
Loading weights:  85%|████████▌ | 640/750 [00:45<00:00, 142.72it/s, Materializing param=model.visual.blocks.20.attn.proj.bias]
Loading weights:  85%|████████▌ | 640/750 [00:45<00:00, 142.72it/s, Materializing param=model.visual.blocks.20.attn.proj.bias]
Loading weights:  85%|████████▌ | 641/750 [00:45<00:00, 142.72it/s, Materializing param=model.visual.blocks.20.attn.proj.weight]
Loading weights:  85%|████████▌ | 641/750 [00:45<00:00, 142.72it/s, Materializing param=model.visual.blocks.20.attn.proj.weight]
Loading weights:  86%|████████▌ | 642/750 [00:45<00:00, 142.72it/s, Materializing param=model.visual.blocks.20.attn.qkv.bias]   
Loading weights:  86%|████████▌ | 642/750 [00:45<00:00, 142.72it/s, Materializing param=model.visual.blocks.20.attn.qkv.bias]
Loading weights:  86%|████████▌ | 643/750 [00:45<00:00, 142.72it/s, Materializing param=model.visual.blocks.20.attn.qkv.weight]
Loading weights:  86%|████████▌ | 643/750 [00:45<00:00, 142.72it/s, Materializing param=model.visual.blocks.20.attn.qkv.weight]
Loading weights:  86%|████████▌ | 644/750 [00:45<00:00, 142.72it/s, Materializing param=model.visual.blocks.20.mlp.linear_fc1.bias]
Loading weights:  86%|████████▌ | 644/750 [00:45<00:00, 142.72it/s, Materializing param=model.visual.blocks.20.mlp.linear_fc1.bias]
Loading weights:  86%|████████▌ | 645/750 [00:45<00:00, 142.72it/s, Materializing param=model.visual.blocks.20.mlp.linear_fc1.weight]
Loading weights:  86%|████████▌ | 645/750 [00:45<00:00, 142.72it/s, Materializing param=model.visual.blocks.20.mlp.linear_fc1.weight]
Loading weights:  86%|████████▌ | 646/750 [00:45<00:00, 142.72it/s, Materializing param=model.visual.blocks.20.mlp.linear_fc2.bias]  
Loading weights:  86%|████████▌ | 646/750 [00:45<00:00, 142.72it/s, Materializing param=model.visual.blocks.20.mlp.linear_fc2.bias]
Loading weights:  86%|████████▋ | 647/750 [00:45<00:00, 142.72it/s, Materializing param=model.visual.blocks.20.mlp.linear_fc2.weight]
Loading weights:  86%|████████▋ | 647/750 [00:45<00:00, 142.72it/s, Materializing param=model.visual.blocks.20.mlp.linear_fc2.weight]
Loading weights:  86%|████████▋ | 648/750 [00:45<00:00, 142.72it/s, Materializing param=model.visual.blocks.20.norm1.bias]           
Loading weights:  86%|████████▋ | 648/750 [00:45<00:00, 142.72it/s, Materializing param=model.visual.blocks.20.norm1.bias]
Loading weights:  87%|████████▋ | 649/750 [00:45<00:00, 142.72it/s, Materializing param=model.visual.blocks.20.norm1.weight]
Loading weights:  87%|████████▋ | 649/750 [00:45<00:00, 142.72it/s, Materializing param=model.visual.blocks.20.norm1.weight]
Loading weights:  87%|████████▋ | 650/750 [00:45<00:00, 142.72it/s, Materializing param=model.visual.blocks.20.norm2.bias]  
Loading weights:  87%|████████▋ | 650/750 [00:45<00:00, 142.72it/s, Materializing param=model.visual.blocks.20.norm2.bias]
Loading weights:  87%|████████▋ | 651/750 [00:45<00:00, 142.72it/s, Materializing param=model.visual.blocks.20.norm2.weight]
Loading weights:  87%|████████▋ | 651/750 [00:45<00:00, 142.72it/s, Materializing param=model.visual.blocks.20.norm2.weight]
Loading weights:  87%|████████▋ | 652/750 [00:45<00:00, 142.72it/s, Materializing param=model.visual.blocks.21.attn.proj.bias]
Loading weights:  87%|████████▋ | 652/750 [00:45<00:00, 142.72it/s, Materializing param=model.visual.blocks.21.attn.proj.bias]
Loading weights:  87%|████████▋ | 653/750 [00:45<00:00, 142.72it/s, Materializing param=model.visual.blocks.21.attn.proj.weight]
Loading weights:  87%|████████▋ | 653/750 [00:45<00:00, 142.72it/s, Materializing param=model.visual.blocks.21.attn.proj.weight]
Loading weights:  87%|████████▋ | 654/750 [00:45<00:00, 142.72it/s, Materializing param=model.visual.blocks.21.attn.qkv.bias]   
Loading weights:  87%|████████▋ | 654/750 [00:45<00:00, 142.72it/s, Materializing param=model.visual.blocks.21.attn.qkv.bias]
Loading weights:  87%|████████▋ | 655/750 [00:45<00:00, 142.72it/s, Materializing param=model.visual.blocks.21.attn.qkv.weight]
Loading weights:  87%|████████▋ | 655/750 [00:45<00:00, 142.72it/s, Materializing param=model.visual.blocks.21.attn.qkv.weight]
Loading weights:  87%|████████▋ | 656/750 [00:45<00:00, 147.10it/s, Materializing param=model.visual.blocks.21.attn.qkv.weight]
Loading weights:  87%|████████▋ | 656/750 [00:45<00:00, 147.10it/s, Materializing param=model.visual.blocks.21.mlp.linear_fc1.bias]
Loading weights:  87%|████████▋ | 656/750 [00:45<00:00, 147.10it/s, Materializing param=model.visual.blocks.21.mlp.linear_fc1.bias]
Loading weights:  88%|████████▊ | 657/750 [00:45<00:00, 147.10it/s, Materializing param=model.visual.blocks.21.mlp.linear_fc1.weight]
Loading weights:  88%|████████▊ | 657/750 [00:45<00:00, 147.10it/s, Materializing param=model.visual.blocks.21.mlp.linear_fc1.weight]
Loading weights:  88%|████████▊ | 658/750 [00:45<00:00, 147.10it/s, Materializing param=model.visual.blocks.21.mlp.linear_fc2.bias]  
Loading weights:  88%|████████▊ | 658/750 [00:45<00:00, 147.10it/s, Materializing param=model.visual.blocks.21.mlp.linear_fc2.bias]
Loading weights:  88%|████████▊ | 659/750 [00:45<00:00, 147.10it/s, Materializing param=model.visual.blocks.21.mlp.linear_fc2.weight]
Loading weights:  88%|████████▊ | 659/750 [00:45<00:00, 147.10it/s, Materializing param=model.visual.blocks.21.mlp.linear_fc2.weight]
Loading weights:  88%|████████▊ | 660/750 [00:45<00:00, 147.10it/s, Materializing param=model.visual.blocks.21.norm1.bias]           
Loading weights:  88%|████████▊ | 660/750 [00:45<00:00, 147.10it/s, Materializing param=model.visual.blocks.21.norm1.bias]
Loading weights:  88%|████████▊ | 661/750 [00:45<00:00, 147.10it/s, Materializing param=model.visual.blocks.21.norm1.weight]
Loading weights:  88%|████████▊ | 661/750 [00:45<00:00, 147.10it/s, Materializing param=model.visual.blocks.21.norm1.weight]
Loading weights:  88%|████████▊ | 662/750 [00:45<00:00, 147.10it/s, Materializing param=model.visual.blocks.21.norm2.bias]  
Loading weights:  88%|████████▊ | 662/750 [00:45<00:00, 147.10it/s, Materializing param=model.visual.blocks.21.norm2.bias]
Loading weights:  88%|████████▊ | 663/750 [00:45<00:00, 147.10it/s, Materializing param=model.visual.blocks.21.norm2.weight]
Loading weights:  88%|████████▊ | 663/750 [00:45<00:00, 147.10it/s, Materializing param=model.visual.blocks.21.norm2.weight]
Loading weights:  89%|████████▊ | 664/750 [00:45<00:00, 147.10it/s, Materializing param=model.visual.blocks.22.attn.proj.bias]
Loading weights:  89%|████████▊ | 664/750 [00:45<00:00, 147.10it/s, Materializing param=model.visual.blocks.22.attn.proj.bias]
Loading weights:  89%|████████▊ | 665/750 [00:45<00:00, 147.10it/s, Materializing param=model.visual.blocks.22.attn.proj.weight]
Loading weights:  89%|████████▊ | 665/750 [00:45<00:00, 147.10it/s, Materializing param=model.visual.blocks.22.attn.proj.weight]
Loading weights:  89%|████████▉ | 666/750 [00:45<00:00, 147.10it/s, Materializing param=model.visual.blocks.22.attn.qkv.bias]   
Loading weights:  89%|████████▉ | 666/750 [00:45<00:00, 147.10it/s, Materializing param=model.visual.blocks.22.attn.qkv.bias]
Loading weights:  89%|████████▉ | 667/750 [00:45<00:00, 147.10it/s, Materializing param=model.visual.blocks.22.attn.qkv.weight]
Loading weights:  89%|████████▉ | 667/750 [00:45<00:00, 147.10it/s, Materializing param=model.visual.blocks.22.attn.qkv.weight]
Loading weights:  89%|████████▉ | 668/750 [00:45<00:00, 147.10it/s, Materializing param=model.visual.blocks.22.mlp.linear_fc1.bias]
Loading weights:  89%|████████▉ | 668/750 [00:45<00:00, 147.10it/s, Materializing param=model.visual.blocks.22.mlp.linear_fc1.bias]
Loading weights:  89%|████████▉ | 669/750 [00:45<00:00, 147.10it/s, Materializing param=model.visual.blocks.22.mlp.linear_fc1.weight]
Loading weights:  89%|████████▉ | 669/750 [00:45<00:00, 147.10it/s, Materializing param=model.visual.blocks.22.mlp.linear_fc1.weight]
Loading weights:  89%|████████▉ | 670/750 [00:45<00:00, 147.10it/s, Materializing param=model.visual.blocks.22.mlp.linear_fc2.bias]  
Loading weights:  89%|████████▉ | 670/750 [00:45<00:00, 147.10it/s, Materializing param=model.visual.blocks.22.mlp.linear_fc2.bias]
Loading weights:  89%|████████▉ | 671/750 [00:45<00:00, 144.11it/s, Materializing param=model.visual.blocks.22.mlp.linear_fc2.bias]
Loading weights:  89%|████████▉ | 671/750 [00:45<00:00, 144.11it/s, Materializing param=model.visual.blocks.22.mlp.linear_fc2.weight]
Loading weights:  89%|████████▉ | 671/750 [00:45<00:00, 144.11it/s, Materializing param=model.visual.blocks.22.mlp.linear_fc2.weight]
Loading weights:  90%|████████▉ | 672/750 [00:45<00:00, 144.11it/s, Materializing param=model.visual.blocks.22.norm1.bias]           
Loading weights:  90%|████████▉ | 672/750 [00:45<00:00, 144.11it/s, Materializing param=model.visual.blocks.22.norm1.bias]
Loading weights:  90%|████████▉ | 673/750 [00:45<00:00, 144.11it/s, Materializing param=model.visual.blocks.22.norm1.weight]
Loading weights:  90%|████████▉ | 673/750 [00:45<00:00, 144.11it/s, Materializing param=model.visual.blocks.22.norm1.weight]
Loading weights:  90%|████████▉ | 674/750 [00:45<00:00, 144.11it/s, Materializing param=model.visual.blocks.22.norm2.bias]  
Loading weights:  90%|████████▉ | 674/750 [00:45<00:00, 144.11it/s, Materializing param=model.visual.blocks.22.norm2.bias]
Loading weights:  90%|█████████ | 675/750 [00:45<00:00, 144.11it/s, Materializing param=model.visual.blocks.22.norm2.weight]
Loading weights:  90%|█████████ | 675/750 [00:45<00:00, 144.11it/s, Materializing param=model.visual.blocks.22.norm2.weight]
Loading weights:  90%|█████████ | 676/750 [00:45<00:00, 144.11it/s, Materializing param=model.visual.blocks.23.attn.proj.bias]
Loading weights:  90%|█████████ | 676/750 [00:45<00:00, 144.11it/s, Materializing param=model.visual.blocks.23.attn.proj.bias]
Loading weights:  90%|█████████ | 677/750 [00:45<00:00, 144.11it/s, Materializing param=model.visual.blocks.23.attn.proj.weight]
Loading weights:  90%|█████████ | 677/750 [00:45<00:00, 144.11it/s, Materializing param=model.visual.blocks.23.attn.proj.weight]
Loading weights:  90%|█████████ | 678/750 [00:45<00:00, 144.11it/s, Materializing param=model.visual.blocks.23.attn.qkv.bias]   
Loading weights:  90%|█████████ | 678/750 [00:45<00:00, 144.11it/s, Materializing param=model.visual.blocks.23.attn.qkv.bias]
Loading weights:  91%|█████████ | 679/750 [00:45<00:00, 144.11it/s, Materializing param=model.visual.blocks.23.attn.qkv.weight]
Loading weights:  91%|█████████ | 679/750 [00:45<00:00, 144.11it/s, Materializing param=model.visual.blocks.23.attn.qkv.weight]
Loading weights:  91%|█████████ | 680/750 [00:45<00:00, 144.11it/s, Materializing param=model.visual.blocks.23.mlp.linear_fc1.bias]
Loading weights:  91%|█████████ | 680/750 [00:45<00:00, 144.11it/s, Materializing param=model.visual.blocks.23.mlp.linear_fc1.bias]
Loading weights:  91%|█████████ | 681/750 [00:45<00:00, 144.11it/s, Materializing param=model.visual.blocks.23.mlp.linear_fc1.weight]
Loading weights:  91%|█████████ | 681/750 [00:45<00:00, 144.11it/s, Materializing param=model.visual.blocks.23.mlp.linear_fc1.weight]
Loading weights:  91%|█████████ | 682/750 [00:45<00:00, 144.11it/s, Materializing param=model.visual.blocks.23.mlp.linear_fc2.bias]  
Loading weights:  91%|█████████ | 682/750 [00:45<00:00, 144.11it/s, Materializing param=model.visual.blocks.23.mlp.linear_fc2.bias]
Loading weights:  91%|█████████ | 683/750 [00:45<00:00, 144.11it/s, Materializing param=model.visual.blocks.23.mlp.linear_fc2.weight]
Loading weights:  91%|█████████ | 683/750 [00:45<00:00, 144.11it/s, Materializing param=model.visual.blocks.23.mlp.linear_fc2.weight]
Loading weights:  91%|█████████ | 684/750 [00:45<00:00, 144.11it/s, Materializing param=model.visual.blocks.23.norm1.bias]           
Loading weights:  91%|█████████ | 684/750 [00:45<00:00, 144.11it/s, Materializing param=model.visual.blocks.23.norm1.bias]
Loading weights:  91%|█████████▏| 685/750 [00:45<00:00, 144.11it/s, Materializing param=model.visual.blocks.23.norm1.weight]
Loading weights:  91%|█████████▏| 685/750 [00:45<00:00, 144.11it/s, Materializing param=model.visual.blocks.23.norm1.weight]
Loading weights:  91%|█████████▏| 686/750 [00:45<00:00, 141.71it/s, Materializing param=model.visual.blocks.23.norm1.weight]
Loading weights:  91%|█████████▏| 686/750 [00:45<00:00, 141.71it/s, Materializing param=model.visual.blocks.23.norm2.bias]  
Loading weights:  91%|█████████▏| 686/750 [00:45<00:00, 141.71it/s, Materializing param=model.visual.blocks.23.norm2.bias]
Loading weights:  92%|█████████▏| 687/750 [00:45<00:00, 141.71it/s, Materializing param=model.visual.blocks.23.norm2.weight]
Loading weights:  92%|█████████▏| 687/750 [00:45<00:00, 141.71it/s, Materializing param=model.visual.blocks.23.norm2.weight]
Loading weights:  92%|█████████▏| 688/750 [00:45<00:00, 141.71it/s, Materializing param=model.visual.blocks.24.attn.proj.bias]
Loading weights:  92%|█████████▏| 688/750 [00:45<00:00, 141.71it/s, Materializing param=model.visual.blocks.24.attn.proj.bias]
Loading weights:  92%|█████████▏| 689/750 [00:45<00:00, 141.71it/s, Materializing param=model.visual.blocks.24.attn.proj.weight]
Loading weights:  92%|█████████▏| 689/750 [00:45<00:00, 141.71it/s, Materializing param=model.visual.blocks.24.attn.proj.weight]
Loading weights:  92%|█████████▏| 690/750 [00:45<00:00, 141.71it/s, Materializing param=model.visual.blocks.24.attn.qkv.bias]   
Loading weights:  92%|█████████▏| 690/750 [00:45<00:00, 141.71it/s, Materializing param=model.visual.blocks.24.attn.qkv.bias]
Loading weights:  92%|█████████▏| 691/750 [00:45<00:00, 141.71it/s, Materializing param=model.visual.blocks.24.attn.qkv.weight]
Loading weights:  92%|█████████▏| 691/750 [00:45<00:00, 141.71it/s, Materializing param=model.visual.blocks.24.attn.qkv.weight]
Loading weights:  92%|█████████▏| 692/750 [00:45<00:00, 141.71it/s, Materializing param=model.visual.blocks.24.mlp.linear_fc1.bias]
Loading weights:  92%|█████████▏| 692/750 [00:45<00:00, 141.71it/s, Materializing param=model.visual.blocks.24.mlp.linear_fc1.bias]
Loading weights:  92%|█████████▏| 693/750 [00:45<00:00, 141.71it/s, Materializing param=model.visual.blocks.24.mlp.linear_fc1.weight]
Loading weights:  92%|█████████▏| 693/750 [00:45<00:00, 141.71it/s, Materializing param=model.visual.blocks.24.mlp.linear_fc1.weight]
Loading weights:  93%|█████████▎| 694/750 [00:45<00:00, 141.71it/s, Materializing param=model.visual.blocks.24.mlp.linear_fc2.bias]  
Loading weights:  93%|█████████▎| 694/750 [00:45<00:00, 141.71it/s, Materializing param=model.visual.blocks.24.mlp.linear_fc2.bias]
Loading weights:  93%|█████████▎| 695/750 [00:45<00:00, 141.71it/s, Materializing param=model.visual.blocks.24.mlp.linear_fc2.weight]
Loading weights:  93%|█████████▎| 695/750 [00:45<00:00, 141.71it/s, Materializing param=model.visual.blocks.24.mlp.linear_fc2.weight]
Loading weights:  93%|█████████▎| 696/750 [00:45<00:00, 141.71it/s, Materializing param=model.visual.blocks.24.norm1.bias]           
Loading weights:  93%|█████████▎| 696/750 [00:45<00:00, 141.71it/s, Materializing param=model.visual.blocks.24.norm1.bias]
Loading weights:  93%|█████████▎| 697/750 [00:45<00:00, 141.71it/s, Materializing param=model.visual.blocks.24.norm1.weight]
Loading weights:  93%|█████████▎| 697/750 [00:45<00:00, 141.71it/s, Materializing param=model.visual.blocks.24.norm1.weight]
Loading weights:  93%|█████████▎| 698/750 [00:45<00:00, 141.71it/s, Materializing param=model.visual.blocks.24.norm2.bias]  
Loading weights:  93%|█████████▎| 698/750 [00:45<00:00, 141.71it/s, Materializing param=model.visual.blocks.24.norm2.bias]
Loading weights:  93%|█████████▎| 699/750 [00:45<00:00, 141.71it/s, Materializing param=model.visual.blocks.24.norm2.weight]
Loading weights:  93%|█████████▎| 699/750 [00:45<00:00, 141.71it/s, Materializing param=model.visual.blocks.24.norm2.weight]
Loading weights:  93%|█████████▎| 700/750 [00:45<00:00, 141.71it/s, Materializing param=model.visual.blocks.25.attn.proj.bias]
Loading weights:  93%|█████████▎| 700/750 [00:45<00:00, 141.71it/s, Materializing param=model.visual.blocks.25.attn.proj.bias]
Loading weights:  93%|█████████▎| 701/750 [00:45<00:00, 141.71it/s, Materializing param=model.visual.blocks.25.attn.proj.weight]
Loading weights:  93%|█████████▎| 701/750 [00:45<00:00, 141.71it/s, Materializing param=model.visual.blocks.25.attn.proj.weight]
Loading weights:  94%|█████████▎| 702/750 [00:45<00:00, 141.71it/s, Materializing param=model.visual.blocks.25.attn.qkv.bias]   
Loading weights:  94%|█████████▎| 702/750 [00:45<00:00, 141.71it/s, Materializing param=model.visual.blocks.25.attn.qkv.bias]
Loading weights:  94%|█████████▎| 703/750 [00:45<00:00, 141.71it/s, Materializing param=model.visual.blocks.25.attn.qkv.weight]
Loading weights:  94%|█████████▎| 703/750 [00:45<00:00, 141.71it/s, Materializing param=model.visual.blocks.25.attn.qkv.weight]
Loading weights:  94%|█████████▍| 704/750 [00:45<00:00, 146.59it/s, Materializing param=model.visual.blocks.25.attn.qkv.weight]
Loading weights:  94%|█████████▍| 704/750 [00:45<00:00, 146.59it/s, Materializing param=model.visual.blocks.25.mlp.linear_fc1.bias]
Loading weights:  94%|█████████▍| 704/750 [00:45<00:00, 146.59it/s, Materializing param=model.visual.blocks.25.mlp.linear_fc1.bias]
Loading weights:  94%|█████████▍| 705/750 [00:45<00:00, 146.59it/s, Materializing param=model.visual.blocks.25.mlp.linear_fc1.weight]
Loading weights:  94%|█████████▍| 705/750 [00:45<00:00, 146.59it/s, Materializing param=model.visual.blocks.25.mlp.linear_fc1.weight]
Loading weights:  94%|█████████▍| 706/750 [00:45<00:00, 146.59it/s, Materializing param=model.visual.blocks.25.mlp.linear_fc2.bias]  
Loading weights:  94%|█████████▍| 706/750 [00:45<00:00, 146.59it/s, Materializing param=model.visual.blocks.25.mlp.linear_fc2.bias]
Loading weights:  94%|█████████▍| 707/750 [00:45<00:00, 146.59it/s, Materializing param=model.visual.blocks.25.mlp.linear_fc2.weight]
Loading weights:  94%|█████████▍| 707/750 [00:45<00:00, 146.59it/s, Materializing param=model.visual.blocks.25.mlp.linear_fc2.weight]
Loading weights:  94%|█████████▍| 708/750 [00:45<00:00, 146.59it/s, Materializing param=model.visual.blocks.25.norm1.bias]           
Loading weights:  94%|█████████▍| 708/750 [00:45<00:00, 146.59it/s, Materializing param=model.visual.blocks.25.norm1.bias]
Loading weights:  95%|█████████▍| 709/750 [00:45<00:00, 146.59it/s, Materializing param=model.visual.blocks.25.norm1.weight]
Loading weights:  95%|█████████▍| 709/750 [00:45<00:00, 146.59it/s, Materializing param=model.visual.blocks.25.norm1.weight]
Loading weights:  95%|█████████▍| 710/750 [00:45<00:00, 146.59it/s, Materializing param=model.visual.blocks.25.norm2.bias]  
Loading weights:  95%|█████████▍| 710/750 [00:45<00:00, 146.59it/s, Materializing param=model.visual.blocks.25.norm2.bias]
Loading weights:  95%|█████████▍| 711/750 [00:45<00:00, 146.59it/s, Materializing param=model.visual.blocks.25.norm2.weight]
Loading weights:  95%|█████████▍| 711/750 [00:45<00:00, 146.59it/s, Materializing param=model.visual.blocks.25.norm2.weight]
Loading weights:  95%|█████████▍| 712/750 [00:45<00:00, 146.59it/s, Materializing param=model.visual.blocks.26.attn.proj.bias]
Loading weights:  95%|█████████▍| 712/750 [00:45<00:00, 146.59it/s, Materializing param=model.visual.blocks.26.attn.proj.bias]
Loading weights:  95%|█████████▌| 713/750 [00:45<00:00, 146.59it/s, Materializing param=model.visual.blocks.26.attn.proj.weight]
Loading weights:  95%|█████████▌| 713/750 [00:45<00:00, 146.59it/s, Materializing param=model.visual.blocks.26.attn.proj.weight]
Loading weights:  95%|█████████▌| 714/750 [00:45<00:00, 146.59it/s, Materializing param=model.visual.blocks.26.attn.qkv.bias]   
Loading weights:  95%|█████████▌| 714/750 [00:45<00:00, 146.59it/s, Materializing param=model.visual.blocks.26.attn.qkv.bias]
Loading weights:  95%|█████████▌| 715/750 [00:45<00:00, 146.59it/s, Materializing param=model.visual.blocks.26.attn.qkv.weight]
Loading weights:  95%|█████████▌| 715/750 [00:45<00:00, 146.59it/s, Materializing param=model.visual.blocks.26.attn.qkv.weight]
Loading weights:  95%|█████████▌| 716/750 [00:45<00:00, 146.59it/s, Materializing param=model.visual.blocks.26.mlp.linear_fc1.bias]
Loading weights:  95%|█████████▌| 716/750 [00:45<00:00, 146.59it/s, Materializing param=model.visual.blocks.26.mlp.linear_fc1.bias]
Loading weights:  96%|█████████▌| 717/750 [00:45<00:00, 146.59it/s, Materializing param=model.visual.blocks.26.mlp.linear_fc1.weight]
Loading weights:  96%|█████████▌| 717/750 [00:45<00:00, 146.59it/s, Materializing param=model.visual.blocks.26.mlp.linear_fc1.weight]
Loading weights:  96%|█████████▌| 718/750 [00:45<00:00, 146.59it/s, Materializing param=model.visual.blocks.26.mlp.linear_fc2.bias]  
Loading weights:  96%|█████████▌| 718/750 [00:45<00:00, 146.59it/s, Materializing param=model.visual.blocks.26.mlp.linear_fc2.bias]
Loading weights:  96%|█████████▌| 719/750 [00:45<00:00, 144.33it/s, Materializing param=model.visual.blocks.26.mlp.linear_fc2.bias]
Loading weights:  96%|█████████▌| 719/750 [00:45<00:00, 144.33it/s, Materializing param=model.visual.blocks.26.mlp.linear_fc2.weight]
Loading weights:  96%|█████████▌| 719/750 [00:45<00:00, 144.33it/s, Materializing param=model.visual.blocks.26.mlp.linear_fc2.weight]
Loading weights:  96%|█████████▌| 720/750 [00:45<00:00, 144.33it/s, Materializing param=model.visual.blocks.26.norm1.bias]           
Loading weights:  96%|█████████▌| 720/750 [00:45<00:00, 144.33it/s, Materializing param=model.visual.blocks.26.norm1.bias]
Loading weights:  96%|█████████▌| 721/750 [00:45<00:00, 144.33it/s, Materializing param=model.visual.blocks.26.norm1.weight]
Loading weights:  96%|█████████▌| 721/750 [00:45<00:00, 144.33it/s, Materializing param=model.visual.blocks.26.norm1.weight]
Loading weights:  96%|█████████▋| 722/750 [00:45<00:00, 144.33it/s, Materializing param=model.visual.blocks.26.norm2.bias]  
Loading weights:  96%|█████████▋| 722/750 [00:45<00:00, 144.33it/s, Materializing param=model.visual.blocks.26.norm2.bias]
Loading weights:  96%|█████████▋| 723/750 [00:45<00:00, 144.33it/s, Materializing param=model.visual.blocks.26.norm2.weight]
Loading weights:  96%|█████████▋| 723/750 [00:45<00:00, 144.33it/s, Materializing param=model.visual.blocks.26.norm2.weight]
Loading weights:  97%|█████████▋| 724/750 [00:45<00:00, 144.33it/s, Materializing param=model.visual.deepstack_merger_list.0.linear_fc1.bias]
Loading weights:  97%|█████████▋| 724/750 [00:45<00:00, 144.33it/s, Materializing param=model.visual.deepstack_merger_list.0.linear_fc1.bias]
Loading weights:  97%|█████████▋| 725/750 [00:45<00:00, 144.33it/s, Materializing param=model.visual.deepstack_merger_list.0.linear_fc1.weight]
Loading weights:  97%|█████████▋| 725/750 [00:45<00:00, 144.33it/s, Materializing param=model.visual.deepstack_merger_list.0.linear_fc1.weight]
Loading weights:  97%|█████████▋| 726/750 [00:45<00:00, 144.33it/s, Materializing param=model.visual.deepstack_merger_list.0.linear_fc2.bias]  
Loading weights:  97%|█████████▋| 726/750 [00:45<00:00, 144.33it/s, Materializing param=model.visual.deepstack_merger_list.0.linear_fc2.bias]
Loading weights:  97%|█████████▋| 727/750 [00:45<00:00, 144.33it/s, Materializing param=model.visual.deepstack_merger_list.0.linear_fc2.weight]
Loading weights:  97%|█████████▋| 727/750 [00:45<00:00, 144.33it/s, Materializing param=model.visual.deepstack_merger_list.0.linear_fc2.weight]
Loading weights:  97%|█████████▋| 728/750 [00:45<00:00, 144.33it/s, Materializing param=model.visual.deepstack_merger_list.0.norm.bias]        
Loading weights:  97%|█████████▋| 728/750 [00:45<00:00, 144.33it/s, Materializing param=model.visual.deepstack_merger_list.0.norm.bias]
Loading weights:  97%|█████████▋| 729/750 [00:45<00:00, 144.33it/s, Materializing param=model.visual.deepstack_merger_list.0.norm.weight]
Loading weights:  97%|█████████▋| 729/750 [00:45<00:00, 144.33it/s, Materializing param=model.visual.deepstack_merger_list.0.norm.weight]
Loading weights:  97%|█████████▋| 730/750 [00:45<00:00, 144.33it/s, Materializing param=model.visual.deepstack_merger_list.1.linear_fc1.bias]
Loading weights:  97%|█████████▋| 730/750 [00:45<00:00, 144.33it/s, Materializing param=model.visual.deepstack_merger_list.1.linear_fc1.bias]
Loading weights:  97%|█████████▋| 731/750 [00:45<00:00, 144.33it/s, Materializing param=model.visual.deepstack_merger_list.1.linear_fc1.weight]
Loading weights:  97%|█████████▋| 731/750 [00:45<00:00, 144.33it/s, Materializing param=model.visual.deepstack_merger_list.1.linear_fc1.weight]
Loading weights:  98%|█████████▊| 732/750 [00:46<00:00, 144.33it/s, Materializing param=model.visual.deepstack_merger_list.1.linear_fc2.bias]  
Loading weights:  98%|█████████▊| 732/750 [00:46<00:00, 144.33it/s, Materializing param=model.visual.deepstack_merger_list.1.linear_fc2.bias]
Loading weights:  98%|█████████▊| 733/750 [00:46<00:00, 144.33it/s, Materializing param=model.visual.deepstack_merger_list.1.linear_fc2.weight]
Loading weights:  98%|█████████▊| 733/750 [00:46<00:00, 144.33it/s, Materializing param=model.visual.deepstack_merger_list.1.linear_fc2.weight]
Loading weights:  98%|█████████▊| 734/750 [00:46<00:00, 76.75it/s, Materializing param=model.visual.deepstack_merger_list.1.linear_fc2.weight] 
Loading weights:  98%|█████████▊| 734/750 [00:46<00:00, 76.75it/s, Materializing param=model.visual.deepstack_merger_list.1.norm.bias]        
Loading weights:  98%|█████████▊| 734/750 [00:46<00:00, 76.75it/s, Materializing param=model.visual.deepstack_merger_list.1.norm.bias]
Loading weights:  98%|█████████▊| 735/750 [00:46<00:00, 76.75it/s, Materializing param=model.visual.deepstack_merger_list.1.norm.weight]
Loading weights:  98%|█████████▊| 735/750 [00:46<00:00, 76.75it/s, Materializing param=model.visual.deepstack_merger_list.1.norm.weight]
Loading weights:  98%|█████████▊| 736/750 [00:46<00:00, 76.75it/s, Materializing param=model.visual.deepstack_merger_list.2.linear_fc1.bias]
Loading weights:  98%|█████████▊| 736/750 [00:46<00:00, 76.75it/s, Materializing param=model.visual.deepstack_merger_list.2.linear_fc1.bias]
Loading weights:  98%|█████████▊| 737/750 [00:46<00:00, 76.75it/s, Materializing param=model.visual.deepstack_merger_list.2.linear_fc1.weight]
Loading weights:  98%|█████████▊| 737/750 [00:46<00:00, 76.75it/s, Materializing param=model.visual.deepstack_merger_list.2.linear_fc1.weight]
Loading weights:  98%|█████████▊| 738/750 [00:46<00:00, 76.75it/s, Materializing param=model.visual.deepstack_merger_list.2.linear_fc2.bias]  
Loading weights:  98%|█████████▊| 738/750 [00:46<00:00, 76.75it/s, Materializing param=model.visual.deepstack_merger_list.2.linear_fc2.bias]
Loading weights:  99%|█████████▊| 739/750 [00:46<00:00, 76.75it/s, Materializing param=model.visual.deepstack_merger_list.2.linear_fc2.weight]
Loading weights:  99%|█████████▊| 739/750 [00:46<00:00, 76.75it/s, Materializing param=model.visual.deepstack_merger_list.2.linear_fc2.weight]
Loading weights:  99%|█████████▊| 740/750 [00:46<00:00, 76.75it/s, Materializing param=model.visual.deepstack_merger_list.2.norm.bias]        
Loading weights:  99%|█████████▊| 740/750 [00:46<00:00, 76.75it/s, Materializing param=model.visual.deepstack_merger_list.2.norm.bias]
Loading weights:  99%|█████████▉| 741/750 [00:46<00:00, 76.75it/s, Materializing param=model.visual.deepstack_merger_list.2.norm.weight]
Loading weights:  99%|█████████▉| 741/750 [00:46<00:00, 76.75it/s, Materializing param=model.visual.deepstack_merger_list.2.norm.weight]
Loading weights:  99%|█████████▉| 742/750 [00:46<00:00, 76.75it/s, Materializing param=model.visual.merger.linear_fc1.bias]             
Loading weights:  99%|█████████▉| 742/750 [00:46<00:00, 76.75it/s, Materializing param=model.visual.merger.linear_fc1.bias]
Loading weights:  99%|█████████▉| 743/750 [00:46<00:00, 76.75it/s, Materializing param=model.visual.merger.linear_fc1.weight]
Loading weights:  99%|█████████▉| 743/750 [00:46<00:00, 76.75it/s, Materializing param=model.visual.merger.linear_fc1.weight]
Loading weights:  99%|█████████▉| 744/750 [00:46<00:00, 76.75it/s, Materializing param=model.visual.merger.linear_fc2.bias]  
Loading weights:  99%|█████████▉| 744/750 [00:46<00:00, 76.75it/s, Materializing param=model.visual.merger.linear_fc2.bias]
Loading weights:  99%|█████████▉| 745/750 [00:46<00:00, 76.75it/s, Materializing param=model.visual.merger.linear_fc2.weight]
Loading weights:  99%|█████████▉| 745/750 [00:46<00:00, 76.75it/s, Materializing param=model.visual.merger.linear_fc2.weight]
Loading weights:  99%|█████████▉| 746/750 [00:46<00:00, 54.36it/s, Materializing param=model.visual.merger.linear_fc2.weight]
Loading weights:  99%|█████████▉| 746/750 [00:46<00:00, 54.36it/s, Materializing param=model.visual.merger.norm.bias]        
Loading weights:  99%|█████████▉| 746/750 [00:46<00:00, 54.36it/s, Materializing param=model.visual.merger.norm.bias]
Loading weights: 100%|█████████▉| 747/750 [00:46<00:00, 54.36it/s, Materializing param=model.visual.merger.norm.weight]
Loading weights: 100%|█████████▉| 747/750 [00:46<00:00, 54.36it/s, Materializing param=model.visual.merger.norm.weight]
Loading weights: 100%|█████████▉| 748/750 [00:46<00:00, 54.36it/s, Materializing param=model.visual.patch_embed.proj.bias]
Loading weights: 100%|█████████▉| 748/750 [00:46<00:00, 54.36it/s, Materializing param=model.visual.patch_embed.proj.bias]
Loading weights: 100%|█████████▉| 749/750 [00:46<00:00, 54.36it/s, Materializing param=model.visual.patch_embed.proj.weight]
Loading weights: 100%|█████████▉| 749/750 [00:46<00:00, 54.36it/s, Materializing param=model.visual.patch_embed.proj.weight]
Loading weights: 100%|██████████| 750/750 [00:46<00:00, 54.36it/s, Materializing param=model.visual.pos_embed.weight]       
Loading weights: 100%|██████████| 750/750 [00:46<00:00, 54.36it/s, Materializing param=model.visual.pos_embed.weight]
Loading weights: 100%|██████████| 750/750 [00:46<00:00, 16.09it/s, Materializing param=model.visual.pos_embed.weight]
The following generation flags are not valid and may be ignored: ['top_k']. Set `TRANSFORMERS_VERBOSITY=info` for more details.
[inference] LoRA 어댑터 로딩: C:\Users\IPC\Desktop\git\VLM\vlm\train\output\qwen3vl-lora-v3
  [1/50] OK carcass=2738 grade=2 elapsed=88.24s
  [2/50] OK carcass=575 grade=1 elapsed=22.27s
  [3/50] OK carcass=221 grade=2 elapsed=19.09s
  [4/50] OK carcass=3156 grade=2 elapsed=22.7s
  [5/50] OK carcass=1245 grade=2 elapsed=22.58s
  [6/50] OK carcass=1122 grade=2 elapsed=19.33s
  [7/50] OK carcass=1033 grade=2 elapsed=22.22s
  [8/50] OK carcass=690 grade=1+ elapsed=19.3s
  [9/50] OK carcass=3135 grade=1 elapsed=19.35s
  [10/50] OK carcass=538 grade=1+ elapsed=19.32s
  [11/50] OK carcass=2890 grade=1+ elapsed=26.14s
  [12/50] OK carcass=3152 grade=1+ elapsed=26.06s
  [13/50] OK carcass=2352 grade=1+ elapsed=26.08s
  [14/50] OK carcass=475 grade=1+ elapsed=22.46s
  [15/50] OK carcass=2537 grade=1+ elapsed=25.52s
  [16/50] OK carcass=1847 grade=1+ elapsed=21.44s
  [17/50] OK carcass=249 grade=1+ elapsed=19.33s
  [18/50] OK carcass=241 grade=1 elapsed=19.12s
  [19/50] OK carcass=502 grade=1 elapsed=19.24s
  [20/50] OK carcass=1014 grade=2 elapsed=33.69s
  [21/50] OK carcass=1071 grade=1+ elapsed=21.54s
  [22/50] OK carcass=2188 grade=1+ elapsed=21.49s
  [23/50] OK carcass=2584 grade=1+ elapsed=21.42s
  [24/50] OK carcass=227 grade=1+ elapsed=19.42s
  [25/50] OK carcass=2417 grade=1 elapsed=19.26s
  [26/50] OK carcass=933 grade=1+ elapsed=24.5s
  [27/50] OK carcass=3051 grade=1 elapsed=28.35s
  [28/50] OK carcass=2780 grade=1 elapsed=22.18s
  [29/50] OK carcass=2991 grade=1+ elapsed=28.37s
  [30/50] OK carcass=2351 grade=1+ elapsed=27.75s
  [31/50] OK carcass=1837 grade=1+ elapsed=23.17s
  [32/50] OK carcass=1021 grade=2 elapsed=23.36s
  [33/50] OK carcass=1958 grade=2 elapsed=22.31s
  [34/50] OK carcass=2532 grade=1 elapsed=25.97s
  [35/50] OK carcass=1258 grade=1 elapsed=25.83s
  [36/50] OK carcass=3434 grade=1 elapsed=24.18s
  [37/50] OK carcass=145 grade=1+ elapsed=19.26s
  [38/50] OK carcass=3227 grade=1+ elapsed=25.99s
  [39/50] OK carcass=3419 grade=1 elapsed=21.58s
  [40/50] OK carcass=772 grade=1+ elapsed=24.14s
  [41/50] OK carcass=2978 grade=1+ elapsed=25.92s
  [42/50] OK carcass=1850 grade=1 elapsed=25.62s
  [43/50] OK carcass=1512 grade=2 elapsed=22.05s
  [44/50] OK carcass=1257 grade=1+ elapsed=25.91s
  [45/50] OK carcass=755 grade=1+ elapsed=19.35s
  [46/50] OK carcass=1000 grade=2 elapsed=19.35s
  [47/50] OK carcass=3246 grade=2 elapsed=19.46s
  [48/50] OK carcass=1497 grade=1 elapsed=19.35s
  [49/50] OK carcass=537 grade=1 elapsed=19.12s
  [50/50] OK carcass=498 grade=1 elapsed=19.15s
[DONE] 결과 저장: C:\Users\IPC\Desktop\git\VLM\vlm\bench\results_lora_v3.jsonl
Warning: You are sending unauthenticated requests to the HF Hub. Please set a HF_TOKEN to enable higher rate limits and faster downloads.
WARNING:huggingface_hub.utils._http:Warning: You are sending unauthenticated requests to the HF Hub. Please set a HF_TOKEN to enable higher rate limits and faster downloads.
WARNING:torchao:Skipping import of cpp extensions due to incompatible torch version. Please upgrade to torch >= 2.11.0 (found 2.7.1+cu126).
WARNING:torchao.kernel.intmm:Warning: Detected no triton, on systems without Triton certain kernels will not work
W0511 09:41:59.280000 26136 torch\distributed\elastic\multiprocessing\redirects.py:29] NOTE: Redirects are currently not supported in Windows or MacOs.
[base] C:\Users\IPC\Desktop\git\VLM\vlm\bench\results_base.jsonl: 50건

Loading weights:   0%|          | 0/199 [00:00<?, ?it/s]
Loading weights:   1%|          | 1/199 [00:00<00:00, 13189.64it/s, Materializing param=embeddings.LayerNorm.bias]
Loading weights:   1%|          | 1/199 [00:00<00:00, 5622.39it/s, Materializing param=embeddings.LayerNorm.bias] 
Loading weights:   1%|          | 2/199 [00:00<00:00, 5275.85it/s, Materializing param=embeddings.LayerNorm.weight]
Loading weights:   1%|          | 2/199 [00:00<00:00, 4398.85it/s, Materializing param=embeddings.LayerNorm.weight]
Loading weights:   2%|▏         | 3/199 [00:00<00:00, 2058.72it/s, Materializing param=embeddings.position_embeddings.weight]
Loading weights:   2%|▏         | 3/199 [00:00<00:00, 1945.71it/s, Materializing param=embeddings.position_embeddings.weight]
Loading weights:   2%|▏         | 4/199 [00:00<00:00, 1972.86it/s, Materializing param=embeddings.token_type_embeddings.weight]
Loading weights:   2%|▏         | 4/199 [00:00<00:00, 1901.32it/s, Materializing param=embeddings.token_type_embeddings.weight]
Loading weights:   3%|▎         | 5/199 [00:00<00:00, 1922.93it/s, Materializing param=embeddings.word_embeddings.weight]      
Loading weights:   3%|▎         | 5/199 [00:00<00:00, 1869.62it/s, Materializing param=embeddings.word_embeddings.weight]
Loading weights:   3%|▎         | 6/199 [00:00<00:00, 2096.10it/s, Materializing param=encoder.layer.0.attention.output.LayerNorm.bias]
Loading weights:   3%|▎         | 6/199 [00:00<00:00, 2042.18it/s, Materializing param=encoder.layer.0.attention.output.LayerNorm.bias]
Loading weights:   4%|▎         | 7/199 [00:00<00:00, 2030.16it/s, Materializing param=encoder.layer.0.attention.output.LayerNorm.weight]
Loading weights:   4%|▎         | 7/199 [00:00<00:00, 1987.42it/s, Materializing param=encoder.layer.0.attention.output.LayerNorm.weight]
Loading weights:   4%|▍         | 8/199 [00:00<00:00, 1935.76it/s, Materializing param=encoder.layer.0.attention.output.dense.bias]      
Loading weights:   4%|▍         | 8/199 [00:00<00:00, 1902.39it/s, Materializing param=encoder.layer.0.attention.output.dense.bias]
Loading weights:   5%|▍         | 9/199 [00:00<00:00, 2064.24it/s, Materializing param=encoder.layer.0.attention.output.dense.weight]
Loading weights:   5%|▍         | 9/199 [00:00<00:00, 1948.42it/s, Materializing param=encoder.layer.0.attention.output.dense.weight]
Loading weights:   5%|▌         | 10/199 [00:00<00:00, 1877.82it/s, Materializing param=encoder.layer.0.attention.self.key.bias]     
Loading weights:   5%|▌         | 10/199 [00:00<00:00, 1736.77it/s, Materializing param=encoder.layer.0.attention.self.key.bias]
Loading weights:   6%|▌         | 11/199 [00:00<00:00, 1627.88it/s, Materializing param=encoder.layer.0.attention.self.key.weight]
Loading weights:   6%|▌         | 11/199 [00:00<00:00, 1526.87it/s, Materializing param=encoder.layer.0.attention.self.key.weight]
Loading weights:   6%|▌         | 12/199 [00:00<00:00, 1595.25it/s, Materializing param=encoder.layer.0.attention.self.query.bias]
Loading weights:   6%|▌         | 12/199 [00:00<00:00, 1579.38it/s, Materializing param=encoder.layer.0.attention.self.query.bias]
Loading weights:   7%|▋         | 13/199 [00:00<00:00, 1674.89it/s, Materializing param=encoder.layer.0.attention.self.query.weight]
Loading weights:   7%|▋         | 13/199 [00:00<00:00, 1659.19it/s, Materializing param=encoder.layer.0.attention.self.query.weight]
Loading weights:   7%|▋         | 14/199 [00:00<00:00, 1691.89it/s, Materializing param=encoder.layer.0.attention.self.value.bias]  
Loading weights:   7%|▋         | 14/199 [00:00<00:00, 1676.91it/s, Materializing param=encoder.layer.0.attention.self.value.bias]
Loading weights:   8%|▊         | 15/199 [00:00<00:00, 1716.30it/s, Materializing param=encoder.layer.0.attention.self.value.weight]
Loading weights:   8%|▊         | 15/199 [00:00<00:00, 1689.39it/s, Materializing param=encoder.layer.0.attention.self.value.weight]
Loading weights:   8%|▊         | 16/199 [00:00<00:00, 1381.61it/s, Materializing param=encoder.layer.0.intermediate.dense.bias]    
Loading weights:   8%|▊         | 16/199 [00:00<00:00, 1351.39it/s, Materializing param=encoder.layer.0.intermediate.dense.bias]
Loading weights:   9%|▊         | 17/199 [00:00<00:00, 1382.84it/s, Materializing param=encoder.layer.0.intermediate.dense.weight]
Loading weights:   9%|▊         | 17/199 [00:00<00:00, 1327.21it/s, Materializing param=encoder.layer.0.intermediate.dense.weight]
Loading weights:   9%|▉         | 18/199 [00:00<00:00, 1356.50it/s, Materializing param=encoder.layer.0.output.LayerNorm.bias]    
Loading weights:   9%|▉         | 18/199 [00:00<00:00, 1340.56it/s, Materializing param=encoder.layer.0.output.LayerNorm.bias]
Loading weights:  10%|▉         | 19/199 [00:00<00:00, 1394.82it/s, Materializing param=encoder.layer.0.output.LayerNorm.weight]
Loading weights:  10%|▉         | 19/199 [00:00<00:00, 1386.93it/s, Materializing param=encoder.layer.0.output.LayerNorm.weight]
Loading weights:  10%|█         | 20/199 [00:00<00:00, 1442.08it/s, Materializing param=encoder.layer.0.output.dense.bias]      
Loading weights:  10%|█         | 20/199 [00:00<00:00, 1433.51it/s, Materializing param=encoder.layer.0.output.dense.bias]
Loading weights:  11%|█         | 21/199 [00:00<00:00, 1450.72it/s, Materializing param=encoder.layer.0.output.dense.weight]
Loading weights:  11%|█         | 21/199 [00:00<00:00, 1442.05it/s, Materializing param=encoder.layer.0.output.dense.weight]
Loading weights:  11%|█         | 22/199 [00:00<00:00, 1445.29it/s, Materializing param=encoder.layer.1.attention.output.LayerNorm.bias]
Loading weights:  11%|█         | 22/199 [00:00<00:00, 1438.33it/s, Materializing param=encoder.layer.1.attention.output.LayerNorm.bias]
Loading weights:  12%|█▏        | 23/199 [00:00<00:00, 1484.53it/s, Materializing param=encoder.layer.1.attention.output.LayerNorm.weight]
Loading weights:  12%|█▏        | 23/199 [00:00<00:00, 1477.55it/s, Materializing param=encoder.layer.1.attention.output.LayerNorm.weight]
Loading weights:  12%|█▏        | 24/199 [00:00<00:00, 1502.26it/s, Materializing param=encoder.layer.1.attention.output.dense.bias]      
Loading weights:  12%|█▏        | 24/199 [00:00<00:00, 1495.45it/s, Materializing param=encoder.layer.1.attention.output.dense.bias]
Loading weights:  13%|█▎        | 25/199 [00:00<00:00, 1539.87it/s, Materializing param=encoder.layer.1.attention.output.dense.weight]
Loading weights:  13%|█▎        | 25/199 [00:00<00:00, 1533.05it/s, Materializing param=encoder.layer.1.attention.output.dense.weight]
Loading weights:  13%|█▎        | 26/199 [00:00<00:00, 1568.08it/s, Materializing param=encoder.layer.1.attention.self.key.bias]      
Loading weights:  13%|█▎        | 26/199 [00:00<00:00, 1561.21it/s, Materializing param=encoder.layer.1.attention.self.key.bias]
Loading weights:  14%|█▎        | 27/199 [00:00<00:00, 1606.28it/s, Materializing param=encoder.layer.1.attention.self.key.weight]
Loading weights:  14%|█▎        | 27/199 [00:00<00:00, 1599.39it/s, Materializing param=encoder.layer.1.attention.self.key.weight]
Loading weights:  14%|█▍        | 28/199 [00:00<00:00, 1615.95it/s, Materializing param=encoder.layer.1.attention.self.query.bias]
Loading weights:  14%|█▍        | 28/199 [00:00<00:00, 1609.19it/s, Materializing param=encoder.layer.1.attention.self.query.bias]
Loading weights:  15%|█▍        | 29/199 [00:00<00:00, 1654.36it/s, Materializing param=encoder.layer.1.attention.self.query.weight]
Loading weights:  15%|█▍        | 29/199 [00:00<00:00, 1647.65it/s, Materializing param=encoder.layer.1.attention.self.query.weight]
Loading weights:  15%|█▌        | 30/199 [00:00<00:00, 1654.84it/s, Materializing param=encoder.layer.1.attention.self.value.bias]  
Loading weights:  15%|█▌        | 30/199 [00:00<00:00, 1648.19it/s, Materializing param=encoder.layer.1.attention.self.value.bias]
Loading weights:  16%|█▌        | 31/199 [00:00<00:00, 1619.08it/s, Materializing param=encoder.layer.1.attention.self.value.weight]
Loading weights:  16%|█▌        | 31/199 [00:00<00:00, 1612.97it/s, Materializing param=encoder.layer.1.attention.self.value.weight]
Loading weights:  16%|█▌        | 32/199 [00:00<00:00, 1628.68it/s, Materializing param=encoder.layer.1.intermediate.dense.bias]    
Loading weights:  16%|█▌        | 32/199 [00:00<00:00, 1622.75it/s, Materializing param=encoder.layer.1.intermediate.dense.bias]
Loading weights:  17%|█▋        | 33/199 [00:00<00:00, 1639.39it/s, Materializing param=encoder.layer.1.intermediate.dense.weight]
Loading weights:  17%|█▋        | 33/199 [00:00<00:00, 1633.64it/s, Materializing param=encoder.layer.1.intermediate.dense.weight]
Loading weights:  17%|█▋        | 34/199 [00:00<00:00, 1670.86it/s, Materializing param=encoder.layer.1.output.LayerNorm.bias]    
Loading weights:  17%|█▋        | 34/199 [00:00<00:00, 1665.01it/s, Materializing param=encoder.layer.1.output.LayerNorm.bias]
Loading weights:  18%|█▊        | 35/199 [00:00<00:00, 1682.95it/s, Materializing param=encoder.layer.1.output.LayerNorm.weight]
Loading weights:  18%|█▊        | 35/199 [00:00<00:00, 1677.17it/s, Materializing param=encoder.layer.1.output.LayerNorm.weight]
Loading weights:  18%|█▊        | 36/199 [00:00<00:00, 1699.15it/s, Materializing param=encoder.layer.1.output.dense.bias]      
Loading weights:  18%|█▊        | 36/199 [00:00<00:00, 1693.28it/s, Materializing param=encoder.layer.1.output.dense.bias]
Loading weights:  19%|█▊        | 37/199 [00:00<00:00, 1677.50it/s, Materializing param=encoder.layer.1.output.dense.weight]
Loading weights:  19%|█▊        | 37/199 [00:00<00:00, 1672.24it/s, Materializing param=encoder.layer.1.output.dense.weight]
Loading weights:  19%|█▉        | 38/199 [00:00<00:00, 1688.17it/s, Materializing param=encoder.layer.2.attention.output.LayerNorm.bias]
Loading weights:  19%|█▉        | 38/199 [00:00<00:00, 1682.95it/s, Materializing param=encoder.layer.2.attention.output.LayerNorm.bias]
Loading weights:  20%|█▉        | 39/199 [00:00<00:00, 1715.84it/s, Materializing param=encoder.layer.2.attention.output.LayerNorm.weight]
Loading weights:  20%|█▉        | 39/199 [00:00<00:00, 1710.55it/s, Materializing param=encoder.layer.2.attention.output.LayerNorm.weight]
Loading weights:  20%|██        | 40/199 [00:00<00:00, 1720.03it/s, Materializing param=encoder.layer.2.attention.output.dense.bias]      
Loading weights:  20%|██        | 40/199 [00:00<00:00, 1714.90it/s, Materializing param=encoder.layer.2.attention.output.dense.bias]
Loading weights:  21%|██        | 41/199 [00:00<00:00, 1745.04it/s, Materializing param=encoder.layer.2.attention.output.dense.weight]
Loading weights:  21%|██        | 41/199 [00:00<00:00, 1739.90it/s, Materializing param=encoder.layer.2.attention.output.dense.weight]
Loading weights:  21%|██        | 42/199 [00:00<00:00, 1768.63it/s, Materializing param=encoder.layer.2.attention.self.key.bias]      
Loading weights:  21%|██        | 42/199 [00:00<00:00, 1763.53it/s, Materializing param=encoder.layer.2.attention.self.key.bias]
Loading weights:  22%|██▏       | 43/199 [00:00<00:00, 1763.61it/s, Materializing param=encoder.layer.2.attention.self.key.weight]
Loading weights:  22%|██▏       | 43/199 [00:00<00:00, 1759.20it/s, Materializing param=encoder.layer.2.attention.self.key.weight]
Loading weights:  22%|██▏       | 44/199 [00:00<00:00, 1768.24it/s, Materializing param=encoder.layer.2.attention.self.query.bias]
Loading weights:  22%|██▏       | 44/199 [00:00<00:00, 1763.90it/s, Materializing param=encoder.layer.2.attention.self.query.bias]
Loading weights:  23%|██▎       | 45/199 [00:00<00:00, 1786.35it/s, Materializing param=encoder.layer.2.attention.self.query.weight]
Loading weights:  23%|██▎       | 45/199 [00:00<00:00, 1782.01it/s, Materializing param=encoder.layer.2.attention.self.query.weight]
Loading weights:  23%|██▎       | 46/199 [00:00<00:00, 1791.79it/s, Materializing param=encoder.layer.2.attention.self.value.bias]  
Loading weights:  23%|██▎       | 46/199 [00:00<00:00, 1787.56it/s, Materializing param=encoder.layer.2.attention.self.value.bias]
Loading weights:  24%|██▎       | 47/199 [00:00<00:00, 1800.76it/s, Materializing param=encoder.layer.2.attention.self.value.weight]
Loading weights:  24%|██▎       | 47/199 [00:00<00:00, 1796.57it/s, Materializing param=encoder.layer.2.attention.self.value.weight]
Loading weights:  24%|██▍       | 48/199 [00:00<00:00, 1803.32it/s, Materializing param=encoder.layer.2.intermediate.dense.bias]    
Loading weights:  24%|██▍       | 48/199 [00:00<00:00, 1799.20it/s, Materializing param=encoder.layer.2.intermediate.dense.bias]
Loading weights:  25%|██▍       | 49/199 [00:00<00:00, 1827.68it/s, Materializing param=encoder.layer.2.intermediate.dense.weight]
Loading weights:  25%|██▍       | 49/199 [00:00<00:00, 1823.59it/s, Materializing param=encoder.layer.2.intermediate.dense.weight]
Loading weights:  25%|██▌       | 50/199 [00:00<00:00, 1829.24it/s, Materializing param=encoder.layer.2.output.LayerNorm.bias]    
Loading weights:  25%|██▌       | 50/199 [00:00<00:00, 1825.25it/s, Materializing param=encoder.layer.2.output.LayerNorm.bias]
Loading weights:  26%|██▌       | 51/199 [00:00<00:00, 1825.23it/s, Materializing param=encoder.layer.2.output.LayerNorm.weight]
Loading weights:  26%|██▌       | 51/199 [00:00<00:00, 1821.37it/s, Materializing param=encoder.layer.2.output.LayerNorm.weight]
Loading weights:  26%|██▌       | 52/199 [00:00<00:00, 1849.58it/s, Materializing param=encoder.layer.2.output.dense.bias]      
Loading weights:  26%|██▌       | 52/199 [00:00<00:00, 1845.83it/s, Materializing param=encoder.layer.2.output.dense.bias]
Loading weights:  27%|██▋       | 53/199 [00:00<00:00, 1872.93it/s, Materializing param=encoder.layer.2.output.dense.weight]
Loading weights:  27%|██▋       | 53/199 [00:00<00:00, 1869.04it/s, Materializing param=encoder.layer.2.output.dense.weight]
Loading weights:  27%|██▋       | 54/199 [00:00<00:00, 1869.13it/s, Materializing param=encoder.layer.3.attention.output.LayerNorm.bias]
Loading weights:  27%|██▋       | 54/199 [00:00<00:00, 1740.12it/s, Materializing param=encoder.layer.3.attention.output.LayerNorm.bias]
Loading weights:  28%|██▊       | 55/199 [00:00<00:00, 1741.12it/s, Materializing param=encoder.layer.3.attention.output.LayerNorm.weight]
Loading weights:  28%|██▊       | 55/199 [00:00<00:00, 1732.77it/s, Materializing param=encoder.layer.3.attention.output.LayerNorm.weight]
Loading weights:  28%|██▊       | 56/199 [00:00<00:00, 1675.35it/s, Materializing param=encoder.layer.3.attention.output.dense.bias]      
Loading weights:  28%|██▊       | 56/199 [00:00<00:00, 1665.34it/s, Materializing param=encoder.layer.3.attention.output.dense.bias]
Loading weights:  29%|██▊       | 57/199 [00:00<00:00, 1649.49it/s, Materializing param=encoder.layer.3.attention.output.dense.weight]
Loading weights:  29%|██▊       | 57/199 [00:00<00:00, 1625.67it/s, Materializing param=encoder.layer.3.attention.output.dense.weight]
Loading weights:  29%|██▉       | 58/199 [00:00<00:00, 1633.80it/s, Materializing param=encoder.layer.3.attention.self.key.bias]      
Loading weights:  29%|██▉       | 58/199 [00:00<00:00, 1617.41it/s, Materializing param=encoder.layer.3.attention.self.key.bias]
Loading weights:  30%|██▉       | 59/199 [00:00<00:00, 1624.07it/s, Materializing param=encoder.layer.3.attention.self.key.weight]
Loading weights:  30%|██▉       | 59/199 [00:00<00:00, 1619.50it/s, Materializing param=encoder.layer.3.attention.self.key.weight]
Loading weights:  30%|███       | 60/199 [00:00<00:00, 1637.71it/s, Materializing param=encoder.layer.3.attention.self.query.bias]
Loading weights:  30%|███       | 60/199 [00:00<00:00, 1634.68it/s, Materializing param=encoder.layer.3.attention.self.query.bias]
Loading weights:  31%|███       | 61/199 [00:00<00:00, 1655.18it/s, Materializing param=encoder.layer.3.attention.self.query.weight]
Loading weights:  31%|███       | 61/199 [00:00<00:00, 1635.15it/s, Materializing param=encoder.layer.3.attention.self.query.weight]
Loading weights:  31%|███       | 62/199 [00:00<00:00, 1651.96it/s, Materializing param=encoder.layer.3.attention.self.value.bias]  
Loading weights:  31%|███       | 62/199 [00:00<00:00, 1649.00it/s, Materializing param=encoder.layer.3.attention.self.value.bias]
Loading weights:  32%|███▏      | 63/199 [00:00<00:00, 1650.27it/s, Materializing param=encoder.layer.3.attention.self.value.weight]
Loading weights:  32%|███▏      | 63/199 [00:00<00:00, 1621.89it/s, Materializing param=encoder.layer.3.attention.self.value.weight]
Loading weights:  32%|███▏      | 64/199 [00:00<00:00, 1626.52it/s, Materializing param=encoder.layer.3.intermediate.dense.bias]    
Loading weights:  32%|███▏      | 64/199 [00:00<00:00, 1623.78it/s, Materializing param=encoder.layer.3.intermediate.dense.bias]
Loading weights:  33%|███▎      | 65/199 [00:00<00:00, 1643.44it/s, Materializing param=encoder.layer.3.intermediate.dense.weight]
Loading weights:  33%|███▎      | 65/199 [00:00<00:00, 1640.84it/s, Materializing param=encoder.layer.3.intermediate.dense.weight]
Loading weights:  33%|███▎      | 66/199 [00:00<00:00, 1625.92it/s, Materializing param=encoder.layer.3.output.LayerNorm.bias]    
Loading weights:  33%|███▎      | 66/199 [00:00<00:00, 1623.42it/s, Materializing param=encoder.layer.3.output.LayerNorm.bias]
Loading weights:  34%|███▎      | 67/199 [00:00<00:00, 1643.59it/s, Materializing param=encoder.layer.3.output.LayerNorm.weight]
Loading weights:  34%|███▎      | 67/199 [00:00<00:00, 1641.21it/s, Materializing param=encoder.layer.3.output.LayerNorm.weight]
Loading weights:  34%|███▍      | 68/199 [00:00<00:00, 1661.46it/s, Materializing param=encoder.layer.3.output.dense.bias]      
Loading weights:  34%|███▍      | 68/199 [00:00<00:00, 1658.97it/s, Materializing param=encoder.layer.3.output.dense.bias]
Loading weights:  35%|███▍      | 69/199 [00:00<00:00, 1679.04it/s, Materializing param=encoder.layer.3.output.dense.weight]
Loading weights:  35%|███▍      | 69/199 [00:00<00:00, 1676.67it/s, Materializing param=encoder.layer.3.output.dense.weight]
Loading weights:  35%|███▌      | 70/199 [00:00<00:00, 1696.70it/s, Materializing param=encoder.layer.4.attention.output.LayerNorm.bias]
Loading weights:  35%|███▌      | 70/199 [00:00<00:00, 1694.26it/s, Materializing param=encoder.layer.4.attention.output.LayerNorm.bias]
Loading weights:  36%|███▌      | 71/199 [00:00<00:00, 1713.96it/s, Materializing param=encoder.layer.4.attention.output.LayerNorm.weight]
Loading weights:  36%|███▌      | 71/199 [00:00<00:00, 1711.48it/s, Materializing param=encoder.layer.4.attention.output.LayerNorm.weight]
Loading weights:  36%|███▌      | 72/199 [00:00<00:00, 1731.19it/s, Materializing param=encoder.layer.4.attention.output.dense.bias]      
Loading weights:  36%|███▌      | 72/199 [00:00<00:00, 1728.76it/s, Materializing param=encoder.layer.4.attention.output.dense.bias]
Loading weights:  37%|███▋      | 73/199 [00:00<00:00, 1748.37it/s, Materializing param=encoder.layer.4.attention.output.dense.weight]
Loading weights:  37%|███▋      | 73/199 [00:00<00:00, 1745.89it/s, Materializing param=encoder.layer.4.attention.output.dense.weight]
Loading weights:  37%|███▋      | 74/199 [00:00<00:00, 1765.28it/s, Materializing param=encoder.layer.4.attention.self.key.bias]      
Loading weights:  37%|███▋      | 74/199 [00:00<00:00, 1762.83it/s, Materializing param=encoder.layer.4.attention.self.key.bias]
Loading weights:  38%|███▊      | 75/199 [00:00<00:00, 1782.16it/s, Materializing param=encoder.layer.4.attention.self.key.weight]
Loading weights:  38%|███▊      | 75/199 [00:00<00:00, 1779.61it/s, Materializing param=encoder.layer.4.attention.self.key.weight]
Loading weights:  38%|███▊      | 76/199 [00:00<00:00, 1799.01it/s, Materializing param=encoder.layer.4.attention.self.query.bias]
Loading weights:  38%|███▊      | 76/199 [00:00<00:00, 1796.57it/s, Materializing param=encoder.layer.4.attention.self.query.bias]
Loading weights:  39%|███▊      | 77/199 [00:00<00:00, 1815.76it/s, Materializing param=encoder.layer.4.attention.self.query.weight]
Loading weights:  39%|███▊      | 77/199 [00:00<00:00, 1813.32it/s, Materializing param=encoder.layer.4.attention.self.query.weight]
Loading weights:  39%|███▉      | 78/199 [00:00<00:00, 1832.49it/s, Materializing param=encoder.layer.4.attention.self.value.bias]  
Loading weights:  39%|███▉      | 78/199 [00:00<00:00, 1830.06it/s, Materializing param=encoder.layer.4.attention.self.value.bias]
Loading weights:  40%|███▉      | 79/199 [00:00<00:00, 1849.02it/s, Materializing param=encoder.layer.4.attention.self.value.weight]
Loading weights:  40%|███▉      | 79/199 [00:00<00:00, 1846.52it/s, Materializing param=encoder.layer.4.attention.self.value.weight]
Loading weights:  40%|████      | 80/199 [00:00<00:00, 1865.39it/s, Materializing param=encoder.layer.4.intermediate.dense.bias]    
Loading weights:  40%|████      | 80/199 [00:00<00:00, 1862.92it/s, Materializing param=encoder.layer.4.intermediate.dense.bias]
Loading weights:  41%|████      | 81/199 [00:00<00:00, 1881.57it/s, Materializing param=encoder.layer.4.intermediate.dense.weight]
Loading weights:  41%|████      | 81/199 [00:00<00:00, 1878.99it/s, Materializing param=encoder.layer.4.intermediate.dense.weight]
Loading weights:  41%|████      | 82/199 [00:00<00:00, 1897.62it/s, Materializing param=encoder.layer.4.output.LayerNorm.bias]    
Loading weights:  41%|████      | 82/199 [00:00<00:00, 1895.10it/s, Materializing param=encoder.layer.4.output.LayerNorm.bias]
Loading weights:  42%|████▏     | 83/199 [00:00<00:00, 1913.61it/s, Materializing param=encoder.layer.4.output.LayerNorm.weight]
Loading weights:  42%|████▏     | 83/199 [00:00<00:00, 1911.02it/s, Materializing param=encoder.layer.4.output.LayerNorm.weight]
Loading weights:  42%|████▏     | 84/199 [00:00<00:00, 1929.50it/s, Materializing param=encoder.layer.4.output.dense.bias]      
Loading weights:  42%|████▏     | 84/199 [00:00<00:00, 1926.80it/s, Materializing param=encoder.layer.4.output.dense.bias]
Loading weights:  43%|████▎     | 85/199 [00:00<00:00, 1945.05it/s, Materializing param=encoder.layer.4.output.dense.weight]
Loading weights:  43%|████▎     | 85/199 [00:00<00:00, 1942.45it/s, Materializing param=encoder.layer.4.output.dense.weight]
Loading weights:  43%|████▎     | 86/199 [00:00<00:00, 1960.75it/s, Materializing param=encoder.layer.5.attention.output.LayerNorm.bias]
Loading weights:  43%|████▎     | 86/199 [00:00<00:00, 1958.06it/s, Materializing param=encoder.layer.5.attention.output.LayerNorm.bias]
Loading weights:  44%|████▎     | 87/199 [00:00<00:00, 1974.86it/s, Materializing param=encoder.layer.5.attention.output.LayerNorm.weight]
Loading weights:  44%|████▎     | 87/199 [00:00<00:00, 1972.15it/s, Materializing param=encoder.layer.5.attention.output.LayerNorm.weight]
Loading weights:  44%|████▍     | 88/199 [00:00<00:00, 1989.99it/s, Materializing param=encoder.layer.5.attention.output.dense.bias]      
Loading weights:  44%|████▍     | 88/199 [00:00<00:00, 1987.32it/s, Materializing param=encoder.layer.5.attention.output.dense.bias]
Loading weights:  45%|████▍     | 89/199 [00:00<00:00, 2005.16it/s, Materializing param=encoder.layer.5.attention.output.dense.weight]
Loading weights:  45%|████▍     | 89/199 [00:00<00:00, 2002.48it/s, Materializing param=encoder.layer.5.attention.output.dense.weight]
Loading weights:  45%|████▌     | 90/199 [00:00<00:00, 2020.16it/s, Materializing param=encoder.layer.5.attention.self.key.bias]      
Loading weights:  45%|████▌     | 90/199 [00:00<00:00, 2017.51it/s, Materializing param=encoder.layer.5.attention.self.key.bias]
Loading weights:  46%|████▌     | 91/199 [00:00<00:00, 2035.13it/s, Materializing param=encoder.layer.5.attention.self.key.weight]
Loading weights:  46%|████▌     | 91/199 [00:00<00:00, 2032.44it/s, Materializing param=encoder.layer.5.attention.self.key.weight]
Loading weights:  46%|████▌     | 92/199 [00:00<00:00, 2049.96it/s, Materializing param=encoder.layer.5.attention.self.query.bias]
Loading weights:  46%|████▌     | 92/199 [00:00<00:00, 2047.30it/s, Materializing param=encoder.layer.5.attention.self.query.bias]
Loading weights:  47%|████▋     | 93/199 [00:00<00:00, 2064.63it/s, Materializing param=encoder.layer.5.attention.self.query.weight]
Loading weights:  47%|████▋     | 93/199 [00:00<00:00, 2061.83it/s, Materializing param=encoder.layer.5.attention.self.query.weight]
Loading weights:  47%|████▋     | 94/199 [00:00<00:00, 2079.19it/s, Materializing param=encoder.layer.5.attention.self.value.bias]  
Loading weights:  47%|████▋     | 94/199 [00:00<00:00, 2076.50it/s, Materializing param=encoder.layer.5.attention.self.value.bias]
Loading weights:  48%|████▊     | 95/199 [00:00<00:00, 2093.74it/s, Materializing param=encoder.layer.5.attention.self.value.weight]
Loading weights:  48%|████▊     | 95/199 [00:00<00:00, 2091.01it/s, Materializing param=encoder.layer.5.attention.self.value.weight]
Loading weights:  48%|████▊     | 96/199 [00:00<00:00, 2108.12it/s, Materializing param=encoder.layer.5.intermediate.dense.bias]    
Loading weights:  48%|████▊     | 96/199 [00:00<00:00, 2105.40it/s, Materializing param=encoder.layer.5.intermediate.dense.bias]
Loading weights:  49%|████▊     | 97/199 [00:00<00:00, 2122.36it/s, Materializing param=encoder.layer.5.intermediate.dense.weight]
Loading weights:  49%|████▊     | 97/199 [00:00<00:00, 2119.62it/s, Materializing param=encoder.layer.5.intermediate.dense.weight]
Loading weights:  49%|████▉     | 98/199 [00:00<00:00, 2136.60it/s, Materializing param=encoder.layer.5.output.LayerNorm.bias]    
Loading weights:  49%|████▉     | 98/199 [00:00<00:00, 2133.87it/s, Materializing param=encoder.layer.5.output.LayerNorm.bias]
Loading weights:  50%|████▉     | 99/199 [00:00<00:00, 2150.75it/s, Materializing param=encoder.layer.5.output.LayerNorm.weight]
Loading weights:  50%|████▉     | 99/199 [00:00<00:00, 2147.97it/s, Materializing param=encoder.layer.5.output.LayerNorm.weight]
Loading weights:  50%|█████     | 100/199 [00:00<00:00, 2164.76it/s, Materializing param=encoder.layer.5.output.dense.bias]     
Loading weights:  50%|█████     | 100/199 [00:00<00:00, 2162.00it/s, Materializing param=encoder.layer.5.output.dense.bias]
Loading weights:  51%|█████     | 101/199 [00:00<00:00, 2178.75it/s, Materializing param=encoder.layer.5.output.dense.weight]
Loading weights:  51%|█████     | 101/199 [00:00<00:00, 2176.01it/s, Materializing param=encoder.layer.5.output.dense.weight]
Loading weights:  51%|█████▏    | 102/199 [00:00<00:00, 2192.72it/s, Materializing param=encoder.layer.6.attention.output.LayerNorm.bias]
Loading weights:  51%|█████▏    | 102/199 [00:00<00:00, 2189.88it/s, Materializing param=encoder.layer.6.attention.output.LayerNorm.bias]
Loading weights:  52%|█████▏    | 103/199 [00:00<00:00, 2206.22it/s, Materializing param=encoder.layer.6.attention.output.LayerNorm.weight]
Loading weights:  52%|█████▏    | 103/199 [00:00<00:00, 2203.34it/s, Materializing param=encoder.layer.6.attention.output.LayerNorm.weight]
Loading weights:  52%|█████▏    | 104/199 [00:00<00:00, 2219.68it/s, Materializing param=encoder.layer.6.attention.output.dense.bias]      
Loading weights:  52%|█████▏    | 104/199 [00:00<00:00, 2216.87it/s, Materializing param=encoder.layer.6.attention.output.dense.bias]
Loading weights:  53%|█████▎    | 105/199 [00:00<00:00, 2233.14it/s, Materializing param=encoder.layer.6.attention.output.dense.weight]
Loading weights:  53%|█████▎    | 105/199 [00:00<00:00, 2230.29it/s, Materializing param=encoder.layer.6.attention.output.dense.weight]
Loading weights:  53%|█████▎    | 106/199 [00:00<00:00, 2246.46it/s, Materializing param=encoder.layer.6.attention.self.key.bias]      
Loading weights:  53%|█████▎    | 106/199 [00:00<00:00, 2243.67it/s, Materializing param=encoder.layer.6.attention.self.key.bias]
Loading weights:  54%|█████▍    | 107/199 [00:00<00:00, 2259.77it/s, Materializing param=encoder.layer.6.attention.self.key.weight]
Loading weights:  54%|█████▍    | 107/199 [00:00<00:00, 2256.99it/s, Materializing param=encoder.layer.6.attention.self.key.weight]
Loading weights:  54%|█████▍    | 108/199 [00:00<00:00, 2272.97it/s, Materializing param=encoder.layer.6.attention.self.query.bias]
Loading weights:  54%|█████▍    | 108/199 [00:00<00:00, 2270.16it/s, Materializing param=encoder.layer.6.attention.self.query.bias]
Loading weights:  55%|█████▍    | 109/199 [00:00<00:00, 2286.14it/s, Materializing param=encoder.layer.6.attention.self.query.weight]
Loading weights:  55%|█████▍    | 109/199 [00:00<00:00, 2283.33it/s, Materializing param=encoder.layer.6.attention.self.query.weight]
Loading weights:  55%|█████▌    | 110/199 [00:00<00:00, 2299.20it/s, Materializing param=encoder.layer.6.attention.self.value.bias]  
Loading weights:  55%|█████▌    | 110/199 [00:00<00:00, 2296.36it/s, Materializing param=encoder.layer.6.attention.self.value.bias]
Loading weights:  56%|█████▌    | 111/199 [00:00<00:00, 2312.01it/s, Materializing param=encoder.layer.6.attention.self.value.weight]
Loading weights:  56%|█████▌    | 111/199 [00:00<00:00, 2309.11it/s, Materializing param=encoder.layer.6.attention.self.value.weight]
Loading weights:  56%|█████▋    | 112/199 [00:00<00:00, 2324.83it/s, Materializing param=encoder.layer.6.intermediate.dense.bias]    
Loading weights:  56%|█████▋    | 112/199 [00:00<00:00, 2321.98it/s, Materializing param=encoder.layer.6.intermediate.dense.bias]
Loading weights:  57%|█████▋    | 113/199 [00:00<00:00, 2337.65it/s, Materializing param=encoder.layer.6.intermediate.dense.weight]
Loading weights:  57%|█████▋    | 113/199 [00:00<00:00, 2334.79it/s, Materializing param=encoder.layer.6.intermediate.dense.weight]
Loading weights:  57%|█████▋    | 114/199 [00:00<00:00, 2350.47it/s, Materializing param=encoder.layer.6.output.LayerNorm.bias]    
Loading weights:  57%|█████▋    | 114/199 [00:00<00:00, 2347.64it/s, Materializing param=encoder.layer.6.output.LayerNorm.bias]
Loading weights:  58%|█████▊    | 115/199 [00:00<00:00, 2363.13it/s, Materializing param=encoder.layer.6.output.LayerNorm.weight]
Loading weights:  58%|█████▊    | 115/199 [00:00<00:00, 2360.29it/s, Materializing param=encoder.layer.6.output.LayerNorm.weight]
Loading weights:  58%|█████▊    | 116/199 [00:00<00:00, 2375.81it/s, Materializing param=encoder.layer.6.output.dense.bias]      
Loading weights:  58%|█████▊    | 116/199 [00:00<00:00, 2372.97it/s, Materializing param=encoder.layer.6.output.dense.bias]
Loading weights:  59%|█████▉    | 117/199 [00:00<00:00, 2388.31it/s, Materializing param=encoder.layer.6.output.dense.weight]
Loading weights:  59%|█████▉    | 117/199 [00:00<00:00, 2385.42it/s, Materializing param=encoder.layer.6.output.dense.weight]
Loading weights:  59%|█████▉    | 118/199 [00:00<00:00, 2400.59it/s, Materializing param=encoder.layer.7.attention.output.LayerNorm.bias]
Loading weights:  59%|█████▉    | 118/199 [00:00<00:00, 2397.56it/s, Materializing param=encoder.layer.7.attention.output.LayerNorm.bias]
Loading weights:  60%|█████▉    | 119/199 [00:00<00:00, 2412.37it/s, Materializing param=encoder.layer.7.attention.output.LayerNorm.weight]
Loading weights:  60%|█████▉    | 119/199 [00:00<00:00, 2409.34it/s, Materializing param=encoder.layer.7.attention.output.LayerNorm.weight]
Loading weights:  60%|██████    | 120/199 [00:00<00:00, 2424.20it/s, Materializing param=encoder.layer.7.attention.output.dense.bias]      
Loading weights:  60%|██████    | 120/199 [00:00<00:00, 2421.21it/s, Materializing param=encoder.layer.7.attention.output.dense.bias]
Loading weights:  61%|██████    | 121/199 [00:00<00:00, 2435.99it/s, Materializing param=encoder.layer.7.attention.output.dense.weight]
Loading weights:  61%|██████    | 121/199 [00:00<00:00, 2433.00it/s, Materializing param=encoder.layer.7.attention.output.dense.weight]
Loading weights:  61%|██████▏   | 122/199 [00:00<00:00, 2447.72it/s, Materializing param=encoder.layer.7.attention.self.key.bias]      
Loading weights:  61%|██████▏   | 122/199 [00:00<00:00, 2444.71it/s, Materializing param=encoder.layer.7.attention.self.key.bias]
Loading weights:  62%|██████▏   | 123/199 [00:00<00:00, 2459.35it/s, Materializing param=encoder.layer.7.attention.self.key.weight]
Loading weights:  62%|██████▏   | 123/199 [00:00<00:00, 2456.34it/s, Materializing param=encoder.layer.7.attention.self.key.weight]
Loading weights:  62%|██████▏   | 124/199 [00:00<00:00, 2470.94it/s, Materializing param=encoder.layer.7.attention.self.query.bias]
Loading weights:  62%|██████▏   | 124/199 [00:00<00:00, 2467.86it/s, Materializing param=encoder.layer.7.attention.self.query.bias]
Loading weights:  63%|██████▎   | 125/199 [00:00<00:00, 2482.26it/s, Materializing param=encoder.layer.7.attention.self.query.weight]
Loading weights:  63%|██████▎   | 125/199 [00:00<00:00, 2479.24it/s, Materializing param=encoder.layer.7.attention.self.query.weight]
Loading weights:  63%|██████▎   | 126/199 [00:00<00:00, 2493.91it/s, Materializing param=encoder.layer.7.attention.self.value.bias]  
Loading weights:  63%|██████▎   | 126/199 [00:00<00:00, 2491.01it/s, Materializing param=encoder.layer.7.attention.self.value.bias]
Loading weights:  64%|██████▍   | 127/199 [00:00<00:00, 2505.63it/s, Materializing param=encoder.layer.7.attention.self.value.weight]
Loading weights:  64%|██████▍   | 127/199 [00:00<00:00, 2502.74it/s, Materializing param=encoder.layer.7.attention.self.value.weight]
Loading weights:  64%|██████▍   | 128/199 [00:00<00:00, 2517.26it/s, Materializing param=encoder.layer.7.intermediate.dense.bias]    
Loading weights:  64%|██████▍   | 128/199 [00:00<00:00, 2514.35it/s, Materializing param=encoder.layer.7.intermediate.dense.bias]
Loading weights:  65%|██████▍   | 129/199 [00:00<00:00, 2528.84it/s, Materializing param=encoder.layer.7.intermediate.dense.weight]
Loading weights:  65%|██████▍   | 129/199 [00:00<00:00, 2525.92it/s, Materializing param=encoder.layer.7.intermediate.dense.weight]
Loading weights:  65%|██████▌   | 130/199 [00:00<00:00, 2540.36it/s, Materializing param=encoder.layer.7.output.LayerNorm.bias]    
Loading weights:  65%|██████▌   | 130/199 [00:00<00:00, 2537.47it/s, Materializing param=encoder.layer.7.output.LayerNorm.bias]
Loading weights:  66%|██████▌   | 131/199 [00:00<00:00, 2551.87it/s, Materializing param=encoder.layer.7.output.LayerNorm.weight]
Loading weights:  66%|██████▌   | 131/199 [00:00<00:00, 2549.02it/s, Materializing param=encoder.layer.7.output.LayerNorm.weight]
Loading weights:  66%|██████▋   | 132/199 [00:00<00:00, 2563.42it/s, Materializing param=encoder.layer.7.output.dense.bias]      
Loading weights:  66%|██████▋   | 132/199 [00:00<00:00, 2560.60it/s, Materializing param=encoder.layer.7.output.dense.bias]
Loading weights:  67%|██████▋   | 133/199 [00:00<00:00, 2574.96it/s, Materializing param=encoder.layer.7.output.dense.weight]
Loading weights:  67%|██████▋   | 133/199 [00:00<00:00, 2572.12it/s, Materializing param=encoder.layer.7.output.dense.weight]
Loading weights:  67%|██████▋   | 134/199 [00:00<00:00, 2586.48it/s, Materializing param=encoder.layer.8.attention.output.LayerNorm.bias]
Loading weights:  67%|██████▋   | 134/199 [00:00<00:00, 2583.57it/s, Materializing param=encoder.layer.8.attention.output.LayerNorm.bias]
Loading weights:  68%|██████▊   | 135/199 [00:00<00:00, 2597.59it/s, Materializing param=encoder.layer.8.attention.output.LayerNorm.weight]
Loading weights:  68%|██████▊   | 135/199 [00:00<00:00, 2594.66it/s, Materializing param=encoder.layer.8.attention.output.LayerNorm.weight]
Loading weights:  68%|██████▊   | 136/199 [00:00<00:00, 2608.68it/s, Materializing param=encoder.layer.8.attention.output.dense.bias]      
Loading weights:  68%|██████▊   | 136/199 [00:00<00:00, 2605.79it/s, Materializing param=encoder.layer.8.attention.output.dense.bias]
Loading weights:  69%|██████▉   | 137/199 [00:00<00:00, 2619.78it/s, Materializing param=encoder.layer.8.attention.output.dense.weight]
Loading weights:  69%|██████▉   | 137/199 [00:00<00:00, 2616.88it/s, Materializing param=encoder.layer.8.attention.output.dense.weight]
Loading weights:  69%|██████▉   | 138/199 [00:00<00:00, 2630.76it/s, Materializing param=encoder.layer.8.attention.self.key.bias]      
Loading weights:  69%|██████▉   | 138/199 [00:00<00:00, 2627.84it/s, Materializing param=encoder.layer.8.attention.self.key.bias]
Loading weights:  70%|██████▉   | 139/199 [00:00<00:00, 2641.63it/s, Materializing param=encoder.layer.8.attention.self.key.weight]
Loading weights:  70%|██████▉   | 139/199 [00:00<00:00, 2638.79it/s, Materializing param=encoder.layer.8.attention.self.key.weight]
Loading weights:  70%|███████   | 140/199 [00:00<00:00, 2652.66it/s, Materializing param=encoder.layer.8.attention.self.query.bias]
Loading weights:  70%|███████   | 140/199 [00:00<00:00, 2649.81it/s, Materializing param=encoder.layer.8.attention.self.query.bias]
Loading weights:  71%|███████   | 141/199 [00:00<00:00, 2663.66it/s, Materializing param=encoder.layer.8.attention.self.query.weight]
Loading weights:  71%|███████   | 141/199 [00:00<00:00, 2660.80it/s, Materializing param=encoder.layer.8.attention.self.query.weight]
Loading weights:  71%|███████▏  | 142/199 [00:00<00:00, 2674.29it/s, Materializing param=encoder.layer.8.attention.self.value.bias]  
Loading weights:  71%|███████▏  | 142/199 [00:00<00:00, 2671.00it/s, Materializing param=encoder.layer.8.attention.self.value.bias]
Loading weights:  72%|███████▏  | 143/199 [00:00<00:00, 2683.81it/s, Materializing param=encoder.layer.8.attention.self.value.weight]
Loading weights:  72%|███████▏  | 143/199 [00:00<00:00, 2680.46it/s, Materializing param=encoder.layer.8.attention.self.value.weight]
Loading weights:  72%|███████▏  | 144/199 [00:00<00:00, 2693.21it/s, Materializing param=encoder.layer.8.intermediate.dense.bias]    
Loading weights:  72%|███████▏  | 144/199 [00:00<00:00, 2689.85it/s, Materializing param=encoder.layer.8.intermediate.dense.bias]
Loading weights:  73%|███████▎  | 145/199 [00:00<00:00, 2702.55it/s, Materializing param=encoder.layer.8.intermediate.dense.weight]
Loading weights:  73%|███████▎  | 145/199 [00:00<00:00, 2699.18it/s, Materializing param=encoder.layer.8.intermediate.dense.weight]
Loading weights:  73%|███████▎  | 146/199 [00:00<00:00, 2711.90it/s, Materializing param=encoder.layer.8.output.LayerNorm.bias]    
Loading weights:  73%|███████▎  | 146/199 [00:00<00:00, 2708.58it/s, Materializing param=encoder.layer.8.output.LayerNorm.bias]
Loading weights:  74%|███████▍  | 147/199 [00:00<00:00, 2721.07it/s, Materializing param=encoder.layer.8.output.LayerNorm.weight]
Loading weights:  74%|███████▍  | 147/199 [00:00<00:00, 2717.69it/s, Materializing param=encoder.layer.8.output.LayerNorm.weight]
Loading weights:  74%|███████▍  | 148/199 [00:00<00:00, 2730.27it/s, Materializing param=encoder.layer.8.output.dense.bias]      
Loading weights:  74%|███████▍  | 148/199 [00:00<00:00, 2726.97it/s, Materializing param=encoder.layer.8.output.dense.bias]
Loading weights:  75%|███████▍  | 149/199 [00:00<00:00, 2739.52it/s, Materializing param=encoder.layer.8.output.dense.weight]
Loading weights:  75%|███████▍  | 149/199 [00:00<00:00, 2736.21it/s, Materializing param=encoder.layer.8.output.dense.weight]
Loading weights:  75%|███████▌  | 150/199 [00:00<00:00, 2748.66it/s, Materializing param=encoder.layer.9.attention.output.LayerNorm.bias]
Loading weights:  75%|███████▌  | 150/199 [00:00<00:00, 2745.27it/s, Materializing param=encoder.layer.9.attention.output.LayerNorm.bias]
Loading weights:  76%|███████▌  | 151/199 [00:00<00:00, 2757.37it/s, Materializing param=encoder.layer.9.attention.output.LayerNorm.weight]
Loading weights:  76%|███████▌  | 151/199 [00:00<00:00, 2753.93it/s, Materializing param=encoder.layer.9.attention.output.LayerNorm.weight]
Loading weights:  76%|███████▋  | 152/199 [00:00<00:00, 2765.97it/s, Materializing param=encoder.layer.9.attention.output.dense.bias]      
Loading weights:  76%|███████▋  | 152/199 [00:00<00:00, 2762.42it/s, Materializing param=encoder.layer.9.attention.output.dense.bias]
Loading weights:  77%|███████▋  | 153/199 [00:00<00:00, 2774.54it/s, Materializing param=encoder.layer.9.attention.output.dense.weight]
Loading weights:  77%|███████▋  | 153/199 [00:00<00:00, 2771.12it/s, Materializing param=encoder.layer.9.attention.output.dense.weight]
Loading weights:  77%|███████▋  | 154/199 [00:00<00:00, 2783.27it/s, Materializing param=encoder.layer.9.attention.self.key.bias]      
Loading weights:  77%|███████▋  | 154/199 [00:00<00:00, 2779.93it/s, Materializing param=encoder.layer.9.attention.self.key.bias]
Loading weights:  78%|███████▊  | 155/199 [00:00<00:00, 2791.88it/s, Materializing param=encoder.layer.9.attention.self.key.weight]
Loading weights:  78%|███████▊  | 155/199 [00:00<00:00, 2788.53it/s, Materializing param=encoder.layer.9.attention.self.key.weight]
Loading weights:  78%|███████▊  | 156/199 [00:00<00:00, 2800.44it/s, Materializing param=encoder.layer.9.attention.self.query.bias]
Loading weights:  78%|███████▊  | 156/199 [00:00<00:00, 2797.06it/s, Materializing param=encoder.layer.9.attention.self.query.bias]
Loading weights:  79%|███████▉  | 157/199 [00:00<00:00, 2808.94it/s, Materializing param=encoder.layer.9.attention.self.query.weight]
Loading weights:  79%|███████▉  | 157/199 [00:00<00:00, 2805.55it/s, Materializing param=encoder.layer.9.attention.self.query.weight]
Loading weights:  79%|███████▉  | 158/199 [00:00<00:00, 2817.24it/s, Materializing param=encoder.layer.9.attention.self.value.bias]  
Loading weights:  79%|███████▉  | 158/199 [00:00<00:00, 2813.83it/s, Materializing param=encoder.layer.9.attention.self.value.bias]
Loading weights:  80%|███████▉  | 159/199 [00:00<00:00, 2825.44it/s, Materializing param=encoder.layer.9.attention.self.value.weight]
Loading weights:  80%|███████▉  | 159/199 [00:00<00:00, 2821.97it/s, Materializing param=encoder.layer.9.attention.self.value.weight]
Loading weights:  80%|████████  | 160/199 [00:00<00:00, 2833.61it/s, Materializing param=encoder.layer.9.intermediate.dense.bias]    
Loading weights:  80%|████████  | 160/199 [00:00<00:00, 2830.22it/s, Materializing param=encoder.layer.9.intermediate.dense.bias]
Loading weights:  81%|████████  | 161/199 [00:00<00:00, 2841.44it/s, Materializing param=encoder.layer.9.intermediate.dense.weight]
Loading weights:  81%|████████  | 161/199 [00:00<00:00, 2838.06it/s, Materializing param=encoder.layer.9.intermediate.dense.weight]
Loading weights:  81%|████████▏ | 162/199 [00:00<00:00, 2849.57it/s, Materializing param=encoder.layer.9.output.LayerNorm.bias]    
Loading weights:  81%|████████▏ | 162/199 [00:00<00:00, 2846.13it/s, Materializing param=encoder.layer.9.output.LayerNorm.bias]
Loading weights:  82%|████████▏ | 163/199 [00:00<00:00, 2857.50it/s, Materializing param=encoder.layer.9.output.LayerNorm.weight]
Loading weights:  82%|████████▏ | 163/199 [00:00<00:00, 2854.11it/s, Materializing param=encoder.layer.9.output.LayerNorm.weight]
Loading weights:  82%|████████▏ | 164/199 [00:00<00:00, 2865.33it/s, Materializing param=encoder.layer.9.output.dense.bias]      
Loading weights:  82%|████████▏ | 164/199 [00:00<00:00, 2861.96it/s, Materializing param=encoder.layer.9.output.dense.bias]
Loading weights:  83%|████████▎ | 165/199 [00:00<00:00, 2873.44it/s, Materializing param=encoder.layer.9.output.dense.weight]
Loading weights:  83%|████████▎ | 165/199 [00:00<00:00, 2870.07it/s, Materializing param=encoder.layer.9.output.dense.weight]
Loading weights:  83%|████████▎ | 166/199 [00:00<00:00, 2881.38it/s, Materializing param=encoder.layer.10.attention.output.LayerNorm.bias]
Loading weights:  83%|████████▎ | 166/199 [00:00<00:00, 2877.85it/s, Materializing param=encoder.layer.10.attention.output.LayerNorm.bias]
Loading weights:  84%|████████▍ | 167/199 [00:00<00:00, 2888.47it/s, Materializing param=encoder.layer.10.attention.output.LayerNorm.weight]
Loading weights:  84%|████████▍ | 167/199 [00:00<00:00, 2884.87it/s, Materializing param=encoder.layer.10.attention.output.LayerNorm.weight]
Loading weights:  84%|████████▍ | 168/199 [00:00<00:00, 2895.44it/s, Materializing param=encoder.layer.10.attention.output.dense.bias]      
Loading weights:  84%|████████▍ | 168/199 [00:00<00:00, 2891.83it/s, Materializing param=encoder.layer.10.attention.output.dense.bias]
Loading weights:  85%|████████▍ | 169/199 [00:00<00:00, 2902.12it/s, Materializing param=encoder.layer.10.attention.output.dense.weight]
Loading weights:  85%|████████▍ | 169/199 [00:00<00:00, 2898.38it/s, Materializing param=encoder.layer.10.attention.output.dense.weight]
Loading weights:  85%|████████▌ | 170/199 [00:00<00:00, 2908.46it/s, Materializing param=encoder.layer.10.attention.self.key.bias]      
Loading weights:  85%|████████▌ | 170/199 [00:00<00:00, 2904.87it/s, Materializing param=encoder.layer.10.attention.self.key.bias]
Loading weights:  86%|████████▌ | 171/199 [00:00<00:00, 2915.68it/s, Materializing param=encoder.layer.10.attention.self.key.weight]
Loading weights:  86%|████████▌ | 171/199 [00:00<00:00, 2912.23it/s, Materializing param=encoder.layer.10.attention.self.key.weight]
Loading weights:  86%|████████▋ | 172/199 [00:00<00:00, 2923.06it/s, Materializing param=encoder.layer.10.attention.self.query.bias]
Loading weights:  86%|████████▋ | 172/199 [00:00<00:00, 2919.60it/s, Materializing param=encoder.layer.10.attention.self.query.bias]
Loading weights:  87%|████████▋ | 173/199 [00:00<00:00, 2922.88it/s, Materializing param=encoder.layer.10.attention.self.query.weight]
Loading weights:  87%|████████▋ | 173/199 [00:00<00:00, 2919.32it/s, Materializing param=encoder.layer.10.attention.self.query.weight]
Loading weights:  87%|████████▋ | 174/199 [00:00<00:00, 2929.70it/s, Materializing param=encoder.layer.10.attention.self.value.bias]  
Loading weights:  87%|████████▋ | 174/199 [00:00<00:00, 2926.20it/s, Materializing param=encoder.layer.10.attention.self.value.bias]
Loading weights:  88%|████████▊ | 175/199 [00:00<00:00, 2936.59it/s, Materializing param=encoder.layer.10.attention.self.value.weight]
Loading weights:  88%|████████▊ | 175/199 [00:00<00:00, 2933.01it/s, Materializing param=encoder.layer.10.attention.self.value.weight]
Loading weights:  88%|████████▊ | 176/199 [00:00<00:00, 2942.97it/s, Materializing param=encoder.layer.10.intermediate.dense.bias]    
Loading weights:  88%|████████▊ | 176/199 [00:00<00:00, 2939.29it/s, Materializing param=encoder.layer.10.intermediate.dense.bias]
Loading weights:  89%|████████▉ | 177/199 [00:00<00:00, 2949.35it/s, Materializing param=encoder.layer.10.intermediate.dense.weight]
Loading weights:  89%|████████▉ | 177/199 [00:00<00:00, 2945.82it/s, Materializing param=encoder.layer.10.intermediate.dense.weight]
Loading weights:  89%|████████▉ | 178/199 [00:00<00:00, 2956.17it/s, Materializing param=encoder.layer.10.output.LayerNorm.bias]    
Loading weights:  89%|████████▉ | 178/199 [00:00<00:00, 2952.72it/s, Materializing param=encoder.layer.10.output.LayerNorm.bias]
Loading weights:  90%|████████▉ | 179/199 [00:00<00:00, 2963.06it/s, Materializing param=encoder.layer.10.output.LayerNorm.weight]
Loading weights:  90%|████████▉ | 179/199 [00:00<00:00, 2959.67it/s, Materializing param=encoder.layer.10.output.LayerNorm.weight]
Loading weights:  90%|█████████ | 180/199 [00:00<00:00, 2970.04it/s, Materializing param=encoder.layer.10.output.dense.bias]      
Loading weights:  90%|█████████ | 180/199 [00:00<00:00, 2966.58it/s, Materializing param=encoder.layer.10.output.dense.bias]
Loading weights:  91%|█████████ | 181/199 [00:00<00:00, 2976.82it/s, Materializing param=encoder.layer.10.output.dense.weight]
Loading weights:  91%|█████████ | 181/199 [00:00<00:00, 2973.45it/s, Materializing param=encoder.layer.10.output.dense.weight]
Loading weights:  91%|█████████▏| 182/199 [00:00<00:00, 2983.76it/s, Materializing param=encoder.layer.11.attention.output.LayerNorm.bias]
Loading weights:  91%|█████████▏| 182/199 [00:00<00:00, 2980.21it/s, Materializing param=encoder.layer.11.attention.output.LayerNorm.bias]
Loading weights:  92%|█████████▏| 183/199 [00:00<00:00, 2989.97it/s, Materializing param=encoder.layer.11.attention.output.LayerNorm.weight]
Loading weights:  92%|█████████▏| 183/199 [00:00<00:00, 2986.33it/s, Materializing param=encoder.layer.11.attention.output.LayerNorm.weight]
Loading weights:  92%|█████████▏| 184/199 [00:00<00:00, 2996.43it/s, Materializing param=encoder.layer.11.attention.output.dense.bias]      
Loading weights:  92%|█████████▏| 184/199 [00:00<00:00, 2993.03it/s, Materializing param=encoder.layer.11.attention.output.dense.bias]
Loading weights:  93%|█████████▎| 185/199 [00:00<00:00, 3003.12it/s, Materializing param=encoder.layer.11.attention.output.dense.weight]
Loading weights:  93%|█████████▎| 185/199 [00:00<00:00, 2999.70it/s, Materializing param=encoder.layer.11.attention.output.dense.weight]
Loading weights:  93%|█████████▎| 186/199 [00:00<00:00, 3009.74it/s, Materializing param=encoder.layer.11.attention.self.key.bias]      
Loading weights:  93%|█████████▎| 186/199 [00:00<00:00, 3006.29it/s, Materializing param=encoder.layer.11.attention.self.key.bias]
Loading weights:  94%|█████████▍| 187/199 [00:00<00:00, 3016.39it/s, Materializing param=encoder.layer.11.attention.self.key.weight]
Loading weights:  94%|█████████▍| 187/199 [00:00<00:00, 3013.17it/s, Materializing param=encoder.layer.11.attention.self.key.weight]
Loading weights:  94%|█████████▍| 188/199 [00:00<00:00, 3023.45it/s, Materializing param=encoder.layer.11.attention.self.query.bias]
Loading weights:  94%|█████████▍| 188/199 [00:00<00:00, 3020.17it/s, Materializing param=encoder.layer.11.attention.self.query.bias]
Loading weights:  95%|█████████▍| 189/199 [00:00<00:00, 3030.25it/s, Materializing param=encoder.layer.11.attention.self.query.weight]
Loading weights:  95%|█████████▍| 189/199 [00:00<00:00, 3026.78it/s, Materializing param=encoder.layer.11.attention.self.query.weight]
Loading weights:  95%|█████████▌| 190/199 [00:00<00:00, 3036.84it/s, Materializing param=encoder.layer.11.attention.self.value.bias]  
Loading weights:  95%|█████████▌| 190/199 [00:00<00:00, 3033.59it/s, Materializing param=encoder.layer.11.attention.self.value.bias]
Loading weights:  96%|█████████▌| 191/199 [00:00<00:00, 3043.75it/s, Materializing param=encoder.layer.11.attention.self.value.weight]
Loading weights:  96%|█████████▌| 191/199 [00:00<00:00, 3040.50it/s, Materializing param=encoder.layer.11.attention.self.value.weight]
Loading weights:  96%|█████████▋| 192/199 [00:00<00:00, 3050.54it/s, Materializing param=encoder.layer.11.intermediate.dense.bias]    
Loading weights:  96%|█████████▋| 192/199 [00:00<00:00, 3047.30it/s, Materializing param=encoder.layer.11.intermediate.dense.bias]
Loading weights:  97%|█████████▋| 193/199 [00:00<00:00, 3057.26it/s, Materializing param=encoder.layer.11.intermediate.dense.weight]
Loading weights:  97%|█████████▋| 193/199 [00:00<00:00, 3053.96it/s, Materializing param=encoder.layer.11.intermediate.dense.weight]
Loading weights:  97%|█████████▋| 194/199 [00:00<00:00, 3063.95it/s, Materializing param=encoder.layer.11.output.LayerNorm.bias]    
Loading weights:  97%|█████████▋| 194/199 [00:00<00:00, 3060.72it/s, Materializing param=encoder.layer.11.output.LayerNorm.bias]
Loading weights:  98%|█████████▊| 195/199 [00:00<00:00, 3070.62it/s, Materializing param=encoder.layer.11.output.LayerNorm.weight]
Loading weights:  98%|█████████▊| 195/199 [00:00<00:00, 3067.40it/s, Materializing param=encoder.layer.11.output.LayerNorm.weight]
Loading weights:  98%|█████████▊| 196/199 [00:00<00:00, 3077.37it/s, Materializing param=encoder.layer.11.output.dense.bias]      
Loading weights:  98%|█████████▊| 196/199 [00:00<00:00, 3074.15it/s, Materializing param=encoder.layer.11.output.dense.bias]
Loading weights:  99%|█████████▉| 197/199 [00:00<00:00, 3084.06it/s, Materializing param=encoder.layer.11.output.dense.weight]
Loading weights:  99%|█████████▉| 197/199 [00:00<00:00, 3080.82it/s, Materializing param=encoder.layer.11.output.dense.weight]
Loading weights:  99%|█████████▉| 198/199 [00:00<00:00, 3085.64it/s, Materializing param=pooler.dense.bias]                   
Loading weights:  99%|█████████▉| 198/199 [00:00<00:00, 3082.03it/s, Materializing param=pooler.dense.bias]
Loading weights: 100%|██████████| 199/199 [00:00<00:00, 3092.19it/s, Materializing param=pooler.dense.weight]
Loading weights: 100%|██████████| 199/199 [00:00<00:00, 3089.17it/s, Materializing param=pooler.dense.weight]
Loading weights: 100%|██████████| 199/199 [00:00<00:00, 3082.46it/s, Materializing param=pooler.dense.weight]
[1mBertModel LOAD REPORT[0m from: bert-base-multilingual-cased
Key                                        | Status     |  | 
-------------------------------------------+------------+--+-
cls.predictions.transform.LayerNorm.bias   | UNEXPECTED |  | 
cls.seq_relationship.weight                | UNEXPECTED |  | 
cls.predictions.bias                       | UNEXPECTED |  | 
cls.predictions.transform.LayerNorm.weight | UNEXPECTED |  | 
cls.predictions.transform.dense.bias       | UNEXPECTED |  | 
cls.predictions.transform.dense.weight     | UNEXPECTED |  | 
cls.seq_relationship.bias                  | UNEXPECTED |  | 

[3mNotes:
- UNEXPECTED[3m	:can be ignored when loading from different task/architecture; not ok if you expect identical arch.[0m
[lora_v1] C:\Users\IPC\Desktop\git\VLM\vlm\bench\results_lora_v1.jsonl: 50건

Loading weights:   0%|          | 0/199 [00:00<?, ?it/s]
Loading weights:   1%|          | 1/199 [00:00<00:00, 48210.39it/s, Materializing param=embeddings.LayerNorm.bias]
Loading weights:   1%|          | 1/199 [00:00<00:00, 11275.01it/s, Materializing param=embeddings.LayerNorm.bias]
Loading weights:   1%|          | 2/199 [00:00<00:00, 9000.65it/s, Materializing param=embeddings.LayerNorm.weight]
Loading weights:   1%|          | 2/199 [00:00<00:00, 7008.03it/s, Materializing param=embeddings.LayerNorm.weight]
Loading weights:   2%|▏         | 3/199 [00:00<00:00, 5811.97it/s, Materializing param=embeddings.position_embeddings.weight]
Loading weights:   2%|▏         | 3/199 [00:00<00:00, 5127.51it/s, Materializing param=embeddings.position_embeddings.weight]
Loading weights:   2%|▏         | 4/199 [00:00<00:00, 5334.57it/s, Materializing param=embeddings.token_type_embeddings.weight]
Loading weights:   2%|▏         | 4/199 [00:00<00:00, 4927.23it/s, Materializing param=embeddings.token_type_embeddings.weight]
Loading weights:   3%|▎         | 5/199 [00:00<00:00, 5310.59it/s, Materializing param=embeddings.word_embeddings.weight]      
Loading weights:   3%|▎         | 5/199 [00:00<00:00, 4987.28it/s, Materializing param=embeddings.word_embeddings.weight]
Loading weights:   3%|▎         | 6/199 [00:00<00:00, 5160.10it/s, Materializing param=encoder.layer.0.attention.output.LayerNorm.bias]
Loading weights:   3%|▎         | 6/199 [00:00<00:00, 4894.17it/s, Materializing param=encoder.layer.0.attention.output.LayerNorm.bias]
Loading weights:   4%|▎         | 7/199 [00:00<00:00, 5095.48it/s, Materializing param=encoder.layer.0.attention.output.LayerNorm.weight]
Loading weights:   4%|▎         | 7/199 [00:00<00:00, 4876.29it/s, Materializing param=encoder.layer.0.attention.output.LayerNorm.weight]
Loading weights:   4%|▍         | 8/199 [00:00<00:00, 4714.69it/s, Materializing param=encoder.layer.0.attention.output.dense.bias]      
Loading weights:   4%|▍         | 8/199 [00:00<00:00, 4546.67it/s, Materializing param=encoder.layer.0.attention.output.dense.bias]
Loading weights:   5%|▍         | 9/199 [00:00<00:00, 4687.54it/s, Materializing param=encoder.layer.0.attention.output.dense.weight]
Loading weights:   5%|▍         | 9/199 [00:00<00:00, 4540.38it/s, Materializing param=encoder.layer.0.attention.output.dense.weight]
Loading weights:   5%|▌         | 10/199 [00:00<00:00, 4410.41it/s, Materializing param=encoder.layer.0.attention.self.key.bias]     
Loading weights:   5%|▌         | 10/199 [00:00<00:00, 4291.73it/s, Materializing param=encoder.layer.0.attention.self.key.bias]
Loading weights:   6%|▌         | 11/199 [00:00<00:00, 4407.04it/s, Materializing param=encoder.layer.0.attention.self.key.weight]
Loading weights:   6%|▌         | 11/199 [00:00<00:00, 4301.85it/s, Materializing param=encoder.layer.0.attention.self.key.weight]
Loading weights:   6%|▌         | 12/199 [00:00<00:00, 4066.55it/s, Materializing param=encoder.layer.0.attention.self.query.bias]
Loading weights:   6%|▌         | 12/199 [00:00<00:00, 3983.19it/s, Materializing param=encoder.layer.0.attention.self.query.bias]
Loading weights:   7%|▋         | 13/199 [00:00<00:00, 4134.20it/s, Materializing param=encoder.layer.0.attention.self.query.weight]
Loading weights:   7%|▋         | 13/199 [00:00<00:00, 4054.58it/s, Materializing param=encoder.layer.0.attention.self.query.weight]
Loading weights:   7%|▋         | 14/199 [00:00<00:00, 4222.35it/s, Materializing param=encoder.layer.0.attention.self.value.bias]  
Loading weights:   7%|▋         | 14/199 [00:00<00:00, 4148.08it/s, Materializing param=encoder.layer.0.attention.self.value.bias]
Loading weights:   8%|▊         | 15/199 [00:00<00:00, 4305.68it/s, Materializing param=encoder.layer.0.attention.self.value.weight]
Loading weights:   8%|▊         | 15/199 [00:00<00:00, 4233.82it/s, Materializing param=encoder.layer.0.attention.self.value.weight]
Loading weights:   8%|▊         | 16/199 [00:00<00:00, 4383.34it/s, Materializing param=encoder.layer.0.intermediate.dense.bias]    
Loading weights:   8%|▊         | 16/199 [00:00<00:00, 4313.46it/s, Materializing param=encoder.layer.0.intermediate.dense.bias]
Loading weights:   9%|▊         | 17/199 [00:00<00:00, 4455.89it/s, Materializing param=encoder.layer.0.intermediate.dense.weight]
Loading weights:   9%|▊         | 17/199 [00:00<00:00, 4387.89it/s, Materializing param=encoder.layer.0.intermediate.dense.weight]
Loading weights:   9%|▉         | 18/199 [00:00<00:00, 4234.77it/s, Materializing param=encoder.layer.0.output.LayerNorm.bias]    
Loading weights:   9%|▉         | 18/199 [00:00<00:00, 4173.21it/s, Materializing param=encoder.layer.0.output.LayerNorm.bias]
Loading weights:  10%|▉         | 19/199 [00:00<00:00, 4176.06it/s, Materializing param=encoder.layer.0.output.LayerNorm.weight]
Loading weights:  10%|▉         | 19/199 [00:00<00:00, 4120.57it/s, Materializing param=encoder.layer.0.output.LayerNorm.weight]
Loading weights:  10%|█         | 20/199 [00:00<00:00, 4217.71it/s, Materializing param=encoder.layer.0.output.dense.bias]      
Loading weights:  10%|█         | 20/199 [00:00<00:00, 4165.15it/s, Materializing param=encoder.layer.0.output.dense.bias]
Loading weights:  11%|█         | 21/199 [00:00<00:00, 4175.02it/s, Materializing param=encoder.layer.0.output.dense.weight]
Loading weights:  11%|█         | 21/199 [00:00<00:00, 4125.93it/s, Materializing param=encoder.layer.0.output.dense.weight]
Loading weights:  11%|█         | 22/199 [00:00<00:00, 4196.21it/s, Materializing param=encoder.layer.1.attention.output.LayerNorm.bias]
Loading weights:  11%|█         | 22/199 [00:00<00:00, 4147.92it/s, Materializing param=encoder.layer.1.attention.output.LayerNorm.bias]
Loading weights:  12%|█▏        | 23/199 [00:00<00:00, 4109.26it/s, Materializing param=encoder.layer.1.attention.output.LayerNorm.weight]
Loading weights:  12%|█▏        | 23/199 [00:00<00:00, 4064.08it/s, Materializing param=encoder.layer.1.attention.output.LayerNorm.weight]
Loading weights:  12%|█▏        | 24/199 [00:00<00:00, 4124.19it/s, Materializing param=encoder.layer.1.attention.output.dense.bias]      
Loading weights:  12%|█▏        | 24/199 [00:00<00:00, 4080.89it/s, Materializing param=encoder.layer.1.attention.output.dense.bias]
Loading weights:  13%|█▎        | 25/199 [00:00<00:00, 4070.88it/s, Materializing param=encoder.layer.1.attention.output.dense.weight]
Loading weights:  13%|█▎        | 25/199 [00:00<00:00, 4030.35it/s, Materializing param=encoder.layer.1.attention.output.dense.weight]
Loading weights:  13%|█▎        | 26/199 [00:00<00:00, 4104.17it/s, Materializing param=encoder.layer.1.attention.self.key.bias]      
Loading weights:  13%|█▎        | 26/199 [00:00<00:00, 4065.76it/s, Materializing param=encoder.layer.1.attention.self.key.bias]
Loading weights:  14%|█▎        | 27/199 [00:00<00:00, 4025.53it/s, Materializing param=encoder.layer.1.attention.self.key.weight]
Loading weights:  14%|█▎        | 27/199 [00:00<00:00, 3989.23it/s, Materializing param=encoder.layer.1.attention.self.key.weight]
Loading weights:  14%|█▍        | 28/199 [00:00<00:00, 3959.29it/s, Materializing param=encoder.layer.1.attention.self.query.bias]
Loading weights:  14%|█▍        | 28/199 [00:00<00:00, 3925.02it/s, Materializing param=encoder.layer.1.attention.self.query.bias]
Loading weights:  15%|█▍        | 29/199 [00:00<00:00, 3900.30it/s, Materializing param=encoder.layer.1.attention.self.query.weight]
Loading weights:  15%|█▍        | 29/199 [00:00<00:00, 3867.93it/s, Materializing param=encoder.layer.1.attention.self.query.weight]
Loading weights:  15%|█▌        | 30/199 [00:00<00:00, 3917.71it/s, Materializing param=encoder.layer.1.attention.self.value.bias]  
Loading weights:  15%|█▌        | 30/199 [00:00<00:00, 3887.09it/s, Materializing param=encoder.layer.1.attention.self.value.bias]
Loading weights:  16%|█▌        | 31/199 [00:00<00:00, 3942.85it/s, Materializing param=encoder.layer.1.attention.self.value.weight]
Loading weights:  16%|█▌        | 31/199 [00:00<00:00, 3912.13it/s, Materializing param=encoder.layer.1.attention.self.value.weight]
Loading weights:  16%|█▌        | 32/199 [00:00<00:00, 3983.19it/s, Materializing param=encoder.layer.1.intermediate.dense.bias]    
Loading weights:  16%|█▌        | 32/199 [00:00<00:00, 3953.98it/s, Materializing param=encoder.layer.1.intermediate.dense.bias]
Loading weights:  17%|█▋        | 33/199 [00:00<00:00, 4024.31it/s, Materializing param=encoder.layer.1.intermediate.dense.weight]
Loading weights:  17%|█▋        | 33/199 [00:00<00:00, 3995.61it/s, Materializing param=encoder.layer.1.intermediate.dense.weight]
Loading weights:  17%|█▋        | 34/199 [00:00<00:00, 4052.70it/s, Materializing param=encoder.layer.1.output.LayerNorm.bias]    
Loading weights:  17%|█▋        | 34/199 [00:00<00:00, 4023.43it/s, Materializing param=encoder.layer.1.output.LayerNorm.bias]
Loading weights:  18%|█▊        | 35/199 [00:00<00:00, 4038.98it/s, Materializing param=encoder.layer.1.output.LayerNorm.weight]
Loading weights:  18%|█▊        | 35/199 [00:00<00:00, 4010.18it/s, Materializing param=encoder.layer.1.output.LayerNorm.weight]
Loading weights:  18%|█▊        | 36/199 [00:00<00:00, 4050.95it/s, Materializing param=encoder.layer.1.output.dense.bias]      
Loading weights:  18%|█▊        | 36/199 [00:00<00:00, 4023.96it/s, Materializing param=encoder.layer.1.output.dense.bias]
Loading weights:  19%|█▊        | 37/199 [00:00<00:00, 4022.32it/s, Materializing param=encoder.layer.1.output.dense.weight]
Loading weights:  19%|█▊        | 37/199 [00:00<00:00, 3996.43it/s, Materializing param=encoder.layer.1.output.dense.weight]
Loading weights:  19%|█▉        | 38/199 [00:00<00:00, 4035.23it/s, Materializing param=encoder.layer.2.attention.output.LayerNorm.bias]
Loading weights:  19%|█▉        | 38/199 [00:00<00:00, 4008.94it/s, Materializing param=encoder.layer.2.attention.output.LayerNorm.bias]
Loading weights:  20%|█▉        | 39/199 [00:00<00:00, 4057.69it/s, Materializing param=encoder.layer.2.attention.output.LayerNorm.weight]
Loading weights:  20%|█▉        | 39/199 [00:00<00:00, 4031.99it/s, Materializing param=encoder.layer.2.attention.output.LayerNorm.weight]
Loading weights:  20%|██        | 40/199 [00:00<00:00, 3989.83it/s, Materializing param=encoder.layer.2.attention.output.dense.bias]      
Loading weights:  20%|██        | 40/199 [00:00<00:00, 3965.40it/s, Materializing param=encoder.layer.2.attention.output.dense.bias]
Loading weights:  21%|██        | 41/199 [00:00<00:00, 4021.38it/s, Materializing param=encoder.layer.2.attention.output.dense.weight]
Loading weights:  21%|██        | 41/199 [00:00<00:00, 3999.03it/s, Materializing param=encoder.layer.2.attention.output.dense.weight]
Loading weights:  21%|██        | 42/199 [00:00<00:00, 3993.04it/s, Materializing param=encoder.layer.2.attention.self.key.bias]      
Loading weights:  21%|██        | 42/199 [00:00<00:00, 3970.36it/s, Materializing param=encoder.layer.2.attention.self.key.bias]
Loading weights:  22%|██▏       | 43/199 [00:00<00:00, 4015.48it/s, Materializing param=encoder.layer.2.attention.self.key.weight]
Loading weights:  22%|██▏       | 43/199 [00:00<00:00, 3993.51it/s, Materializing param=encoder.layer.2.attention.self.key.weight]
Loading weights:  22%|██▏       | 44/199 [00:00<00:00, 4031.57it/s, Materializing param=encoder.layer.2.attention.self.query.bias]
Loading weights:  22%|██▏       | 44/199 [00:00<00:00, 4009.94it/s, Materializing param=encoder.layer.2.attention.self.query.bias]
Loading weights:  23%|██▎       | 45/199 [00:00<00:00, 3996.35it/s, Materializing param=encoder.layer.2.attention.self.query.weight]
Loading weights:  23%|██▎       | 45/199 [00:00<00:00, 3975.31it/s, Materializing param=encoder.layer.2.attention.self.query.weight]
Loading weights:  23%|██▎       | 46/199 [00:00<00:00, 4018.37it/s, Materializing param=encoder.layer.2.attention.self.value.bias]  
Loading weights:  23%|██▎       | 46/199 [00:00<00:00, 3997.47it/s, Materializing param=encoder.layer.2.attention.self.value.bias]
Loading weights:  24%|██▎       | 47/199 [00:00<00:00, 3952.84it/s, Materializing param=encoder.layer.2.attention.self.value.weight]
Loading weights:  24%|██▎       | 47/199 [00:00<00:00, 3933.05it/s, Materializing param=encoder.layer.2.attention.self.value.weight]
Loading weights:  24%|██▍       | 48/199 [00:00<00:00, 3964.45it/s, Materializing param=encoder.layer.2.intermediate.dense.bias]    
Loading weights:  24%|██▍       | 48/199 [00:00<00:00, 3922.58it/s, Materializing param=encoder.layer.2.intermediate.dense.bias]
Loading weights:  25%|██▍       | 49/199 [00:00<00:00, 3959.64it/s, Materializing param=encoder.layer.2.intermediate.dense.weight]
Loading weights:  25%|██▍       | 49/199 [00:00<00:00, 3940.50it/s, Materializing param=encoder.layer.2.intermediate.dense.weight]
Loading weights:  25%|██▌       | 50/199 [00:00<00:00, 3886.93it/s, Materializing param=encoder.layer.2.output.LayerNorm.bias]    
Loading weights:  25%|██▌       | 50/199 [00:00<00:00, 3868.78it/s, Materializing param=encoder.layer.2.output.LayerNorm.bias]
Loading weights:  26%|██▌       | 51/199 [00:00<00:00, 3907.24it/s, Materializing param=encoder.layer.2.output.LayerNorm.weight]
Loading weights:  26%|██▌       | 51/199 [00:00<00:00, 3889.62it/s, Materializing param=encoder.layer.2.output.LayerNorm.weight]
Loading weights:  26%|██▌       | 52/199 [00:00<00:00, 3860.86it/s, Materializing param=encoder.layer.2.output.dense.bias]      
Loading weights:  26%|██▌       | 52/199 [00:00<00:00, 3842.90it/s, Materializing param=encoder.layer.2.output.dense.bias]
Loading weights:  27%|██▋       | 53/199 [00:00<00:00, 3868.95it/s, Materializing param=encoder.layer.2.output.dense.weight]
Loading weights:  27%|██▋       | 53/199 [00:00<00:00, 3851.39it/s, Materializing param=encoder.layer.2.output.dense.weight]
Loading weights:  27%|██▋       | 54/199 [00:00<00:00, 3843.15it/s, Materializing param=encoder.layer.3.attention.output.LayerNorm.bias]
Loading weights:  27%|██▋       | 54/199 [00:00<00:00, 3825.63it/s, Materializing param=encoder.layer.3.attention.output.LayerNorm.bias]
Loading weights:  28%|██▊       | 55/199 [00:00<00:00, 3845.48it/s, Materializing param=encoder.layer.3.attention.output.LayerNorm.weight]
Loading weights:  28%|██▊       | 55/199 [00:00<00:00, 3828.06it/s, Materializing param=encoder.layer.3.attention.output.LayerNorm.weight]
Loading weights:  28%|██▊       | 56/199 [00:00<00:00, 3833.17it/s, Materializing param=encoder.layer.3.attention.output.dense.bias]      
Loading weights:  28%|██▊       | 56/199 [00:00<00:00, 3816.54it/s, Materializing param=encoder.layer.3.attention.output.dense.bias]
Loading weights:  29%|██▊       | 57/199 [00:00<00:00, 3841.62it/s, Materializing param=encoder.layer.3.attention.output.dense.weight]
Loading weights:  29%|██▊       | 57/199 [00:00<00:00, 3825.27it/s, Materializing param=encoder.layer.3.attention.output.dense.weight]
Loading weights:  29%|██▉       | 58/199 [00:00<00:00, 3856.83it/s, Materializing param=encoder.layer.3.attention.self.key.bias]      
Loading weights:  29%|██▉       | 58/199 [00:00<00:00, 3840.70it/s, Materializing param=encoder.layer.3.attention.self.key.bias]
Loading weights:  30%|██▉       | 59/199 [00:00<00:00, 3863.18it/s, Materializing param=encoder.layer.3.attention.self.key.weight]
Loading weights:  30%|██▉       | 59/199 [00:00<00:00, 3847.45it/s, Materializing param=encoder.layer.3.attention.self.key.weight]
Loading weights:  30%|███       | 60/199 [00:00<00:00, 3875.60it/s, Materializing param=encoder.layer.3.attention.self.query.bias]
Loading weights:  30%|███       | 60/199 [00:00<00:00, 3860.03it/s, Materializing param=encoder.layer.3.attention.self.query.bias]
Loading weights:  31%|███       | 61/199 [00:00<00:00, 3876.79it/s, Materializing param=encoder.layer.3.attention.self.query.weight]
Loading weights:  31%|███       | 61/199 [00:00<00:00, 3861.17it/s, Materializing param=encoder.layer.3.attention.self.query.weight]
Loading weights:  31%|███       | 62/199 [00:00<00:00, 3853.12it/s, Materializing param=encoder.layer.3.attention.self.value.bias]  
Loading weights:  31%|███       | 62/199 [00:00<00:00, 3838.10it/s, Materializing param=encoder.layer.3.attention.self.value.bias]
Loading weights:  32%|███▏      | 63/199 [00:00<00:00, 3867.13it/s, Materializing param=encoder.layer.3.attention.self.value.weight]
Loading weights:  32%|███▏      | 63/199 [00:00<00:00, 3852.19it/s, Materializing param=encoder.layer.3.attention.self.value.weight]
Loading weights:  32%|███▏      | 64/199 [00:00<00:00, 3861.21it/s, Materializing param=encoder.layer.3.intermediate.dense.bias]    
Loading weights:  32%|███▏      | 64/199 [00:00<00:00, 3846.61it/s, Materializing param=encoder.layer.3.intermediate.dense.bias]
Loading weights:  33%|███▎      | 65/199 [00:00<00:00, 3875.55it/s, Materializing param=encoder.layer.3.intermediate.dense.weight]
Loading weights:  33%|███▎      | 65/199 [00:00<00:00, 3861.12it/s, Materializing param=encoder.layer.3.intermediate.dense.weight]
Loading weights:  33%|███▎      | 66/199 [00:00<00:00, 3826.76it/s, Materializing param=encoder.layer.3.output.LayerNorm.bias]    
Loading weights:  33%|███▎      | 66/199 [00:00<00:00, 3812.85it/s, Materializing param=encoder.layer.3.output.LayerNorm.bias]
Loading weights:  34%|███▎      | 67/199 [00:00<00:00, 3834.44it/s, Materializing param=encoder.layer.3.output.LayerNorm.weight]
Loading weights:  34%|███▎      | 67/199 [00:00<00:00, 3820.78it/s, Materializing param=encoder.layer.3.output.LayerNorm.weight]
Loading weights:  34%|███▍      | 68/199 [00:00<00:00, 3848.61it/s, Materializing param=encoder.layer.3.output.dense.bias]      
Loading weights:  34%|███▍      | 68/199 [00:00<00:00, 3835.26it/s, Materializing param=encoder.layer.3.output.dense.bias]
Loading weights:  35%|███▍      | 69/199 [00:00<00:00, 3856.81it/s, Materializing param=encoder.layer.3.output.dense.weight]
Loading weights:  35%|███▍      | 69/199 [00:00<00:00, 3843.64it/s, Materializing param=encoder.layer.3.output.dense.weight]
Loading weights:  35%|███▌      | 70/199 [00:00<00:00, 3848.49it/s, Materializing param=encoder.layer.4.attention.output.LayerNorm.bias]
Loading weights:  35%|███▌      | 70/199 [00:00<00:00, 3835.02it/s, Materializing param=encoder.layer.4.attention.output.LayerNorm.bias]
Loading weights:  36%|███▌      | 71/199 [00:00<00:00, 3865.67it/s, Materializing param=encoder.layer.4.attention.output.LayerNorm.weight]
Loading weights:  36%|███▌      | 71/199 [00:00<00:00, 3852.66it/s, Materializing param=encoder.layer.4.attention.output.LayerNorm.weight]
Loading weights:  36%|███▌      | 72/199 [00:00<00:00, 3883.42it/s, Materializing param=encoder.layer.4.attention.output.dense.bias]      
Loading weights:  36%|███▌      | 72/199 [00:00<00:00, 3870.77it/s, Materializing param=encoder.layer.4.attention.output.dense.bias]
Loading weights:  37%|███▋      | 73/199 [00:00<00:00, 3901.13it/s, Materializing param=encoder.layer.4.attention.output.dense.weight]
Loading weights:  37%|███▋      | 73/199 [00:00<00:00, 3888.45it/s, Materializing param=encoder.layer.4.attention.output.dense.weight]
Loading weights:  37%|███▋      | 74/199 [00:00<00:00, 3907.23it/s, Materializing param=encoder.layer.4.attention.self.key.bias]      
Loading weights:  37%|███▋      | 74/199 [00:00<00:00, 3894.29it/s, Materializing param=encoder.layer.4.attention.self.key.bias]
Loading weights:  38%|███▊      | 75/199 [00:00<00:00, 3886.69it/s, Materializing param=encoder.layer.4.attention.self.key.weight]
Loading weights:  38%|███▊      | 75/199 [00:00<00:00, 3874.00it/s, Materializing param=encoder.layer.4.attention.self.key.weight]
Loading weights:  38%|███▊      | 76/199 [00:00<00:00, 3898.86it/s, Materializing param=encoder.layer.4.attention.self.query.bias]
Loading weights:  38%|███▊      | 76/199 [00:00<00:00, 3886.93it/s, Materializing param=encoder.layer.4.attention.self.query.bias]
Loading weights:  39%|███▊      | 77/199 [00:00<00:00, 3834.78it/s, Materializing param=encoder.layer.4.attention.self.query.weight]
Loading weights:  39%|███▊      | 77/199 [00:00<00:00, 3822.93it/s, Materializing param=encoder.layer.4.attention.self.query.weight]
Loading weights:  39%|███▉      | 78/199 [00:00<00:00, 3822.00it/s, Materializing param=encoder.layer.4.attention.self.value.bias]  
Loading weights:  39%|███▉      | 78/199 [00:00<00:00, 3810.65it/s, Materializing param=encoder.layer.4.attention.self.value.bias]
Loading weights:  40%|███▉      | 79/199 [00:00<00:00, 3834.98it/s, Materializing param=encoder.layer.4.attention.self.value.weight]
Loading weights:  40%|███▉      | 79/199 [00:00<00:00, 3823.65it/s, Materializing param=encoder.layer.4.attention.self.value.weight]
Loading weights:  40%|████      | 80/199 [00:00<00:00, 3844.72it/s, Materializing param=encoder.layer.4.intermediate.dense.bias]    
Loading weights:  40%|████      | 80/199 [00:00<00:00, 3833.52it/s, Materializing param=encoder.layer.4.intermediate.dense.bias]
Loading weights:  41%|████      | 81/199 [00:00<00:00, 3852.17it/s, Materializing param=encoder.layer.4.intermediate.dense.weight]
Loading weights:  41%|████      | 81/199 [00:00<00:00, 3840.98it/s, Materializing param=encoder.layer.4.intermediate.dense.weight]
Loading weights:  41%|████      | 82/199 [00:00<00:00, 3841.15it/s, Materializing param=encoder.layer.4.output.LayerNorm.bias]    
Loading weights:  41%|████      | 82/199 [00:00<00:00, 3830.24it/s, Materializing param=encoder.layer.4.output.LayerNorm.bias]
Loading weights:  42%|████▏     | 83/199 [00:00<00:00, 3832.69it/s, Materializing param=encoder.layer.4.output.LayerNorm.weight]
Loading weights:  42%|████▏     | 83/199 [00:00<00:00, 3822.00it/s, Materializing param=encoder.layer.4.output.LayerNorm.weight]
Loading weights:  42%|████▏     | 84/199 [00:00<00:00, 3839.81it/s, Materializing param=encoder.layer.4.output.dense.bias]      
Loading weights:  42%|████▏     | 84/199 [00:00<00:00, 3829.29it/s, Materializing param=encoder.layer.4.output.dense.bias]
Loading weights:  43%|████▎     | 85/199 [00:00<00:00, 3823.06it/s, Materializing param=encoder.layer.4.output.dense.weight]
Loading weights:  43%|████▎     | 85/199 [00:00<00:00, 3812.72it/s, Materializing param=encoder.layer.4.output.dense.weight]
Loading weights:  43%|████▎     | 86/199 [00:00<00:00, 3835.14it/s, Materializing param=encoder.layer.5.attention.output.LayerNorm.bias]
Loading weights:  43%|████▎     | 86/199 [00:00<00:00, 3824.57it/s, Materializing param=encoder.layer.5.attention.output.LayerNorm.bias]
Loading weights:  44%|████▎     | 87/199 [00:00<00:00, 3832.06it/s, Materializing param=encoder.layer.5.attention.output.LayerNorm.weight]
Loading weights:  44%|████▎     | 87/199 [00:00<00:00, 3821.55it/s, Materializing param=encoder.layer.5.attention.output.LayerNorm.weight]
Loading weights:  44%|████▍     | 88/199 [00:00<00:00, 3843.18it/s, Materializing param=encoder.layer.5.attention.output.dense.bias]      
Loading weights:  44%|████▍     | 88/199 [00:00<00:00, 3832.92it/s, Materializing param=encoder.layer.5.attention.output.dense.bias]
Loading weights:  45%|████▍     | 89/199 [00:00<00:00, 3815.65it/s, Materializing param=encoder.layer.5.attention.output.dense.weight]
Loading weights:  45%|████▍     | 89/199 [00:00<00:00, 3805.50it/s, Materializing param=encoder.layer.5.attention.output.dense.weight]
Loading weights:  45%|████▌     | 90/199 [00:00<00:00, 3805.81it/s, Materializing param=encoder.layer.5.attention.self.key.bias]      
Loading weights:  45%|████▌     | 90/199 [00:00<00:00, 3796.21it/s, Materializing param=encoder.layer.5.attention.self.key.bias]
Loading weights:  46%|████▌     | 91/199 [00:00<00:00, 3807.11it/s, Materializing param=encoder.layer.5.attention.self.key.weight]
Loading weights:  46%|████▌     | 91/199 [00:00<00:00, 3797.64it/s, Materializing param=encoder.layer.5.attention.self.key.weight]
Loading weights:  46%|████▌     | 92/199 [00:00<00:00, 3814.06it/s, Materializing param=encoder.layer.5.attention.self.query.bias]
Loading weights:  46%|████▌     | 92/199 [00:00<00:00, 3804.77it/s, Materializing param=encoder.layer.5.attention.self.query.bias]
Loading weights:  47%|████▋     | 93/199 [00:00<00:00, 3782.17it/s, Materializing param=encoder.layer.5.attention.self.query.weight]
Loading weights:  47%|████▋     | 93/199 [00:00<00:00, 3773.02it/s, Materializing param=encoder.layer.5.attention.self.query.weight]
Loading weights:  47%|████▋     | 94/199 [00:00<00:00, 3789.40it/s, Materializing param=encoder.layer.5.attention.self.value.bias]  
Loading weights:  47%|████▋     | 94/199 [00:00<00:00, 3780.39it/s, Materializing param=encoder.layer.5.attention.self.value.bias]
Loading weights:  48%|████▊     | 95/199 [00:00<00:00, 3804.45it/s, Materializing param=encoder.layer.5.attention.self.value.weight]
Loading weights:  48%|████▊     | 95/199 [00:00<00:00, 3795.64it/s, Materializing param=encoder.layer.5.attention.self.value.weight]
Loading weights:  48%|████▊     | 96/199 [00:00<00:00, 3819.62it/s, Materializing param=encoder.layer.5.intermediate.dense.bias]    
Loading weights:  48%|████▊     | 96/199 [00:00<00:00, 3810.98it/s, Materializing param=encoder.layer.5.intermediate.dense.bias]
Loading weights:  49%|████▊     | 97/199 [00:00<00:00, 3827.24it/s, Materializing param=encoder.layer.5.intermediate.dense.weight]
Loading weights:  49%|████▊     | 97/199 [00:00<00:00, 3818.30it/s, Materializing param=encoder.layer.5.intermediate.dense.weight]
Loading weights:  49%|████▉     | 98/199 [00:00<00:00, 3821.33it/s, Materializing param=encoder.layer.5.output.LayerNorm.bias]    
Loading weights:  49%|████▉     | 98/199 [00:00<00:00, 3812.47it/s, Materializing param=encoder.layer.5.output.LayerNorm.bias]
Loading weights:  50%|████▉     | 99/199 [00:00<00:00, 3832.43it/s, Materializing param=encoder.layer.5.output.LayerNorm.weight]
Loading weights:  50%|████▉     | 99/199 [00:00<00:00, 3823.82it/s, Materializing param=encoder.layer.5.output.LayerNorm.weight]
Loading weights:  50%|█████     | 100/199 [00:00<00:00, 3801.94it/s, Materializing param=encoder.layer.5.output.dense.bias]     
Loading weights:  50%|█████     | 100/199 [00:00<00:00, 3793.42it/s, Materializing param=encoder.layer.5.output.dense.bias]
Loading weights:  51%|█████     | 101/199 [00:00<00:00, 3801.95it/s, Materializing param=encoder.layer.5.output.dense.weight]
Loading weights:  51%|█████     | 101/199 [00:00<00:00, 3793.57it/s, Materializing param=encoder.layer.5.output.dense.weight]
Loading weights:  51%|█████▏    | 102/199 [00:00<00:00, 3787.82it/s, Materializing param=encoder.layer.6.attention.output.LayerNorm.bias]
Loading weights:  51%|█████▏    | 102/199 [00:00<00:00, 3779.32it/s, Materializing param=encoder.layer.6.attention.output.LayerNorm.bias]
Loading weights:  52%|█████▏    | 103/199 [00:00<00:00, 3797.99it/s, Materializing param=encoder.layer.6.attention.output.LayerNorm.weight]
Loading weights:  52%|█████▏    | 103/199 [00:00<00:00, 3789.62it/s, Materializing param=encoder.layer.6.attention.output.LayerNorm.weight]
Loading weights:  52%|█████▏    | 104/199 [00:00<00:00, 3782.72it/s, Materializing param=encoder.layer.6.attention.output.dense.bias]      
Loading weights:  52%|█████▏    | 104/199 [00:00<00:00, 3774.50it/s, Materializing param=encoder.layer.6.attention.output.dense.bias]
Loading weights:  53%|█████▎    | 105/199 [00:00<00:00, 3780.96it/s, Materializing param=encoder.layer.6.attention.output.dense.weight]
Loading weights:  53%|█████▎    | 105/199 [00:00<00:00, 3772.89it/s, Materializing param=encoder.layer.6.attention.output.dense.weight]
Loading weights:  53%|█████▎    | 106/199 [00:00<00:00, 3791.25it/s, Materializing param=encoder.layer.6.attention.self.key.bias]      
Loading weights:  53%|█████▎    | 106/199 [00:00<00:00, 3783.35it/s, Materializing param=encoder.layer.6.attention.self.key.bias]
Loading weights:  54%|█████▍    | 107/199 [00:00<00:00, 3797.71it/s, Materializing param=encoder.layer.6.attention.self.key.weight]
Loading weights:  54%|█████▍    | 107/199 [00:00<00:00, 3789.76it/s, Materializing param=encoder.layer.6.attention.self.key.weight]
Loading weights:  54%|█████▍    | 108/199 [00:00<00:00, 3775.79it/s, Materializing param=encoder.layer.6.attention.self.query.bias]
Loading weights:  54%|█████▍    | 108/199 [00:00<00:00, 3767.90it/s, Materializing param=encoder.layer.6.attention.self.query.bias]
Loading weights:  55%|█████▍    | 109/199 [00:00<00:00, 3766.64it/s, Materializing param=encoder.layer.6.attention.self.query.weight]
Loading weights:  55%|█████▍    | 109/199 [00:00<00:00, 3758.68it/s, Materializing param=encoder.layer.6.attention.self.query.weight]
Loading weights:  55%|█████▌    | 110/199 [00:00<00:00, 3776.05it/s, Materializing param=encoder.layer.6.attention.self.value.bias]  
Loading weights:  55%|█████▌    | 110/199 [00:00<00:00, 3768.16it/s, Materializing param=encoder.layer.6.attention.self.value.bias]
Loading weights:  56%|█████▌    | 111/199 [00:00<00:00, 3781.54it/s, Materializing param=encoder.layer.6.attention.self.value.weight]
Loading weights:  56%|█████▌    | 111/199 [00:00<00:00, 3773.66it/s, Materializing param=encoder.layer.6.attention.self.value.weight]
Loading weights:  56%|█████▋    | 112/199 [00:00<00:00, 3767.26it/s, Materializing param=encoder.layer.6.intermediate.dense.bias]    
Loading weights:  56%|█████▋    | 112/199 [00:00<00:00, 3759.51it/s, Materializing param=encoder.layer.6.intermediate.dense.bias]
Loading weights:  57%|█████▋    | 113/199 [00:00<00:00, 3735.26it/s, Materializing param=encoder.layer.6.intermediate.dense.weight]
Loading weights:  57%|█████▋    | 113/199 [00:00<00:00, 3727.68it/s, Materializing param=encoder.layer.6.intermediate.dense.weight]
Loading weights:  57%|█████▋    | 114/199 [00:00<00:00, 3744.59it/s, Materializing param=encoder.layer.6.output.LayerNorm.bias]    
Loading weights:  57%|█████▋    | 114/199 [00:00<00:00, 3737.16it/s, Materializing param=encoder.layer.6.output.LayerNorm.bias]
Loading weights:  58%|█████▊    | 115/199 [00:00<00:00, 3750.04it/s, Materializing param=encoder.layer.6.output.LayerNorm.weight]
Loading weights:  58%|█████▊    | 115/199 [00:00<00:00, 3742.56it/s, Materializing param=encoder.layer.6.output.LayerNorm.weight]
Loading weights:  58%|█████▊    | 116/199 [00:00<00:00, 3741.46it/s, Materializing param=encoder.layer.6.output.dense.bias]      
Loading weights:  58%|█████▊    | 116/199 [00:00<00:00, 3733.91it/s, Materializing param=encoder.layer.6.output.dense.bias]
Loading weights:  59%|█████▉    | 117/199 [00:00<00:00, 3746.37it/s, Materializing param=encoder.layer.6.output.dense.weight]
Loading weights:  59%|█████▉    | 117/199 [00:00<00:00, 3738.81it/s, Materializing param=encoder.layer.6.output.dense.weight]
Loading weights:  59%|█████▉    | 118/199 [00:00<00:00, 3751.07it/s, Materializing param=encoder.layer.7.attention.output.LayerNorm.bias]
Loading weights:  59%|█████▉    | 118/199 [00:00<00:00, 3743.53it/s, Materializing param=encoder.layer.7.attention.output.LayerNorm.bias]
Loading weights:  60%|█████▉    | 119/199 [00:00<00:00, 3749.27it/s, Materializing param=encoder.layer.7.attention.output.LayerNorm.weight]
Loading weights:  60%|█████▉    | 119/199 [00:00<00:00, 3741.71it/s, Materializing param=encoder.layer.7.attention.output.LayerNorm.weight]
Loading weights:  60%|██████    | 120/199 [00:00<00:00, 3752.87it/s, Materializing param=encoder.layer.7.attention.output.dense.bias]      
Loading weights:  60%|██████    | 120/199 [00:00<00:00, 3745.50it/s, Materializing param=encoder.layer.7.attention.output.dense.bias]
Loading weights:  61%|██████    | 121/199 [00:00<00:00, 3763.52it/s, Materializing param=encoder.layer.7.attention.output.dense.weight]
Loading weights:  61%|██████    | 121/199 [00:00<00:00, 3756.39it/s, Materializing param=encoder.layer.7.attention.output.dense.weight]
Loading weights:  61%|██████▏   | 122/199 [00:00<00:00, 3774.30it/s, Materializing param=encoder.layer.7.attention.self.key.bias]      
Loading weights:  61%|██████▏   | 122/199 [00:00<00:00, 3767.22it/s, Materializing param=encoder.layer.7.attention.self.key.bias]
Loading weights:  62%|██████▏   | 123/199 [00:00<00:00, 3785.14it/s, Materializing param=encoder.layer.7.attention.self.key.weight]
Loading weights:  62%|██████▏   | 123/199 [00:00<00:00, 3778.07it/s, Materializing param=encoder.layer.7.attention.self.key.weight]
Loading weights:  62%|██████▏   | 124/199 [00:00<00:00, 3783.66it/s, Materializing param=encoder.layer.7.attention.self.query.bias]
Loading weights:  62%|██████▏   | 124/199 [00:00<00:00, 3775.55it/s, Materializing param=encoder.layer.7.attention.self.query.bias]
Loading weights:  63%|██████▎   | 125/199 [00:00<00:00, 3772.40it/s, Materializing param=encoder.layer.7.attention.self.query.weight]
Loading weights:  63%|██████▎   | 125/199 [00:00<00:00, 3764.49it/s, Materializing param=encoder.layer.7.attention.self.query.weight]
Loading weights:  63%|██████▎   | 126/199 [00:00<00:00, 3775.49it/s, Materializing param=encoder.layer.7.attention.self.value.bias]  
Loading weights:  63%|██████▎   | 126/199 [00:00<00:00, 3767.61it/s, Materializing param=encoder.layer.7.attention.self.value.bias]
Loading weights:  64%|██████▍   | 127/199 [00:00<00:00, 3777.34it/s, Materializing param=encoder.layer.7.attention.self.value.weight]
Loading weights:  64%|██████▍   | 127/199 [00:00<00:00, 3769.59it/s, Materializing param=encoder.layer.7.attention.self.value.weight]
Loading weights:  64%|██████▍   | 128/199 [00:00<00:00, 3771.25it/s, Materializing param=encoder.layer.7.intermediate.dense.bias]    
Loading weights:  64%|██████▍   | 128/199 [00:00<00:00, 3763.63it/s, Materializing param=encoder.layer.7.intermediate.dense.bias]
Loading weights:  65%|██████▍   | 129/199 [00:00<00:00, 3780.47it/s, Materializing param=encoder.layer.7.intermediate.dense.weight]
Loading weights:  65%|██████▍   | 129/199 [00:00<00:00, 3773.17it/s, Materializing param=encoder.layer.7.intermediate.dense.weight]
Loading weights:  65%|██████▌   | 130/199 [00:00<00:00, 3789.95it/s, Materializing param=encoder.layer.7.output.LayerNorm.bias]    
Loading weights:  65%|██████▌   | 130/199 [00:00<00:00, 3782.74it/s, Materializing param=encoder.layer.7.output.LayerNorm.bias]
Loading weights:  66%|██████▌   | 131/199 [00:00<00:00, 3799.50it/s, Materializing param=encoder.layer.7.output.LayerNorm.weight]
Loading weights:  66%|██████▌   | 131/199 [00:00<00:00, 3792.19it/s, Materializing param=encoder.layer.7.output.LayerNorm.weight]
Loading weights:  66%|██████▋   | 132/199 [00:00<00:00, 3808.73it/s, Materializing param=encoder.layer.7.output.dense.bias]      
Loading weights:  66%|██████▋   | 132/199 [00:00<00:00, 3801.56it/s, Materializing param=encoder.layer.7.output.dense.bias]
Loading weights:  67%|██████▋   | 133/199 [00:00<00:00, 3818.28it/s, Materializing param=encoder.layer.7.output.dense.weight]
Loading weights:  67%|██████▋   | 133/199 [00:00<00:00, 3811.13it/s, Materializing param=encoder.layer.7.output.dense.weight]
Loading weights:  67%|██████▋   | 134/199 [00:00<00:00, 3827.73it/s, Materializing param=encoder.layer.8.attention.output.LayerNorm.bias]
Loading weights:  67%|██████▋   | 134/199 [00:00<00:00, 3820.52it/s, Materializing param=encoder.layer.8.attention.output.LayerNorm.bias]
Loading weights:  68%|██████▊   | 135/199 [00:00<00:00, 3836.38it/s, Materializing param=encoder.layer.8.attention.output.LayerNorm.weight]
Loading weights:  68%|██████▊   | 135/199 [00:00<00:00, 3829.20it/s, Materializing param=encoder.layer.8.attention.output.LayerNorm.weight]
Loading weights:  68%|██████▊   | 136/199 [00:00<00:00, 3845.08it/s, Materializing param=encoder.layer.8.attention.output.dense.bias]      
Loading weights:  68%|██████▊   | 136/199 [00:00<00:00, 3838.02it/s, Materializing param=encoder.layer.8.attention.output.dense.bias]
Loading weights:  69%|██████▉   | 137/199 [00:00<00:00, 3853.90it/s, Materializing param=encoder.layer.8.attention.output.dense.weight]
Loading weights:  69%|██████▉   | 137/199 [00:00<00:00, 3846.80it/s, Materializing param=encoder.layer.8.attention.output.dense.weight]
Loading weights:  69%|██████▉   | 138/199 [00:00<00:00, 3862.60it/s, Materializing param=encoder.layer.8.attention.self.key.bias]      
Loading weights:  69%|██████▉   | 138/199 [00:00<00:00, 3855.65it/s, Materializing param=encoder.layer.8.attention.self.key.bias]
Loading weights:  70%|██████▉   | 139/199 [00:00<00:00, 3871.11it/s, Materializing param=encoder.layer.8.attention.self.key.weight]
Loading weights:  70%|██████▉   | 139/199 [00:00<00:00, 3864.03it/s, Materializing param=encoder.layer.8.attention.self.key.weight]
Loading weights:  70%|███████   | 140/199 [00:00<00:00, 3879.66it/s, Materializing param=encoder.layer.8.attention.self.query.bias]
Loading weights:  70%|███████   | 140/199 [00:00<00:00, 3872.65it/s, Materializing param=encoder.layer.8.attention.self.query.bias]
Loading weights:  71%|███████   | 141/199 [00:00<00:00, 3888.26it/s, Materializing param=encoder.layer.8.attention.self.query.weight]
Loading weights:  71%|███████   | 141/199 [00:00<00:00, 3881.30it/s, Materializing param=encoder.layer.8.attention.self.query.weight]
Loading weights:  71%|███████▏  | 142/199 [00:00<00:00, 3896.78it/s, Materializing param=encoder.layer.8.attention.self.value.bias]  
Loading weights:  71%|███████▏  | 142/199 [00:00<00:00, 3889.80it/s, Materializing param=encoder.layer.8.attention.self.value.bias]
Loading weights:  72%|███████▏  | 143/199 [00:00<00:00, 3905.11it/s, Materializing param=encoder.layer.8.attention.self.value.weight]
Loading weights:  72%|███████▏  | 143/199 [00:00<00:00, 3898.10it/s, Materializing param=encoder.layer.8.attention.self.value.weight]
Loading weights:  72%|███████▏  | 144/199 [00:00<00:00, 3913.28it/s, Materializing param=encoder.layer.8.intermediate.dense.bias]    
Loading weights:  72%|███████▏  | 144/199 [00:00<00:00, 3906.40it/s, Materializing param=encoder.layer.8.intermediate.dense.bias]
Loading weights:  73%|███████▎  | 145/199 [00:00<00:00, 3921.60it/s, Materializing param=encoder.layer.8.intermediate.dense.weight]
Loading weights:  73%|███████▎  | 145/199 [00:00<00:00, 3914.74it/s, Materializing param=encoder.layer.8.intermediate.dense.weight]
Loading weights:  73%|███████▎  | 146/199 [00:00<00:00, 3930.10it/s, Materializing param=encoder.layer.8.output.LayerNorm.bias]    
Loading weights:  73%|███████▎  | 146/199 [00:00<00:00, 3923.33it/s, Materializing param=encoder.layer.8.output.LayerNorm.bias]
Loading weights:  74%|███████▍  | 147/199 [00:00<00:00, 3938.31it/s, Materializing param=encoder.layer.8.output.LayerNorm.weight]
Loading weights:  74%|███████▍  | 147/199 [00:00<00:00, 3931.48it/s, Materializing param=encoder.layer.8.output.LayerNorm.weight]
Loading weights:  74%|███████▍  | 148/199 [00:00<00:00, 3946.40it/s, Materializing param=encoder.layer.8.output.dense.bias]      
Loading weights:  74%|███████▍  | 148/199 [00:00<00:00, 3939.64it/s, Materializing param=encoder.layer.8.output.dense.bias]
Loading weights:  75%|███████▍  | 149/199 [00:00<00:00, 3954.66it/s, Materializing param=encoder.layer.8.output.dense.weight]
Loading weights:  75%|███████▍  | 149/199 [00:00<00:00, 3948.02it/s, Materializing param=encoder.layer.8.output.dense.weight]
Loading weights:  75%|███████▌  | 150/199 [00:00<00:00, 3962.80it/s, Materializing param=encoder.layer.9.attention.output.LayerNorm.bias]
Loading weights:  75%|███████▌  | 150/199 [00:00<00:00, 3955.90it/s, Materializing param=encoder.layer.9.attention.output.LayerNorm.bias]
Loading weights:  76%|███████▌  | 151/199 [00:00<00:00, 3970.11it/s, Materializing param=encoder.layer.9.attention.output.LayerNorm.weight]
Loading weights:  76%|███████▌  | 151/199 [00:00<00:00, 3963.20it/s, Materializing param=encoder.layer.9.attention.output.LayerNorm.weight]
Loading weights:  76%|███████▋  | 152/199 [00:00<00:00, 3977.45it/s, Materializing param=encoder.layer.9.attention.output.dense.bias]      
Loading weights:  76%|███████▋  | 152/199 [00:00<00:00, 3970.67it/s, Materializing param=encoder.layer.9.attention.output.dense.bias]
Loading weights:  77%|███████▋  | 153/199 [00:00<00:00, 3985.12it/s, Materializing param=encoder.layer.9.attention.output.dense.weight]
Loading weights:  77%|███████▋  | 153/199 [00:00<00:00, 3978.35it/s, Materializing param=encoder.layer.9.attention.output.dense.weight]
Loading weights:  77%|███████▋  | 154/199 [00:00<00:00, 3992.50it/s, Materializing param=encoder.layer.9.attention.self.key.bias]      
Loading weights:  77%|███████▋  | 154/199 [00:00<00:00, 3985.73it/s, Materializing param=encoder.layer.9.attention.self.key.bias]
Loading weights:  78%|███████▊  | 155/199 [00:00<00:00, 3999.39it/s, Materializing param=encoder.layer.9.attention.self.key.weight]
Loading weights:  78%|███████▊  | 155/199 [00:00<00:00, 3992.66it/s, Materializing param=encoder.layer.9.attention.self.key.weight]
Loading weights:  78%|███████▊  | 156/199 [00:00<00:00, 4006.78it/s, Materializing param=encoder.layer.9.attention.self.query.bias]
Loading weights:  78%|███████▊  | 156/199 [00:00<00:00, 4000.07it/s, Materializing param=encoder.layer.9.attention.self.query.bias]
Loading weights:  79%|███████▉  | 157/199 [00:00<00:00, 4014.30it/s, Materializing param=encoder.layer.9.attention.self.query.weight]
Loading weights:  79%|███████▉  | 157/199 [00:00<00:00, 4007.48it/s, Materializing param=encoder.layer.9.attention.self.query.weight]
Loading weights:  79%|███████▉  | 158/199 [00:00<00:00, 4021.34it/s, Materializing param=encoder.layer.9.attention.self.value.bias]  
Loading weights:  79%|███████▉  | 158/199 [00:00<00:00, 4014.59it/s, Materializing param=encoder.layer.9.attention.self.value.bias]
Loading weights:  80%|███████▉  | 159/199 [00:00<00:00, 4028.36it/s, Materializing param=encoder.layer.9.attention.self.value.weight]
Loading weights:  80%|███████▉  | 159/199 [00:00<00:00, 4021.58it/s, Materializing param=encoder.layer.9.attention.self.value.weight]
Loading weights:  80%|████████  | 160/199 [00:00<00:00, 4035.24it/s, Materializing param=encoder.layer.9.intermediate.dense.bias]    
Loading weights:  80%|████████  | 160/199 [00:00<00:00, 4028.43it/s, Materializing param=encoder.layer.9.intermediate.dense.bias]
Loading weights:  81%|████████  | 161/199 [00:00<00:00, 4041.94it/s, Materializing param=encoder.layer.9.intermediate.dense.weight]
Loading weights:  81%|████████  | 161/199 [00:00<00:00, 4035.11it/s, Materializing param=encoder.layer.9.intermediate.dense.weight]
Loading weights:  81%|████████▏ | 162/199 [00:00<00:00, 4048.36it/s, Materializing param=encoder.layer.9.output.LayerNorm.bias]    
Loading weights:  81%|████████▏ | 162/199 [00:00<00:00, 4041.55it/s, Materializing param=encoder.layer.9.output.LayerNorm.bias]
Loading weights:  82%|████████▏ | 163/199 [00:00<00:00, 4054.63it/s, Materializing param=encoder.layer.9.output.LayerNorm.weight]
Loading weights:  82%|████████▏ | 163/199 [00:00<00:00, 4047.84it/s, Materializing param=encoder.layer.9.output.LayerNorm.weight]
Loading weights:  82%|████████▏ | 164/199 [00:00<00:00, 4061.13it/s, Materializing param=encoder.layer.9.output.dense.bias]      
Loading weights:  82%|████████▏ | 164/199 [00:00<00:00, 4054.40it/s, Materializing param=encoder.layer.9.output.dense.bias]
Loading weights:  83%|████████▎ | 165/199 [00:00<00:00, 4067.45it/s, Materializing param=encoder.layer.9.output.dense.weight]
Loading weights:  83%|████████▎ | 165/199 [00:00<00:00, 4060.67it/s, Materializing param=encoder.layer.9.output.dense.weight]
Loading weights:  83%|████████▎ | 166/199 [00:00<00:00, 4073.71it/s, Materializing param=encoder.layer.10.attention.output.LayerNorm.bias]
Loading weights:  83%|████████▎ | 166/199 [00:00<00:00, 4066.76it/s, Materializing param=encoder.layer.10.attention.output.LayerNorm.bias]
Loading weights:  84%|████████▍ | 167/199 [00:00<00:00, 4079.11it/s, Materializing param=encoder.layer.10.attention.output.LayerNorm.weight]
Loading weights:  84%|████████▍ | 167/199 [00:00<00:00, 4072.23it/s, Materializing param=encoder.layer.10.attention.output.LayerNorm.weight]
Loading weights:  84%|████████▍ | 168/199 [00:00<00:00, 4084.60it/s, Materializing param=encoder.layer.10.attention.output.dense.bias]      
Loading weights:  84%|████████▍ | 168/199 [00:00<00:00, 4077.87it/s, Materializing param=encoder.layer.10.attention.output.dense.bias]
Loading weights:  85%|████████▍ | 169/199 [00:00<00:00, 4090.37it/s, Materializing param=encoder.layer.10.attention.output.dense.weight]
Loading weights:  85%|████████▍ | 169/199 [00:00<00:00, 4083.68it/s, Materializing param=encoder.layer.10.attention.output.dense.weight]
Loading weights:  85%|████████▌ | 170/199 [00:00<00:00, 4096.09it/s, Materializing param=encoder.layer.10.attention.self.key.bias]      
Loading weights:  85%|████████▌ | 170/199 [00:00<00:00, 4089.38it/s, Materializing param=encoder.layer.10.attention.self.key.bias]
Loading weights:  86%|████████▌ | 171/199 [00:00<00:00, 4101.76it/s, Materializing param=encoder.layer.10.attention.self.key.weight]
Loading weights:  86%|████████▌ | 171/199 [00:00<00:00, 4095.16it/s, Materializing param=encoder.layer.10.attention.self.key.weight]
Loading weights:  86%|████████▋ | 172/199 [00:00<00:00, 4107.61it/s, Materializing param=encoder.layer.10.attention.self.query.bias]
Loading weights:  86%|████████▋ | 172/199 [00:00<00:00, 4101.08it/s, Materializing param=encoder.layer.10.attention.self.query.bias]
Loading weights:  87%|████████▋ | 173/199 [00:00<00:00, 4113.48it/s, Materializing param=encoder.layer.10.attention.self.query.weight]
Loading weights:  87%|████████▋ | 173/199 [00:00<00:00, 4106.90it/s, Materializing param=encoder.layer.10.attention.self.query.weight]
Loading weights:  87%|████████▋ | 174/199 [00:00<00:00, 4119.14it/s, Materializing param=encoder.layer.10.attention.self.value.bias]  
Loading weights:  87%|████████▋ | 174/199 [00:00<00:00, 4112.62it/s, Materializing param=encoder.layer.10.attention.self.value.bias]
Loading weights:  88%|████████▊ | 175/199 [00:00<00:00, 4125.00it/s, Materializing param=encoder.layer.10.attention.self.value.weight]
Loading weights:  88%|████████▊ | 175/199 [00:00<00:00, 4118.55it/s, Materializing param=encoder.layer.10.attention.self.value.weight]
Loading weights:  88%|████████▊ | 176/199 [00:00<00:00, 4130.77it/s, Materializing param=encoder.layer.10.intermediate.dense.bias]    
Loading weights:  88%|████████▊ | 176/199 [00:00<00:00, 4120.51it/s, Materializing param=encoder.layer.10.intermediate.dense.bias]
Loading weights:  89%|████████▉ | 177/199 [00:00<00:00, 4132.92it/s, Materializing param=encoder.layer.10.intermediate.dense.weight]
Loading weights:  89%|████████▉ | 177/199 [00:00<00:00, 4126.62it/s, Materializing param=encoder.layer.10.intermediate.dense.weight]
Loading weights:  89%|████████▉ | 178/199 [00:00<00:00, 4139.26it/s, Materializing param=encoder.layer.10.output.LayerNorm.bias]    
Loading weights:  89%|████████▉ | 178/199 [00:00<00:00, 4132.96it/s, Materializing param=encoder.layer.10.output.LayerNorm.bias]
Loading weights:  90%|████████▉ | 179/199 [00:00<00:00, 4145.28it/s, Materializing param=encoder.layer.10.output.LayerNorm.weight]
Loading weights:  90%|████████▉ | 179/199 [00:00<00:00, 4139.09it/s, Materializing param=encoder.layer.10.output.LayerNorm.weight]
Loading weights:  90%|█████████ | 180/199 [00:00<00:00, 4151.59it/s, Materializing param=encoder.layer.10.output.dense.bias]      
Loading weights:  90%|█████████ | 180/199 [00:00<00:00, 4145.52it/s, Materializing param=encoder.layer.10.output.dense.bias]
Loading weights:  91%|█████████ | 181/199 [00:00<00:00, 4158.12it/s, Materializing param=encoder.layer.10.output.dense.weight]
Loading weights:  91%|█████████ | 181/199 [00:00<00:00, 4152.00it/s, Materializing param=encoder.layer.10.output.dense.weight]
Loading weights:  91%|█████████▏| 182/199 [00:00<00:00, 4164.40it/s, Materializing param=encoder.layer.11.attention.output.LayerNorm.bias]
Loading weights:  91%|█████████▏| 182/199 [00:00<00:00, 4158.16it/s, Materializing param=encoder.layer.11.attention.output.LayerNorm.bias]
Loading weights:  92%|█████████▏| 183/199 [00:00<00:00, 4170.10it/s, Materializing param=encoder.layer.11.attention.output.LayerNorm.weight]
Loading weights:  92%|█████████▏| 183/199 [00:00<00:00, 4163.72it/s, Materializing param=encoder.layer.11.attention.output.LayerNorm.weight]
Loading weights:  92%|█████████▏| 184/199 [00:00<00:00, 4175.65it/s, Materializing param=encoder.layer.11.attention.output.dense.bias]      
Loading weights:  92%|█████████▏| 184/199 [00:00<00:00, 4169.45it/s, Materializing param=encoder.layer.11.attention.output.dense.bias]
Loading weights:  93%|█████████▎| 185/199 [00:00<00:00, 4181.40it/s, Materializing param=encoder.layer.11.attention.output.dense.weight]
Loading weights:  93%|█████████▎| 185/199 [00:00<00:00, 4175.19it/s, Materializing param=encoder.layer.11.attention.output.dense.weight]
Loading weights:  93%|█████████▎| 186/199 [00:00<00:00, 4187.03it/s, Materializing param=encoder.layer.11.attention.self.key.bias]      
Loading weights:  93%|█████████▎| 186/199 [00:00<00:00, 4180.91it/s, Materializing param=encoder.layer.11.attention.self.key.bias]
Loading weights:  94%|█████████▍| 187/199 [00:00<00:00, 4192.71it/s, Materializing param=encoder.layer.11.attention.self.key.weight]
Loading weights:  94%|█████████▍| 187/199 [00:00<00:00, 4186.60it/s, Materializing param=encoder.layer.11.attention.self.key.weight]
Loading weights:  94%|█████████▍| 188/199 [00:00<00:00, 4198.48it/s, Materializing param=encoder.layer.11.attention.self.query.bias]
Loading weights:  94%|█████████▍| 188/199 [00:00<00:00, 4192.48it/s, Materializing param=encoder.layer.11.attention.self.query.bias]
Loading weights:  95%|█████████▍| 189/199 [00:00<00:00, 4204.43it/s, Materializing param=encoder.layer.11.attention.self.query.weight]
Loading weights:  95%|█████████▍| 189/199 [00:00<00:00, 4198.28it/s, Materializing param=encoder.layer.11.attention.self.query.weight]
Loading weights:  95%|█████████▌| 190/199 [00:00<00:00, 4209.93it/s, Materializing param=encoder.layer.11.attention.self.value.bias]  
Loading weights:  95%|█████████▌| 190/199 [00:00<00:00, 4203.88it/s, Materializing param=encoder.layer.11.attention.self.value.bias]
Loading weights:  96%|█████████▌| 191/199 [00:00<00:00, 4215.60it/s, Materializing param=encoder.layer.11.attention.self.value.weight]
Loading weights:  96%|█████████▌| 191/199 [00:00<00:00, 4209.47it/s, Materializing param=encoder.layer.11.attention.self.value.weight]
Loading weights:  96%|█████████▋| 192/199 [00:00<00:00, 4221.06it/s, Materializing param=encoder.layer.11.intermediate.dense.bias]    
Loading weights:  96%|█████████▋| 192/199 [00:00<00:00, 4215.05it/s, Materializing param=encoder.layer.11.intermediate.dense.bias]
Loading weights:  97%|█████████▋| 193/199 [00:00<00:00, 4226.69it/s, Materializing param=encoder.layer.11.intermediate.dense.weight]
Loading weights:  97%|█████████▋| 193/199 [00:00<00:00, 4220.77it/s, Materializing param=encoder.layer.11.intermediate.dense.weight]
Loading weights:  97%|█████████▋| 194/199 [00:00<00:00, 4232.59it/s, Materializing param=encoder.layer.11.output.LayerNorm.bias]    
Loading weights:  97%|█████████▋| 194/199 [00:00<00:00, 4226.59it/s, Materializing param=encoder.layer.11.output.LayerNorm.bias]
Loading weights:  98%|█████████▊| 195/199 [00:00<00:00, 4238.03it/s, Materializing param=encoder.layer.11.output.LayerNorm.weight]
Loading weights:  98%|█████████▊| 195/199 [00:00<00:00, 4232.11it/s, Materializing param=encoder.layer.11.output.LayerNorm.weight]
Loading weights:  98%|█████████▊| 196/199 [00:00<00:00, 4243.56it/s, Materializing param=encoder.layer.11.output.dense.bias]      
Loading weights:  98%|█████████▊| 196/199 [00:00<00:00, 4237.65it/s, Materializing param=encoder.layer.11.output.dense.bias]
Loading weights:  99%|█████████▉| 197/199 [00:00<00:00, 4249.15it/s, Materializing param=encoder.layer.11.output.dense.weight]
Loading weights:  99%|█████████▉| 197/199 [00:00<00:00, 4243.33it/s, Materializing param=encoder.layer.11.output.dense.weight]
Loading weights:  99%|█████████▉| 198/199 [00:00<00:00, 4254.77it/s, Materializing param=pooler.dense.bias]                   
Loading weights:  99%|█████████▉| 198/199 [00:00<00:00, 4249.11it/s, Materializing param=pooler.dense.bias]
Loading weights: 100%|██████████| 199/199 [00:00<00:00, 4261.11it/s, Materializing param=pooler.dense.weight]
Loading weights: 100%|██████████| 199/199 [00:00<00:00, 4255.53it/s, Materializing param=pooler.dense.weight]
Loading weights: 100%|██████████| 199/199 [00:00<00:00, 4243.56it/s, Materializing param=pooler.dense.weight]
[1mBertModel LOAD REPORT[0m from: bert-base-multilingual-cased
Key                                        | Status     |  | 
-------------------------------------------+------------+--+-
cls.predictions.transform.LayerNorm.bias   | UNEXPECTED |  | 
cls.seq_relationship.weight                | UNEXPECTED |  | 
cls.predictions.bias                       | UNEXPECTED |  | 
cls.predictions.transform.LayerNorm.weight | UNEXPECTED |  | 
cls.predictions.transform.dense.bias       | UNEXPECTED |  | 
cls.predictions.transform.dense.weight     | UNEXPECTED |  | 
cls.seq_relationship.bias                  | UNEXPECTED |  | 

[3mNotes:
- UNEXPECTED[3m	:can be ignored when loading from different task/architecture; not ok if you expect identical arch.[0m
[lora_v2_prejosa] C:\Users\IPC\Desktop\git\VLM\vlm\bench\results_lora_v2_prejosa.jsonl: 50건

Loading weights:   0%|          | 0/199 [00:00<?, ?it/s]
Loading weights:   1%|          | 1/199 [00:00<00:00, 43690.67it/s, Materializing param=embeddings.LayerNorm.bias]
Loading weights:   1%|          | 1/199 [00:00<00:00, 9939.11it/s, Materializing param=embeddings.LayerNorm.bias] 
Loading weights:   1%|          | 2/199 [00:00<00:00, 7869.24it/s, Materializing param=embeddings.LayerNorm.weight]
Loading weights:   1%|          | 2/199 [00:00<00:00, 6204.59it/s, Materializing param=embeddings.LayerNorm.weight]
Loading weights:   2%|▏         | 3/199 [00:00<00:00, 3963.12it/s, Materializing param=embeddings.position_embeddings.weight]
Loading weights:   2%|▏         | 3/199 [00:00<00:00, 3275.09it/s, Materializing param=embeddings.position_embeddings.weight]
Loading weights:   2%|▏         | 4/199 [00:00<00:00, 3728.27it/s, Materializing param=embeddings.token_type_embeddings.weight]
Loading weights:   2%|▏         | 4/199 [00:00<00:00, 3480.03it/s, Materializing param=embeddings.token_type_embeddings.weight]
Loading weights:   3%|▎         | 5/199 [00:00<00:00, 3911.14it/s, Materializing param=embeddings.word_embeddings.weight]      
Loading weights:   3%|▎         | 5/199 [00:00<00:00, 3709.15it/s, Materializing param=embeddings.word_embeddings.weight]
Loading weights:   3%|▎         | 6/199 [00:00<00:00, 4082.05it/s, Materializing param=encoder.layer.0.attention.output.LayerNorm.bias]
Loading weights:   3%|▎         | 6/199 [00:00<00:00, 3894.43it/s, Materializing param=encoder.layer.0.attention.output.LayerNorm.bias]
Loading weights:   4%|▎         | 7/199 [00:00<00:00, 4174.03it/s, Materializing param=encoder.layer.0.attention.output.LayerNorm.weight]
Loading weights:   4%|▎         | 7/199 [00:00<00:00, 4006.57it/s, Materializing param=encoder.layer.0.attention.output.LayerNorm.weight]
Loading weights:   4%|▍         | 8/199 [00:00<00:00, 4264.13it/s, Materializing param=encoder.layer.0.attention.output.dense.bias]      
Loading weights:   4%|▍         | 8/199 [00:00<00:00, 4110.55it/s, Materializing param=encoder.layer.0.attention.output.dense.bias]
Loading weights:   5%|▍         | 9/199 [00:00<00:00, 4339.43it/s, Materializing param=encoder.layer.0.attention.output.dense.weight]
Loading weights:   5%|▍         | 9/199 [00:00<00:00, 4193.37it/s, Materializing param=encoder.layer.0.attention.output.dense.weight]
Loading weights:   5%|▌         | 10/199 [00:00<00:00, 4392.40it/s, Materializing param=encoder.layer.0.attention.self.key.bias]     
Loading weights:   5%|▌         | 10/199 [00:00<00:00, 4261.20it/s, Materializing param=encoder.layer.0.attention.self.key.bias]
Loading weights:   6%|▌         | 11/199 [00:00<00:00, 3997.69it/s, Materializing param=encoder.layer.0.attention.self.key.weight]
Loading weights:   6%|▌         | 11/199 [00:00<00:00, 3598.30it/s, Materializing param=encoder.layer.0.attention.self.key.weight]
Loading weights:   6%|▌         | 12/199 [00:00<00:00, 3625.68it/s, Materializing param=encoder.layer.0.attention.self.query.bias]
Loading weights:   6%|▌         | 12/199 [00:00<00:00, 3541.49it/s, Materializing param=encoder.layer.0.attention.self.query.bias]
Loading weights:   7%|▋         | 13/199 [00:00<00:00, 3454.29it/s, Materializing param=encoder.layer.0.attention.self.query.weight]
Loading weights:   7%|▋         | 13/199 [00:00<00:00, 3295.42it/s, Materializing param=encoder.layer.0.attention.self.query.weight]
Loading weights:   7%|▋         | 14/199 [00:00<00:00, 3174.07it/s, Materializing param=encoder.layer.0.attention.self.value.bias]  
Loading weights:   7%|▋         | 14/199 [00:00<00:00, 2883.39it/s, Materializing param=encoder.layer.0.attention.self.value.bias]
Loading weights:   8%|▊         | 15/199 [00:00<00:00, 2781.49it/s, Materializing param=encoder.layer.0.attention.self.value.weight]
Loading weights:   8%|▊         | 15/199 [00:00<00:00, 2709.62it/s, Materializing param=encoder.layer.0.attention.self.value.weight]
Loading weights:   8%|▊         | 16/199 [00:00<00:00, 2800.17it/s, Materializing param=encoder.layer.0.intermediate.dense.bias]    
Loading weights:   8%|▊         | 16/199 [00:00<00:00, 2765.55it/s, Materializing param=encoder.layer.0.intermediate.dense.bias]
Loading weights:   9%|▊         | 17/199 [00:00<00:00, 2875.36it/s, Materializing param=encoder.layer.0.intermediate.dense.weight]
Loading weights:   9%|▊         | 17/199 [00:00<00:00, 2843.14it/s, Materializing param=encoder.layer.0.intermediate.dense.weight]
Loading weights:   9%|▉         | 18/199 [00:00<00:00, 2845.85it/s, Materializing param=encoder.layer.0.output.LayerNorm.bias]    
Loading weights:   9%|▉         | 18/199 [00:00<00:00, 2780.34it/s, Materializing param=encoder.layer.0.output.LayerNorm.bias]
Loading weights:  10%|▉         | 19/199 [00:00<00:00, 2863.21it/s, Materializing param=encoder.layer.0.output.LayerNorm.weight]
Loading weights:  10%|▉         | 19/199 [00:00<00:00, 2833.49it/s, Materializing param=encoder.layer.0.output.LayerNorm.weight]
Loading weights:  10%|█         | 20/199 [00:00<00:00, 2916.26it/s, Materializing param=encoder.layer.0.output.dense.bias]      
Loading weights:  10%|█         | 20/199 [00:00<00:00, 2887.35it/s, Materializing param=encoder.layer.0.output.dense.bias]
Loading weights:  11%|█         | 21/199 [00:00<00:00, 2840.20it/s, Materializing param=encoder.layer.0.output.dense.weight]
Loading weights:  11%|█         | 21/199 [00:00<00:00, 2785.50it/s, Materializing param=encoder.layer.0.output.dense.weight]
Loading weights:  11%|█         | 22/199 [00:00<00:00, 2857.86it/s, Materializing param=encoder.layer.1.attention.output.LayerNorm.bias]
Loading weights:  11%|█         | 22/199 [00:00<00:00, 2831.90it/s, Materializing param=encoder.layer.1.attention.output.LayerNorm.bias]
Loading weights:  12%|█▏        | 23/199 [00:00<00:00, 2903.16it/s, Materializing param=encoder.layer.1.attention.output.LayerNorm.weight]
Loading weights:  12%|█▏        | 23/199 [00:00<00:00, 2876.84it/s, Materializing param=encoder.layer.1.attention.output.LayerNorm.weight]
Loading weights:  12%|█▏        | 24/199 [00:00<00:00, 2811.51it/s, Materializing param=encoder.layer.1.attention.output.dense.bias]      
Loading weights:  12%|█▏        | 24/199 [00:00<00:00, 2757.22it/s, Materializing param=encoder.layer.1.attention.output.dense.bias]
Loading weights:  13%|█▎        | 25/199 [00:00<00:00, 2769.69it/s, Materializing param=encoder.layer.1.attention.output.dense.weight]
Loading weights:  13%|█▎        | 25/199 [00:00<00:00, 2619.15it/s, Materializing param=encoder.layer.1.attention.output.dense.weight]
Loading weights:  13%|█▎        | 26/199 [00:00<00:00, 2672.32it/s, Materializing param=encoder.layer.1.attention.self.key.bias]      
Loading weights:  13%|█▎        | 26/199 [00:00<00:00, 2652.81it/s, Materializing param=encoder.layer.1.attention.self.key.bias]
Loading weights:  14%|█▎        | 27/199 [00:00<00:00, 2699.75it/s, Materializing param=encoder.layer.1.attention.self.key.weight]
Loading weights:  14%|█▎        | 27/199 [00:00<00:00, 2681.02it/s, Materializing param=encoder.layer.1.attention.self.key.weight]
Loading weights:  14%|█▍        | 28/199 [00:00<00:00, 2680.74it/s, Materializing param=encoder.layer.1.attention.self.query.bias]
Loading weights:  14%|█▍        | 28/199 [00:00<00:00, 2628.54it/s, Materializing param=encoder.layer.1.attention.self.query.bias]
Loading weights:  15%|█▍        | 29/199 [00:00<00:00, 2643.09it/s, Materializing param=encoder.layer.1.attention.self.query.weight]
Loading weights:  15%|█▍        | 29/199 [00:00<00:00, 2577.88it/s, Materializing param=encoder.layer.1.attention.self.query.weight]
Loading weights:  15%|█▌        | 30/199 [00:00<00:00, 2617.68it/s, Materializing param=encoder.layer.1.attention.self.value.bias]  
Loading weights:  15%|█▌        | 30/199 [00:00<00:00, 2603.33it/s, Materializing param=encoder.layer.1.attention.self.value.bias]
Loading weights:  16%|█▌        | 31/199 [00:00<00:00, 2652.73it/s, Materializing param=encoder.layer.1.attention.self.value.weight]
Loading weights:  16%|█▌        | 31/199 [00:00<00:00, 2638.84it/s, Materializing param=encoder.layer.1.attention.self.value.weight]
Loading weights:  16%|█▌        | 32/199 [00:00<00:00, 2693.57it/s, Materializing param=encoder.layer.1.intermediate.dense.bias]    
Loading weights:  16%|█▌        | 32/199 [00:00<00:00, 2680.01it/s, Materializing param=encoder.layer.1.intermediate.dense.bias]
Loading weights:  17%|█▋        | 33/199 [00:00<00:00, 2675.15it/s, Materializing param=encoder.layer.1.intermediate.dense.weight]
Loading weights:  17%|█▋        | 33/199 [00:00<00:00, 2625.57it/s, Materializing param=encoder.layer.1.intermediate.dense.weight]
Loading weights:  17%|█▋        | 34/199 [00:00<00:00, 2663.30it/s, Materializing param=encoder.layer.1.output.LayerNorm.bias]    
Loading weights:  17%|█▋        | 34/199 [00:00<00:00, 2650.23it/s, Materializing param=encoder.layer.1.output.LayerNorm.bias]
Loading weights:  18%|█▊        | 35/199 [00:00<00:00, 2705.06it/s, Materializing param=encoder.layer.1.output.LayerNorm.weight]
Loading weights:  18%|█▊        | 35/199 [00:00<00:00, 2692.70it/s, Materializing param=encoder.layer.1.output.LayerNorm.weight]
Loading weights:  18%|█▊        | 36/199 [00:00<00:00, 2714.08it/s, Materializing param=encoder.layer.1.output.dense.bias]      
Loading weights:  18%|█▊        | 36/199 [00:00<00:00, 2680.49it/s, Materializing param=encoder.layer.1.output.dense.bias]
Loading weights:  19%|█▊        | 37/199 [00:00<00:00, 2719.61it/s, Materializing param=encoder.layer.1.output.dense.weight]
Loading weights:  19%|█▊        | 37/199 [00:00<00:00, 2707.09it/s, Materializing param=encoder.layer.1.output.dense.weight]
Loading weights:  19%|█▉        | 38/199 [00:00<00:00, 2743.97it/s, Materializing param=encoder.layer.2.attention.output.LayerNorm.bias]
Loading weights:  19%|█▉        | 38/199 [00:00<00:00, 2731.46it/s, Materializing param=encoder.layer.2.attention.output.LayerNorm.bias]
Loading weights:  20%|█▉        | 39/199 [00:00<00:00, 2775.89it/s, Materializing param=encoder.layer.2.attention.output.LayerNorm.weight]
Loading weights:  20%|█▉        | 39/199 [00:00<00:00, 2763.47it/s, Materializing param=encoder.layer.2.attention.output.LayerNorm.weight]
Loading weights:  20%|██        | 40/199 [00:00<00:00, 2800.78it/s, Materializing param=encoder.layer.2.attention.output.dense.bias]      
Loading weights:  20%|██        | 40/199 [00:00<00:00, 2788.35it/s, Materializing param=encoder.layer.2.attention.output.dense.bias]
Loading weights:  21%|██        | 41/199 [00:00<00:00, 2830.96it/s, Materializing param=encoder.layer.2.attention.output.dense.weight]
Loading weights:  21%|██        | 41/199 [00:00<00:00, 2819.03it/s, Materializing param=encoder.layer.2.attention.output.dense.weight]
Loading weights:  21%|██        | 42/199 [00:00<00:00, 2856.69it/s, Materializing param=encoder.layer.2.attention.self.key.bias]      
Loading weights:  21%|██        | 42/199 [00:00<00:00, 2844.84it/s, Materializing param=encoder.layer.2.attention.self.key.bias]
Loading weights:  22%|██▏       | 43/199 [00:00<00:00, 2860.15it/s, Materializing param=encoder.layer.2.attention.self.key.weight]
Loading weights:  22%|██▏       | 43/199 [00:00<00:00, 2839.25it/s, Materializing param=encoder.layer.2.attention.self.key.weight]
Loading weights:  22%|██▏       | 44/199 [00:00<00:00, 2858.31it/s, Materializing param=encoder.layer.2.attention.self.query.bias]
Loading weights:  22%|██▏       | 44/199 [00:00<00:00, 2833.55it/s, Materializing param=encoder.layer.2.attention.self.query.bias]
Loading weights:  23%|██▎       | 45/199 [00:00<00:00, 2866.22it/s, Materializing param=encoder.layer.2.attention.self.query.weight]
Loading weights:  23%|██▎       | 45/199 [00:00<00:00, 2854.91it/s, Materializing param=encoder.layer.2.attention.self.query.weight]
Loading weights:  23%|██▎       | 46/199 [00:00<00:00, 2884.75it/s, Materializing param=encoder.layer.2.attention.self.value.bias]  
Loading weights:  23%|██▎       | 46/199 [00:00<00:00, 2873.71it/s, Materializing param=encoder.layer.2.attention.self.value.bias]
Loading weights:  24%|██▎       | 47/199 [00:00<00:00, 2884.50it/s, Materializing param=encoder.layer.2.attention.self.value.weight]
Loading weights:  24%|██▎       | 47/199 [00:00<00:00, 2861.43it/s, Materializing param=encoder.layer.2.attention.self.value.weight]
Loading weights:  24%|██▍       | 48/199 [00:00<00:00, 2861.99it/s, Materializing param=encoder.layer.2.intermediate.dense.bias]    
Loading weights:  24%|██▍       | 48/199 [00:00<00:00, 2822.70it/s, Materializing param=encoder.layer.2.intermediate.dense.bias]
Loading weights:  25%|██▍       | 49/199 [00:00<00:00, 2816.47it/s, Materializing param=encoder.layer.2.intermediate.dense.weight]
Loading weights:  25%|██▍       | 49/199 [00:00<00:00, 2799.06it/s, Materializing param=encoder.layer.2.intermediate.dense.weight]
Loading weights:  25%|██▌       | 50/199 [00:00<00:00, 2829.25it/s, Materializing param=encoder.layer.2.output.LayerNorm.bias]    
Loading weights:  25%|██▌       | 50/199 [00:00<00:00, 2819.55it/s, Materializing param=encoder.layer.2.output.LayerNorm.bias]
Loading weights:  26%|██▌       | 51/199 [00:00<00:00, 2846.70it/s, Materializing param=encoder.layer.2.output.LayerNorm.weight]
Loading weights:  26%|██▌       | 51/199 [00:00<00:00, 2837.11it/s, Materializing param=encoder.layer.2.output.LayerNorm.weight]
Loading weights:  26%|██▌       | 52/199 [00:00<00:00, 2866.77it/s, Materializing param=encoder.layer.2.output.dense.bias]      
Loading weights:  26%|██▌       | 52/199 [00:00<00:00, 2857.27it/s, Materializing param=encoder.layer.2.output.dense.bias]
Loading weights:  27%|██▋       | 53/199 [00:00<00:00, 2891.68it/s, Materializing param=encoder.layer.2.output.dense.weight]
Loading weights:  27%|██▋       | 53/199 [00:00<00:00, 2882.20it/s, Materializing param=encoder.layer.2.output.dense.weight]
Loading weights:  27%|██▋       | 54/199 [00:00<00:00, 2915.97it/s, Materializing param=encoder.layer.3.attention.output.LayerNorm.bias]
Loading weights:  27%|██▋       | 54/199 [00:00<00:00, 2906.21it/s, Materializing param=encoder.layer.3.attention.output.LayerNorm.bias]
Loading weights:  28%|██▊       | 55/199 [00:00<00:00, 2933.98it/s, Materializing param=encoder.layer.3.attention.output.LayerNorm.weight]
Loading weights:  28%|██▊       | 55/199 [00:00<00:00, 2924.30it/s, Materializing param=encoder.layer.3.attention.output.LayerNorm.weight]
Loading weights:  28%|██▊       | 56/199 [00:00<00:00, 2956.30it/s, Materializing param=encoder.layer.3.attention.output.dense.bias]      
Loading weights:  28%|██▊       | 56/199 [00:00<00:00, 2946.73it/s, Materializing param=encoder.layer.3.attention.output.dense.bias]
Loading weights:  29%|██▊       | 57/199 [00:00<00:00, 2933.33it/s, Materializing param=encoder.layer.3.attention.output.dense.weight]
Loading weights:  29%|██▊       | 57/199 [00:00<00:00, 2894.51it/s, Materializing param=encoder.layer.3.attention.output.dense.weight]
Loading weights:  29%|██▉       | 58/199 [00:00<00:00, 2912.22it/s, Materializing param=encoder.layer.3.attention.self.key.bias]      
Loading weights:  29%|██▉       | 58/199 [00:00<00:00, 2902.15it/s, Materializing param=encoder.layer.3.attention.self.key.bias]
Loading weights:  30%|██▉       | 59/199 [00:00<00:00, 2933.67it/s, Materializing param=encoder.layer.3.attention.self.key.weight]
Loading weights:  30%|██▉       | 59/199 [00:00<00:00, 2923.83it/s, Materializing param=encoder.layer.3.attention.self.key.weight]
Loading weights:  30%|███       | 60/199 [00:00<00:00, 2946.85it/s, Materializing param=encoder.layer.3.attention.self.query.bias]
Loading weights:  30%|███       | 60/199 [00:00<00:00, 2936.84it/s, Materializing param=encoder.layer.3.attention.self.query.bias]
Loading weights:  31%|███       | 61/199 [00:00<00:00, 2931.33it/s, Materializing param=encoder.layer.3.attention.self.query.weight]
Loading weights:  31%|███       | 61/199 [00:00<00:00, 2891.90it/s, Materializing param=encoder.layer.3.attention.self.query.weight]
Loading weights:  31%|███       | 62/199 [00:00<00:00, 2892.69it/s, Materializing param=encoder.layer.3.attention.self.value.bias]  
Loading weights:  31%|███       | 62/199 [00:00<00:00, 2867.96it/s, Materializing param=encoder.layer.3.attention.self.value.bias]
Loading weights:  32%|███▏      | 63/199 [00:00<00:00, 2891.74it/s, Materializing param=encoder.layer.3.attention.self.value.weight]
Loading weights:  32%|███▏      | 63/199 [00:00<00:00, 2882.40it/s, Materializing param=encoder.layer.3.attention.self.value.weight]
Loading weights:  32%|███▏      | 64/199 [00:00<00:00, 2904.01it/s, Materializing param=encoder.layer.3.intermediate.dense.bias]    
Loading weights:  32%|███▏      | 64/199 [00:00<00:00, 2894.90it/s, Materializing param=encoder.layer.3.intermediate.dense.bias]
Loading weights:  33%|███▎      | 65/199 [00:00<00:00, 2923.64it/s, Materializing param=encoder.layer.3.intermediate.dense.weight]
Loading weights:  33%|███▎      | 65/199 [00:00<00:00, 2914.92it/s, Materializing param=encoder.layer.3.intermediate.dense.weight]
Loading weights:  33%|███▎      | 66/199 [00:00<00:00, 2937.34it/s, Materializing param=encoder.layer.3.output.LayerNorm.bias]    
Loading weights:  33%|███▎      | 66/199 [00:00<00:00, 2928.24it/s, Materializing param=encoder.layer.3.output.LayerNorm.bias]
Loading weights:  34%|███▎      | 67/199 [00:00<00:00, 2932.22it/s, Materializing param=encoder.layer.3.output.LayerNorm.weight]
Loading weights:  34%|███▎      | 67/199 [00:00<00:00, 2912.02it/s, Materializing param=encoder.layer.3.output.LayerNorm.weight]
Loading weights:  34%|███▍      | 68/199 [00:00<00:00, 2930.43it/s, Materializing param=encoder.layer.3.output.dense.bias]      
Loading weights:  34%|███▍      | 68/199 [00:00<00:00, 2921.51it/s, Materializing param=encoder.layer.3.output.dense.bias]
Loading weights:  35%|███▍      | 69/199 [00:00<00:00, 2901.26it/s, Materializing param=encoder.layer.3.output.dense.weight]
Loading weights:  35%|███▍      | 69/199 [00:00<00:00, 2880.45it/s, Materializing param=encoder.layer.3.output.dense.weight]
Loading weights:  35%|███▌      | 70/199 [00:00<00:00, 2879.23it/s, Materializing param=encoder.layer.4.attention.output.LayerNorm.bias]
Loading weights:  35%|███▌      | 70/199 [00:00<00:00, 2847.04it/s, Materializing param=encoder.layer.4.attention.output.LayerNorm.bias]
Loading weights:  36%|███▌      | 71/199 [00:00<00:00, 2860.92it/s, Materializing param=encoder.layer.4.attention.output.LayerNorm.weight]
Loading weights:  36%|███▌      | 71/199 [00:00<00:00, 2852.20it/s, Materializing param=encoder.layer.4.attention.output.LayerNorm.weight]
Loading weights:  36%|███▌      | 72/199 [00:00<00:00, 2869.67it/s, Materializing param=encoder.layer.4.attention.output.dense.bias]      
Loading weights:  36%|███▌      | 72/199 [00:00<00:00, 2861.24it/s, Materializing param=encoder.layer.4.attention.output.dense.bias]
Loading weights:  37%|███▋      | 73/199 [00:00<00:00, 2865.02it/s, Materializing param=encoder.layer.4.attention.output.dense.weight]
Loading weights:  37%|███▋      | 73/199 [00:00<00:00, 2833.75it/s, Materializing param=encoder.layer.4.attention.output.dense.weight]
Loading weights:  37%|███▋      | 74/199 [00:00<00:00, 2844.27it/s, Materializing param=encoder.layer.4.attention.self.key.bias]      
Loading weights:  37%|███▋      | 74/199 [00:00<00:00, 2836.09it/s, Materializing param=encoder.layer.4.attention.self.key.bias]
Loading weights:  38%|███▊      | 75/199 [00:00<00:00, 2853.92it/s, Materializing param=encoder.layer.4.attention.self.key.weight]
Loading weights:  38%|███▊      | 75/199 [00:00<00:00, 2846.22it/s, Materializing param=encoder.layer.4.attention.self.key.weight]
Loading weights:  38%|███▊      | 76/199 [00:00<00:00, 2867.26it/s, Materializing param=encoder.layer.4.attention.self.query.bias]
Loading weights:  38%|███▊      | 76/199 [00:00<00:00, 2859.54it/s, Materializing param=encoder.layer.4.attention.self.query.bias]
Loading weights:  39%|███▊      | 77/199 [00:00<00:00, 2877.24it/s, Materializing param=encoder.layer.4.attention.self.query.weight]
Loading weights:  39%|███▊      | 77/199 [00:00<00:00, 2869.54it/s, Materializing param=encoder.layer.4.attention.self.query.weight]
Loading weights:  39%|███▉      | 78/199 [00:00<00:00, 2867.37it/s, Materializing param=encoder.layer.4.attention.self.value.bias]  
Loading weights:  39%|███▉      | 78/199 [00:00<00:00, 2855.29it/s, Materializing param=encoder.layer.4.attention.self.value.bias]
Loading weights:  40%|███▉      | 79/199 [00:00<00:00, 2874.71it/s, Materializing param=encoder.layer.4.attention.self.value.weight]
Loading weights:  40%|███▉      | 79/199 [00:00<00:00, 2867.22it/s, Materializing param=encoder.layer.4.attention.self.value.weight]
Loading weights:  40%|████      | 80/199 [00:00<00:00, 2864.40it/s, Materializing param=encoder.layer.4.intermediate.dense.bias]    
Loading weights:  40%|████      | 80/199 [00:00<00:00, 2849.03it/s, Materializing param=encoder.layer.4.intermediate.dense.bias]
Loading weights:  41%|████      | 81/199 [00:00<00:00, 2844.74it/s, Materializing param=encoder.layer.4.intermediate.dense.weight]
Loading weights:  41%|████      | 81/199 [00:00<00:00, 2812.45it/s, Materializing param=encoder.layer.4.intermediate.dense.weight]
Loading weights:  41%|████      | 82/199 [00:00<00:00, 2828.95it/s, Materializing param=encoder.layer.4.output.LayerNorm.bias]    
Loading weights:  41%|████      | 82/199 [00:00<00:00, 2796.93it/s, Materializing param=encoder.layer.4.output.LayerNorm.bias]
Loading weights:  42%|████▏     | 83/199 [00:00<00:00, 2813.49it/s, Materializing param=encoder.layer.4.output.LayerNorm.weight]
Loading weights:  42%|████▏     | 83/199 [00:00<00:00, 2806.89it/s, Materializing param=encoder.layer.4.output.LayerNorm.weight]
Loading weights:  42%|████▏     | 84/199 [00:00<00:00, 2828.80it/s, Materializing param=encoder.layer.4.output.dense.bias]      
Loading weights:  42%|████▏     | 84/199 [00:00<00:00, 2822.46it/s, Materializing param=encoder.layer.4.output.dense.bias]
Loading weights:  43%|████▎     | 85/199 [00:00<00:00, 2838.98it/s, Materializing param=encoder.layer.4.output.dense.weight]
Loading weights:  43%|████▎     | 85/199 [00:00<00:00, 2832.41it/s, Materializing param=encoder.layer.4.output.dense.weight]
Loading weights:  43%|████▎     | 86/199 [00:00<00:00, 2848.22it/s, Materializing param=encoder.layer.5.attention.output.LayerNorm.bias]
Loading weights:  43%|████▎     | 86/199 [00:00<00:00, 2841.60it/s, Materializing param=encoder.layer.5.attention.output.LayerNorm.bias]
Loading weights:  44%|████▎     | 87/199 [00:00<00:00, 2831.88it/s, Materializing param=encoder.layer.5.attention.output.LayerNorm.weight]
Loading weights:  44%|████▎     | 87/199 [00:00<00:00, 2812.47it/s, Materializing param=encoder.layer.5.attention.output.LayerNorm.weight]
Loading weights:  44%|████▍     | 88/199 [00:00<00:00, 2829.64it/s, Materializing param=encoder.layer.5.attention.output.dense.bias]      
Loading weights:  44%|████▍     | 88/199 [00:00<00:00, 2823.30it/s, Materializing param=encoder.layer.5.attention.output.dense.bias]
Loading weights:  45%|████▍     | 89/199 [00:00<00:00, 2827.61it/s, Materializing param=encoder.layer.5.attention.output.dense.weight]
Loading weights:  45%|████▍     | 89/199 [00:00<00:00, 2816.73it/s, Materializing param=encoder.layer.5.attention.output.dense.weight]
Loading weights:  45%|████▌     | 90/199 [00:00<00:00, 2820.29it/s, Materializing param=encoder.layer.5.attention.self.key.bias]      
Loading weights:  45%|████▌     | 90/199 [00:00<00:00, 2797.55it/s, Materializing param=encoder.layer.5.attention.self.key.bias]
Loading weights:  46%|████▌     | 91/199 [00:00<00:00, 2809.33it/s, Materializing param=encoder.layer.5.attention.self.key.weight]
Loading weights:  46%|████▌     | 91/199 [00:00<00:00, 2803.14it/s, Materializing param=encoder.layer.5.attention.self.key.weight]
Loading weights:  46%|████▌     | 92/199 [00:00<00:00, 2818.03it/s, Materializing param=encoder.layer.5.attention.self.query.bias]
Loading weights:  46%|████▌     | 92/199 [00:00<00:00, 2811.97it/s, Materializing param=encoder.layer.5.attention.self.query.bias]
Loading weights:  47%|████▋     | 93/199 [00:00<00:00, 2826.00it/s, Materializing param=encoder.layer.5.attention.self.query.weight]
Loading weights:  47%|████▋     | 93/199 [00:00<00:00, 2820.00it/s, Materializing param=encoder.layer.5.attention.self.query.weight]
Loading weights:  47%|████▋     | 94/199 [00:00<00:00, 2836.99it/s, Materializing param=encoder.layer.5.attention.self.value.bias]  
Loading weights:  47%|████▋     | 94/199 [00:00<00:00, 2831.02it/s, Materializing param=encoder.layer.5.attention.self.value.bias]
Loading weights:  48%|████▊     | 95/199 [00:00<00:00, 2850.57it/s, Materializing param=encoder.layer.5.attention.self.value.weight]
Loading weights:  48%|████▊     | 95/199 [00:00<00:00, 2844.83it/s, Materializing param=encoder.layer.5.attention.self.value.weight]
Loading weights:  48%|████▊     | 96/199 [00:00<00:00, 2863.74it/s, Materializing param=encoder.layer.5.intermediate.dense.bias]    
Loading weights:  48%|████▊     | 96/199 [00:00<00:00, 2857.97it/s, Materializing param=encoder.layer.5.intermediate.dense.bias]
Loading weights:  49%|████▊     | 97/199 [00:00<00:00, 2877.44it/s, Materializing param=encoder.layer.5.intermediate.dense.weight]
Loading weights:  49%|████▊     | 97/199 [00:00<00:00, 2871.72it/s, Materializing param=encoder.layer.5.intermediate.dense.weight]
Loading weights:  49%|████▉     | 98/199 [00:00<00:00, 2891.08it/s, Materializing param=encoder.layer.5.output.LayerNorm.bias]    
Loading weights:  49%|████▉     | 98/199 [00:00<00:00, 2885.44it/s, Materializing param=encoder.layer.5.output.LayerNorm.bias]
Loading weights:  50%|████▉     | 99/199 [00:00<00:00, 2895.93it/s, Materializing param=encoder.layer.5.output.LayerNorm.weight]
Loading weights:  50%|████▉     | 99/199 [00:00<00:00, 2890.17it/s, Materializing param=encoder.layer.5.output.LayerNorm.weight]
Loading weights:  50%|█████     | 100/199 [00:00<00:00, 2909.09it/s, Materializing param=encoder.layer.5.output.dense.bias]     
Loading weights:  50%|█████     | 100/199 [00:00<00:00, 2903.50it/s, Materializing param=encoder.layer.5.output.dense.bias]
Loading weights:  51%|█████     | 101/199 [00:00<00:00, 2922.40it/s, Materializing param=encoder.layer.5.output.dense.weight]
Loading weights:  51%|█████     | 101/199 [00:00<00:00, 2916.80it/s, Materializing param=encoder.layer.5.output.dense.weight]
Loading weights:  51%|█████▏    | 102/199 [00:00<00:00, 2935.70it/s, Materializing param=encoder.layer.6.attention.output.LayerNorm.bias]
Loading weights:  51%|█████▏    | 102/199 [00:00<00:00, 2929.97it/s, Materializing param=encoder.layer.6.attention.output.LayerNorm.bias]
Loading weights:  52%|█████▏    | 103/199 [00:00<00:00, 2948.09it/s, Materializing param=encoder.layer.6.attention.output.LayerNorm.weight]
Loading weights:  52%|█████▏    | 103/199 [00:00<00:00, 2942.33it/s, Materializing param=encoder.layer.6.attention.output.LayerNorm.weight]
Loading weights:  52%|█████▏    | 104/199 [00:00<00:00, 2960.51it/s, Materializing param=encoder.layer.6.attention.output.dense.bias]      
Loading weights:  52%|█████▏    | 104/199 [00:00<00:00, 2954.86it/s, Materializing param=encoder.layer.6.attention.output.dense.bias]
Loading weights:  53%|█████▎    | 105/199 [00:00<00:00, 2972.88it/s, Materializing param=encoder.layer.6.attention.output.dense.weight]
Loading weights:  53%|█████▎    | 105/199 [00:00<00:00, 2967.15it/s, Materializing param=encoder.layer.6.attention.output.dense.weight]
Loading weights:  53%|█████▎    | 106/199 [00:00<00:00, 2984.99it/s, Materializing param=encoder.layer.6.attention.self.key.bias]      
Loading weights:  53%|█████▎    | 106/199 [00:00<00:00, 2979.31it/s, Materializing param=encoder.layer.6.attention.self.key.bias]
Loading weights:  54%|█████▍    | 107/199 [00:00<00:00, 2997.21it/s, Materializing param=encoder.layer.6.attention.self.key.weight]
Loading weights:  54%|█████▍    | 107/199 [00:00<00:00, 2991.96it/s, Materializing param=encoder.layer.6.attention.self.key.weight]
Loading weights:  54%|█████▍    | 108/199 [00:00<00:00, 3010.65it/s, Materializing param=encoder.layer.6.attention.self.query.bias]
Loading weights:  54%|█████▍    | 108/199 [00:00<00:00, 3005.51it/s, Materializing param=encoder.layer.6.attention.self.query.bias]
Loading weights:  55%|█████▍    | 109/199 [00:00<00:00, 3023.97it/s, Materializing param=encoder.layer.6.attention.self.query.weight]
Loading weights:  55%|█████▍    | 109/199 [00:00<00:00, 3018.84it/s, Materializing param=encoder.layer.6.attention.self.query.weight]
Loading weights:  55%|█████▌    | 110/199 [00:00<00:00, 3037.13it/s, Materializing param=encoder.layer.6.attention.self.value.bias]  
Loading weights:  55%|█████▌    | 110/199 [00:00<00:00, 3032.00it/s, Materializing param=encoder.layer.6.attention.self.value.bias]
Loading weights:  56%|█████▌    | 111/199 [00:00<00:00, 3050.26it/s, Materializing param=encoder.layer.6.attention.self.value.weight]
Loading weights:  56%|█████▌    | 111/199 [00:00<00:00, 3045.16it/s, Materializing param=encoder.layer.6.attention.self.value.weight]
Loading weights:  56%|█████▋    | 112/199 [00:00<00:00, 3063.35it/s, Materializing param=encoder.layer.6.intermediate.dense.bias]    
Loading weights:  56%|█████▋    | 112/199 [00:00<00:00, 3058.31it/s, Materializing param=encoder.layer.6.intermediate.dense.bias]
Loading weights:  57%|█████▋    | 113/199 [00:00<00:00, 3076.52it/s, Materializing param=encoder.layer.6.intermediate.dense.weight]
Loading weights:  57%|█████▋    | 113/199 [00:00<00:00, 3071.46it/s, Materializing param=encoder.layer.6.intermediate.dense.weight]
Loading weights:  57%|█████▋    | 114/199 [00:00<00:00, 3089.55it/s, Materializing param=encoder.layer.6.output.LayerNorm.bias]    
Loading weights:  57%|█████▋    | 114/199 [00:00<00:00, 3084.54it/s, Materializing param=encoder.layer.6.output.LayerNorm.bias]
Loading weights:  58%|█████▊    | 115/199 [00:00<00:00, 3102.28it/s, Materializing param=encoder.layer.6.output.LayerNorm.weight]
Loading weights:  58%|█████▊    | 115/199 [00:00<00:00, 3097.28it/s, Materializing param=encoder.layer.6.output.LayerNorm.weight]
Loading weights:  58%|█████▊    | 116/199 [00:00<00:00, 3114.57it/s, Materializing param=encoder.layer.6.output.dense.bias]      
Loading weights:  58%|█████▊    | 116/199 [00:00<00:00, 3109.47it/s, Materializing param=encoder.layer.6.output.dense.bias]
Loading weights:  59%|█████▉    | 117/199 [00:00<00:00, 3127.19it/s, Materializing param=encoder.layer.6.output.dense.weight]
Loading weights:  59%|█████▉    | 117/199 [00:00<00:00, 3122.19it/s, Materializing param=encoder.layer.6.output.dense.weight]
Loading weights:  59%|█████▉    | 118/199 [00:00<00:00, 3139.89it/s, Materializing param=encoder.layer.7.attention.output.LayerNorm.bias]
Loading weights:  59%|█████▉    | 118/199 [00:00<00:00, 3134.78it/s, Materializing param=encoder.layer.7.attention.output.LayerNorm.bias]
Loading weights:  60%|█████▉    | 119/199 [00:00<00:00, 3151.84it/s, Materializing param=encoder.layer.7.attention.output.LayerNorm.weight]
Loading weights:  60%|█████▉    | 119/199 [00:00<00:00, 3146.67it/s, Materializing param=encoder.layer.7.attention.output.LayerNorm.weight]
Loading weights:  60%|██████    | 120/199 [00:00<00:00, 3163.70it/s, Materializing param=encoder.layer.7.attention.output.dense.bias]      
Loading weights:  60%|██████    | 120/199 [00:00<00:00, 3158.64it/s, Materializing param=encoder.layer.7.attention.output.dense.bias]
Loading weights:  61%|██████    | 121/199 [00:00<00:00, 3175.63it/s, Materializing param=encoder.layer.7.attention.output.dense.weight]
Loading weights:  61%|██████    | 121/199 [00:00<00:00, 3170.56it/s, Materializing param=encoder.layer.7.attention.output.dense.weight]
Loading weights:  61%|██████▏   | 122/199 [00:00<00:00, 3187.56it/s, Materializing param=encoder.layer.7.attention.self.key.bias]      
Loading weights:  61%|██████▏   | 122/199 [00:00<00:00, 3182.56it/s, Materializing param=encoder.layer.7.attention.self.key.bias]
Loading weights:  62%|██████▏   | 123/199 [00:00<00:00, 3199.38it/s, Materializing param=encoder.layer.7.attention.self.key.weight]
Loading weights:  62%|██████▏   | 123/199 [00:00<00:00, 3194.36it/s, Materializing param=encoder.layer.7.attention.self.key.weight]
Loading weights:  62%|██████▏   | 124/199 [00:00<00:00, 3211.19it/s, Materializing param=encoder.layer.7.attention.self.query.bias]
Loading weights:  62%|██████▏   | 124/199 [00:00<00:00, 3206.14it/s, Materializing param=encoder.layer.7.attention.self.query.bias]
Loading weights:  63%|██████▎   | 125/199 [00:00<00:00, 3222.84it/s, Materializing param=encoder.layer.7.attention.self.query.weight]
Loading weights:  63%|██████▎   | 125/199 [00:00<00:00, 3217.75it/s, Materializing param=encoder.layer.7.attention.self.query.weight]
Loading weights:  63%|██████▎   | 126/199 [00:00<00:00, 3234.37it/s, Materializing param=encoder.layer.7.attention.self.value.bias]  
Loading weights:  63%|██████▎   | 126/199 [00:00<00:00, 3229.34it/s, Materializing param=encoder.layer.7.attention.self.value.bias]
Loading weights:  64%|██████▍   | 127/199 [00:00<00:00, 3244.94it/s, Materializing param=encoder.layer.7.attention.self.value.weight]
Loading weights:  64%|██████▍   | 127/199 [00:00<00:00, 3239.28it/s, Materializing param=encoder.layer.7.attention.self.value.weight]
Loading weights:  64%|██████▍   | 128/199 [00:00<00:00, 3254.55it/s, Materializing param=encoder.layer.7.intermediate.dense.bias]    
Loading weights:  64%|██████▍   | 128/199 [00:00<00:00, 3248.98it/s, Materializing param=encoder.layer.7.intermediate.dense.bias]
Loading weights:  65%|██████▍   | 129/199 [00:00<00:00, 3264.40it/s, Materializing param=encoder.layer.7.intermediate.dense.weight]
Loading weights:  65%|██████▍   | 129/199 [00:00<00:00, 3258.94it/s, Materializing param=encoder.layer.7.intermediate.dense.weight]
Loading weights:  65%|██████▌   | 130/199 [00:00<00:00, 3274.38it/s, Materializing param=encoder.layer.7.output.LayerNorm.bias]    
Loading weights:  65%|██████▌   | 130/199 [00:00<00:00, 3268.92it/s, Materializing param=encoder.layer.7.output.LayerNorm.bias]
Loading weights:  66%|██████▌   | 131/199 [00:00<00:00, 3284.16it/s, Materializing param=encoder.layer.7.output.LayerNorm.weight]
Loading weights:  66%|██████▌   | 131/199 [00:00<00:00, 3278.68it/s, Materializing param=encoder.layer.7.output.LayerNorm.weight]
Loading weights:  66%|██████▋   | 132/199 [00:00<00:00, 3293.88it/s, Materializing param=encoder.layer.7.output.dense.bias]      
Loading weights:  66%|██████▋   | 132/199 [00:00<00:00, 3288.46it/s, Materializing param=encoder.layer.7.output.dense.bias]
Loading weights:  67%|██████▋   | 133/199 [00:00<00:00, 3303.60it/s, Materializing param=encoder.layer.7.output.dense.weight]
Loading weights:  67%|██████▋   | 133/199 [00:00<00:00, 3298.25it/s, Materializing param=encoder.layer.7.output.dense.weight]
Loading weights:  67%|██████▋   | 134/199 [00:00<00:00, 3313.37it/s, Materializing param=encoder.layer.8.attention.output.LayerNorm.bias]
Loading weights:  67%|██████▋   | 134/199 [00:00<00:00, 3307.83it/s, Materializing param=encoder.layer.8.attention.output.LayerNorm.bias]
Loading weights:  68%|██████▊   | 135/199 [00:00<00:00, 3322.37it/s, Materializing param=encoder.layer.8.attention.output.LayerNorm.weight]
Loading weights:  68%|██████▊   | 135/199 [00:00<00:00, 3316.86it/s, Materializing param=encoder.layer.8.attention.output.LayerNorm.weight]
Loading weights:  68%|██████▊   | 136/199 [00:00<00:00, 3331.42it/s, Materializing param=encoder.layer.8.attention.output.dense.bias]      
Loading weights:  68%|██████▊   | 136/199 [00:00<00:00, 3325.90it/s, Materializing param=encoder.layer.8.attention.output.dense.bias]
Loading weights:  69%|██████▉   | 137/199 [00:00<00:00, 3340.87it/s, Materializing param=encoder.layer.8.attention.output.dense.weight]
Loading weights:  69%|██████▉   | 137/199 [00:00<00:00, 3335.91it/s, Materializing param=encoder.layer.8.attention.output.dense.weight]
Loading weights:  69%|██████▉   | 138/199 [00:00<00:00, 3351.31it/s, Materializing param=encoder.layer.8.attention.self.key.bias]      
Loading weights:  69%|██████▉   | 138/199 [00:00<00:00, 3346.36it/s, Materializing param=encoder.layer.8.attention.self.key.bias]
Loading weights:  70%|██████▉   | 139/199 [00:00<00:00, 3361.62it/s, Materializing param=encoder.layer.8.attention.self.key.weight]
Loading weights:  70%|██████▉   | 139/199 [00:00<00:00, 3356.70it/s, Materializing param=encoder.layer.8.attention.self.key.weight]
Loading weights:  70%|███████   | 140/199 [00:00<00:00, 3361.51it/s, Materializing param=encoder.layer.8.attention.self.query.bias]
Loading weights:  70%|███████   | 140/199 [00:00<00:00, 3352.61it/s, Materializing param=encoder.layer.8.attention.self.query.bias]
Loading weights:  71%|███████   | 141/199 [00:00<00:00, 3365.76it/s, Materializing param=encoder.layer.8.attention.self.query.weight]
Loading weights:  71%|███████   | 141/199 [00:00<00:00, 3360.50it/s, Materializing param=encoder.layer.8.attention.self.query.weight]
Loading weights:  71%|███████▏  | 142/199 [00:00<00:00, 3375.28it/s, Materializing param=encoder.layer.8.attention.self.value.bias]  
Loading weights:  71%|███████▏  | 142/199 [00:00<00:00, 3369.99it/s, Materializing param=encoder.layer.8.attention.self.value.bias]
Loading weights:  72%|███████▏  | 143/199 [00:00<00:00, 3384.62it/s, Materializing param=encoder.layer.8.attention.self.value.weight]
Loading weights:  72%|███████▏  | 143/199 [00:00<00:00, 3379.32it/s, Materializing param=encoder.layer.8.attention.self.value.weight]
Loading weights:  72%|███████▏  | 144/199 [00:00<00:00, 3393.85it/s, Materializing param=encoder.layer.8.intermediate.dense.bias]    
Loading weights:  72%|███████▏  | 144/199 [00:00<00:00, 3388.65it/s, Materializing param=encoder.layer.8.intermediate.dense.bias]
Loading weights:  73%|███████▎  | 145/199 [00:00<00:00, 3403.19it/s, Materializing param=encoder.layer.8.intermediate.dense.weight]
Loading weights:  73%|███████▎  | 145/199 [00:00<00:00, 3397.96it/s, Materializing param=encoder.layer.8.intermediate.dense.weight]
Loading weights:  73%|███████▎  | 146/199 [00:00<00:00, 3412.63it/s, Materializing param=encoder.layer.8.output.LayerNorm.bias]    
Loading weights:  73%|███████▎  | 146/199 [00:00<00:00, 3407.44it/s, Materializing param=encoder.layer.8.output.LayerNorm.bias]
Loading weights:  74%|███████▍  | 147/199 [00:00<00:00, 3421.85it/s, Materializing param=encoder.layer.8.output.LayerNorm.weight]
Loading weights:  74%|███████▍  | 147/199 [00:00<00:00, 3416.65it/s, Materializing param=encoder.layer.8.output.LayerNorm.weight]
Loading weights:  74%|███████▍  | 148/199 [00:00<00:00, 3431.00it/s, Materializing param=encoder.layer.8.output.dense.bias]      
Loading weights:  74%|███████▍  | 148/199 [00:00<00:00, 3425.89it/s, Materializing param=encoder.layer.8.output.dense.bias]
Loading weights:  75%|███████▍  | 149/199 [00:00<00:00, 3440.21it/s, Materializing param=encoder.layer.8.output.dense.weight]
Loading weights:  75%|███████▍  | 149/199 [00:00<00:00, 3435.12it/s, Materializing param=encoder.layer.8.output.dense.weight]
Loading weights:  75%|███████▌  | 150/199 [00:00<00:00, 3449.30it/s, Materializing param=encoder.layer.9.attention.output.LayerNorm.bias]
Loading weights:  75%|███████▌  | 150/199 [00:00<00:00, 3444.00it/s, Materializing param=encoder.layer.9.attention.output.LayerNorm.bias]
Loading weights:  76%|███████▌  | 151/199 [00:00<00:00, 3457.61it/s, Materializing param=encoder.layer.9.attention.output.LayerNorm.weight]
Loading weights:  76%|███████▌  | 151/199 [00:00<00:00, 3452.31it/s, Materializing param=encoder.layer.9.attention.output.LayerNorm.weight]
Loading weights:  76%|███████▋  | 152/199 [00:00<00:00, 3466.03it/s, Materializing param=encoder.layer.9.attention.output.dense.bias]      
Loading weights:  76%|███████▋  | 152/199 [00:00<00:00, 3460.82it/s, Materializing param=encoder.layer.9.attention.output.dense.bias]
Loading weights:  77%|███████▋  | 153/199 [00:00<00:00, 3474.49it/s, Materializing param=encoder.layer.9.attention.output.dense.weight]
Loading weights:  77%|███████▋  | 153/199 [00:00<00:00, 3469.27it/s, Materializing param=encoder.layer.9.attention.output.dense.weight]
Loading weights:  77%|███████▋  | 154/199 [00:00<00:00, 3482.91it/s, Materializing param=encoder.layer.9.attention.self.key.bias]      
Loading weights:  77%|███████▋  | 154/199 [00:00<00:00, 3477.70it/s, Materializing param=encoder.layer.9.attention.self.key.bias]
Loading weights:  78%|███████▊  | 155/199 [00:00<00:00, 3491.37it/s, Materializing param=encoder.layer.9.attention.self.key.weight]
Loading weights:  78%|███████▊  | 155/199 [00:00<00:00, 3486.18it/s, Materializing param=encoder.layer.9.attention.self.key.weight]
Loading weights:  78%|███████▊  | 156/199 [00:00<00:00, 3499.57it/s, Materializing param=encoder.layer.9.attention.self.query.bias]
Loading weights:  78%|███████▊  | 156/199 [00:00<00:00, 3494.45it/s, Materializing param=encoder.layer.9.attention.self.query.bias]
Loading weights:  79%|███████▉  | 157/199 [00:00<00:00, 3507.95it/s, Materializing param=encoder.layer.9.attention.self.query.weight]
Loading weights:  79%|███████▉  | 157/199 [00:00<00:00, 3502.82it/s, Materializing param=encoder.layer.9.attention.self.query.weight]
Loading weights:  79%|███████▉  | 158/199 [00:00<00:00, 3516.36it/s, Materializing param=encoder.layer.9.attention.self.value.bias]  
Loading weights:  79%|███████▉  | 158/199 [00:00<00:00, 3511.16it/s, Materializing param=encoder.layer.9.attention.self.value.bias]
Loading weights:  80%|███████▉  | 159/199 [00:00<00:00, 3524.48it/s, Materializing param=encoder.layer.9.attention.self.value.weight]
Loading weights:  80%|███████▉  | 159/199 [00:00<00:00, 3519.27it/s, Materializing param=encoder.layer.9.attention.self.value.weight]
Loading weights:  80%|████████  | 160/199 [00:00<00:00, 3532.44it/s, Materializing param=encoder.layer.9.intermediate.dense.bias]    
Loading weights:  80%|████████  | 160/199 [00:00<00:00, 3527.39it/s, Materializing param=encoder.layer.9.intermediate.dense.bias]
Loading weights:  81%|████████  | 161/199 [00:00<00:00, 3540.76it/s, Materializing param=encoder.layer.9.intermediate.dense.weight]
Loading weights:  81%|████████  | 161/199 [00:00<00:00, 3535.70it/s, Materializing param=encoder.layer.9.intermediate.dense.weight]
Loading weights:  81%|████████▏ | 162/199 [00:00<00:00, 3548.94it/s, Materializing param=encoder.layer.9.output.LayerNorm.bias]    
Loading weights:  81%|████████▏ | 162/199 [00:00<00:00, 3543.93it/s, Materializing param=encoder.layer.9.output.LayerNorm.bias]
Loading weights:  82%|████████▏ | 163/199 [00:00<00:00, 3557.14it/s, Materializing param=encoder.layer.9.output.LayerNorm.weight]
Loading weights:  82%|████████▏ | 163/199 [00:00<00:00, 3552.06it/s, Materializing param=encoder.layer.9.output.LayerNorm.weight]
Loading weights:  82%|████████▏ | 164/199 [00:00<00:00, 3565.16it/s, Materializing param=encoder.layer.9.output.dense.bias]      
Loading weights:  82%|████████▏ | 164/199 [00:00<00:00, 3560.12it/s, Materializing param=encoder.layer.9.output.dense.bias]
Loading weights:  83%|████████▎ | 165/199 [00:00<00:00, 3572.94it/s, Materializing param=encoder.layer.9.output.dense.weight]
Loading weights:  83%|████████▎ | 165/199 [00:00<00:00, 3567.95it/s, Materializing param=encoder.layer.9.output.dense.weight]
Loading weights:  83%|████████▎ | 166/199 [00:00<00:00, 3580.93it/s, Materializing param=encoder.layer.10.attention.output.LayerNorm.bias]
Loading weights:  83%|████████▎ | 166/199 [00:00<00:00, 3575.78it/s, Materializing param=encoder.layer.10.attention.output.LayerNorm.bias]
Loading weights:  84%|████████▍ | 167/199 [00:00<00:00, 3588.27it/s, Materializing param=encoder.layer.10.attention.output.LayerNorm.weight]
Loading weights:  84%|████████▍ | 167/199 [00:00<00:00, 3583.21it/s, Materializing param=encoder.layer.10.attention.output.LayerNorm.weight]
Loading weights:  84%|████████▍ | 168/199 [00:00<00:00, 3595.81it/s, Materializing param=encoder.layer.10.attention.output.dense.bias]      
Loading weights:  84%|████████▍ | 168/199 [00:00<00:00, 3590.76it/s, Materializing param=encoder.layer.10.attention.output.dense.bias]
Loading weights:  85%|████████▍ | 169/199 [00:00<00:00, 3603.34it/s, Materializing param=encoder.layer.10.attention.output.dense.weight]
Loading weights:  85%|████████▍ | 169/199 [00:00<00:00, 3598.27it/s, Materializing param=encoder.layer.10.attention.output.dense.weight]
Loading weights:  85%|████████▌ | 170/199 [00:00<00:00, 3610.82it/s, Materializing param=encoder.layer.10.attention.self.key.bias]      
Loading weights:  85%|████████▌ | 170/199 [00:00<00:00, 3605.83it/s, Materializing param=encoder.layer.10.attention.self.key.bias]
Loading weights:  86%|████████▌ | 171/199 [00:00<00:00, 3618.17it/s, Materializing param=encoder.layer.10.attention.self.key.weight]
Loading weights:  86%|████████▌ | 171/199 [00:00<00:00, 3613.17it/s, Materializing param=encoder.layer.10.attention.self.key.weight]
Loading weights:  86%|████████▋ | 172/199 [00:00<00:00, 3625.57it/s, Materializing param=encoder.layer.10.attention.self.query.bias]
Loading weights:  86%|████████▋ | 172/199 [00:00<00:00, 3620.61it/s, Materializing param=encoder.layer.10.attention.self.query.bias]
Loading weights:  87%|████████▋ | 173/199 [00:00<00:00, 3633.07it/s, Materializing param=encoder.layer.10.attention.self.query.weight]
Loading weights:  87%|████████▋ | 173/199 [00:00<00:00, 3628.07it/s, Materializing param=encoder.layer.10.attention.self.query.weight]
Loading weights:  87%|████████▋ | 174/199 [00:00<00:00, 3640.29it/s, Materializing param=encoder.layer.10.attention.self.value.bias]  
Loading weights:  87%|████████▋ | 174/199 [00:00<00:00, 3635.28it/s, Materializing param=encoder.layer.10.attention.self.value.bias]
Loading weights:  88%|████████▊ | 175/199 [00:00<00:00, 3647.49it/s, Materializing param=encoder.layer.10.attention.self.value.weight]
Loading weights:  88%|████████▊ | 175/199 [00:00<00:00, 3642.55it/s, Materializing param=encoder.layer.10.attention.self.value.weight]
Loading weights:  88%|████████▊ | 176/199 [00:00<00:00, 3654.61it/s, Materializing param=encoder.layer.10.intermediate.dense.bias]    
Loading weights:  88%|████████▊ | 176/199 [00:00<00:00, 3649.62it/s, Materializing param=encoder.layer.10.intermediate.dense.bias]
Loading weights:  89%|████████▉ | 177/199 [00:00<00:00, 3661.72it/s, Materializing param=encoder.layer.10.intermediate.dense.weight]
Loading weights:  89%|████████▉ | 177/199 [00:00<00:00, 3656.74it/s, Materializing param=encoder.layer.10.intermediate.dense.weight]
Loading weights:  89%|████████▉ | 178/199 [00:00<00:00, 3668.98it/s, Materializing param=encoder.layer.10.output.LayerNorm.bias]    
Loading weights:  89%|████████▉ | 178/199 [00:00<00:00, 3664.14it/s, Materializing param=encoder.layer.10.output.LayerNorm.bias]
Loading weights:  90%|████████▉ | 179/199 [00:00<00:00, 3676.24it/s, Materializing param=encoder.layer.10.output.LayerNorm.weight]
Loading weights:  90%|████████▉ | 179/199 [00:00<00:00, 3671.35it/s, Materializing param=encoder.layer.10.output.LayerNorm.weight]
Loading weights:  90%|█████████ | 180/199 [00:00<00:00, 3683.52it/s, Materializing param=encoder.layer.10.output.dense.bias]      
Loading weights:  90%|█████████ | 180/199 [00:00<00:00, 3678.64it/s, Materializing param=encoder.layer.10.output.dense.bias]
Loading weights:  91%|█████████ | 181/199 [00:00<00:00, 3688.58it/s, Materializing param=encoder.layer.10.output.dense.weight]
Loading weights:  91%|█████████ | 181/199 [00:00<00:00, 3683.77it/s, Materializing param=encoder.layer.10.output.dense.weight]
Loading weights:  91%|█████████▏| 182/199 [00:00<00:00, 3695.65it/s, Materializing param=encoder.layer.11.attention.output.LayerNorm.bias]
Loading weights:  91%|█████████▏| 182/199 [00:00<00:00, 3690.71it/s, Materializing param=encoder.layer.11.attention.output.LayerNorm.bias]
Loading weights:  92%|█████████▏| 183/199 [00:00<00:00, 3702.32it/s, Materializing param=encoder.layer.11.attention.output.LayerNorm.weight]
Loading weights:  92%|█████████▏| 183/199 [00:00<00:00, 3697.38it/s, Materializing param=encoder.layer.11.attention.output.LayerNorm.weight]
Loading weights:  92%|█████████▏| 184/199 [00:00<00:00, 3708.97it/s, Materializing param=encoder.layer.11.attention.output.dense.bias]      
Loading weights:  92%|█████████▏| 184/199 [00:00<00:00, 3704.08it/s, Materializing param=encoder.layer.11.attention.output.dense.bias]
Loading weights:  93%|█████████▎| 185/199 [00:00<00:00, 3715.63it/s, Materializing param=encoder.layer.11.attention.output.dense.weight]
Loading weights:  93%|█████████▎| 185/199 [00:00<00:00, 3710.71it/s, Materializing param=encoder.layer.11.attention.output.dense.weight]
Loading weights:  93%|█████████▎| 186/199 [00:00<00:00, 3722.26it/s, Materializing param=encoder.layer.11.attention.self.key.bias]      
Loading weights:  93%|█████████▎| 186/199 [00:00<00:00, 3717.47it/s, Materializing param=encoder.layer.11.attention.self.key.bias]
Loading weights:  94%|█████████▍| 187/199 [00:00<00:00, 3729.03it/s, Materializing param=encoder.layer.11.attention.self.key.weight]
Loading weights:  94%|█████████▍| 187/199 [00:00<00:00, 3724.18it/s, Materializing param=encoder.layer.11.attention.self.key.weight]
Loading weights:  94%|█████████▍| 188/199 [00:00<00:00, 3735.72it/s, Materializing param=encoder.layer.11.attention.self.query.bias]
Loading weights:  94%|█████████▍| 188/199 [00:00<00:00, 3730.88it/s, Materializing param=encoder.layer.11.attention.self.query.bias]
Loading weights:  95%|█████████▍| 189/199 [00:00<00:00, 3742.39it/s, Materializing param=encoder.layer.11.attention.self.query.weight]
Loading weights:  95%|█████████▍| 189/199 [00:00<00:00, 3737.55it/s, Materializing param=encoder.layer.11.attention.self.query.weight]
Loading weights:  95%|█████████▌| 190/199 [00:00<00:00, 3748.98it/s, Materializing param=encoder.layer.11.attention.self.value.bias]  
Loading weights:  95%|█████████▌| 190/199 [00:00<00:00, 3744.18it/s, Materializing param=encoder.layer.11.attention.self.value.bias]
Loading weights:  96%|█████████▌| 191/199 [00:00<00:00, 3755.50it/s, Materializing param=encoder.layer.11.attention.self.value.weight]
Loading weights:  96%|█████████▌| 191/199 [00:00<00:00, 3750.67it/s, Materializing param=encoder.layer.11.attention.self.value.weight]
Loading weights:  96%|█████████▋| 192/199 [00:00<00:00, 3761.97it/s, Materializing param=encoder.layer.11.intermediate.dense.bias]    
Loading weights:  96%|█████████▋| 192/199 [00:00<00:00, 3757.14it/s, Materializing param=encoder.layer.11.intermediate.dense.bias]
Loading weights:  97%|█████████▋| 193/199 [00:00<00:00, 3768.45it/s, Materializing param=encoder.layer.11.intermediate.dense.weight]
Loading weights:  97%|█████████▋| 193/199 [00:00<00:00, 3763.70it/s, Materializing param=encoder.layer.11.intermediate.dense.weight]
Loading weights:  97%|█████████▋| 194/199 [00:00<00:00, 3775.11it/s, Materializing param=encoder.layer.11.output.LayerNorm.bias]    
Loading weights:  97%|█████████▋| 194/199 [00:00<00:00, 3770.39it/s, Materializing param=encoder.layer.11.output.LayerNorm.bias]
Loading weights:  98%|█████████▊| 195/199 [00:00<00:00, 3781.69it/s, Materializing param=encoder.layer.11.output.LayerNorm.weight]
Loading weights:  98%|█████████▊| 195/199 [00:00<00:00, 3776.28it/s, Materializing param=encoder.layer.11.output.LayerNorm.weight]
Loading weights:  98%|█████████▊| 196/199 [00:00<00:00, 3787.27it/s, Materializing param=encoder.layer.11.output.dense.bias]      
Loading weights:  98%|█████████▊| 196/199 [00:00<00:00, 3782.58it/s, Materializing param=encoder.layer.11.output.dense.bias]
Loading weights:  99%|█████████▉| 197/199 [00:00<00:00, 3793.75it/s, Materializing param=encoder.layer.11.output.dense.weight]
Loading weights:  99%|█████████▉| 197/199 [00:00<00:00, 3789.03it/s, Materializing param=encoder.layer.11.output.dense.weight]
Loading weights:  99%|█████████▉| 198/199 [00:00<00:00, 3800.20it/s, Materializing param=pooler.dense.bias]                   
Loading weights:  99%|█████████▉| 198/199 [00:00<00:00, 3795.61it/s, Materializing param=pooler.dense.bias]
Loading weights: 100%|██████████| 199/199 [00:00<00:00, 3807.06it/s, Materializing param=pooler.dense.weight]
Loading weights: 100%|██████████| 199/199 [00:00<00:00, 3802.51it/s, Materializing param=pooler.dense.weight]
Loading weights: 100%|██████████| 199/199 [00:00<00:00, 3793.21it/s, Materializing param=pooler.dense.weight]
[1mBertModel LOAD REPORT[0m from: bert-base-multilingual-cased
Key                                        | Status     |  | 
-------------------------------------------+------------+--+-
cls.predictions.transform.LayerNorm.bias   | UNEXPECTED |  | 
cls.seq_relationship.weight                | UNEXPECTED |  | 
cls.predictions.bias                       | UNEXPECTED |  | 
cls.predictions.transform.LayerNorm.weight | UNEXPECTED |  | 
cls.predictions.transform.dense.bias       | UNEXPECTED |  | 
cls.predictions.transform.dense.weight     | UNEXPECTED |  | 
cls.seq_relationship.bias                  | UNEXPECTED |  | 

[3mNotes:
- UNEXPECTED[3m	:can be ignored when loading from different task/architecture; not ok if you expect identical arch.[0m
[lora_v2_corrected] C:\Users\IPC\Desktop\git\VLM\vlm\bench\results_lora_v2_corrected.jsonl: 50건

Loading weights:   0%|          | 0/199 [00:00<?, ?it/s]
Loading weights:   1%|          | 1/199 [00:00<00:00, 29127.11it/s, Materializing param=embeddings.LayerNorm.bias]
Loading weights:   1%|          | 1/199 [00:00<00:00, 5497.12it/s, Materializing param=embeddings.LayerNorm.bias] 
Loading weights:   1%|          | 2/199 [00:00<00:00, 5504.34it/s, Materializing param=embeddings.LayerNorm.weight]
Loading weights:   1%|          | 2/199 [00:00<00:00, 4573.94it/s, Materializing param=embeddings.LayerNorm.weight]
Loading weights:   2%|▏         | 3/199 [00:00<00:00, 3821.11it/s, Materializing param=embeddings.position_embeddings.weight]
Loading weights:   2%|▏         | 3/199 [00:00<00:00, 2543.54it/s, Materializing param=embeddings.position_embeddings.weight]
Loading weights:   2%|▏         | 4/199 [00:00<00:00, 2897.12it/s, Materializing param=embeddings.token_type_embeddings.weight]
Loading weights:   2%|▏         | 4/199 [00:00<00:00, 2742.72it/s, Materializing param=embeddings.token_type_embeddings.weight]
Loading weights:   3%|▎         | 5/199 [00:00<00:00, 3151.72it/s, Materializing param=embeddings.word_embeddings.weight]      
Loading weights:   3%|▎         | 5/199 [00:00<00:00, 3017.92it/s, Materializing param=embeddings.word_embeddings.weight]
Loading weights:   3%|▎         | 6/199 [00:00<00:00, 3258.56it/s, Materializing param=encoder.layer.0.attention.output.LayerNorm.bias]
Loading weights:   3%|▎         | 6/199 [00:00<00:00, 3132.81it/s, Materializing param=encoder.layer.0.attention.output.LayerNorm.bias]
Loading weights:   4%|▎         | 7/199 [00:00<00:00, 3315.28it/s, Materializing param=encoder.layer.0.attention.output.LayerNorm.weight]
Loading weights:   4%|▎         | 7/199 [00:00<00:00, 3205.25it/s, Materializing param=encoder.layer.0.attention.output.LayerNorm.weight]
Loading weights:   4%|▍         | 8/199 [00:00<00:00, 3058.19it/s, Materializing param=encoder.layer.0.attention.output.dense.bias]      
Loading weights:   4%|▍         | 8/199 [00:00<00:00, 2728.00it/s, Materializing param=encoder.layer.0.attention.output.dense.bias]
Loading weights:   5%|▍         | 9/199 [00:00<00:00, 2566.54it/s, Materializing param=encoder.layer.0.attention.output.dense.weight]
Loading weights:   5%|▍         | 9/199 [00:00<00:00, 2112.53it/s, Materializing param=encoder.layer.0.attention.output.dense.weight]
Loading weights:   5%|▌         | 10/199 [00:00<00:00, 2186.47it/s, Materializing param=encoder.layer.0.attention.self.key.bias]     
Loading weights:   5%|▌         | 10/199 [00:00<00:00, 2019.21it/s, Materializing param=encoder.layer.0.attention.self.key.bias]
Loading weights:   6%|▌         | 11/199 [00:00<00:00, 2123.11it/s, Materializing param=encoder.layer.0.attention.self.key.weight]
Loading weights:   6%|▌         | 11/199 [00:00<00:00, 2093.06it/s, Materializing param=encoder.layer.0.attention.self.key.weight]
Loading weights:   6%|▌         | 12/199 [00:00<00:00, 2204.24it/s, Materializing param=encoder.layer.0.attention.self.query.bias]
Loading weights:   6%|▌         | 12/199 [00:00<00:00, 2175.37it/s, Materializing param=encoder.layer.0.attention.self.query.bias]
Loading weights:   7%|▋         | 13/199 [00:00<00:00, 2291.49it/s, Materializing param=encoder.layer.0.attention.self.query.weight]
Loading weights:   7%|▋         | 13/199 [00:00<00:00, 2262.21it/s, Materializing param=encoder.layer.0.attention.self.query.weight]
Loading weights:   7%|▋         | 14/199 [00:00<00:00, 2359.00it/s, Materializing param=encoder.layer.0.attention.self.value.bias]  
Loading weights:   7%|▋         | 14/199 [00:00<00:00, 2330.82it/s, Materializing param=encoder.layer.0.attention.self.value.bias]
Loading weights:   8%|▊         | 15/199 [00:00<00:00, 2434.30it/s, Materializing param=encoder.layer.0.attention.self.value.weight]
Loading weights:   8%|▊         | 15/199 [00:00<00:00, 2405.91it/s, Materializing param=encoder.layer.0.attention.self.value.weight]
Loading weights:   8%|▊         | 16/199 [00:00<00:00, 2491.42it/s, Materializing param=encoder.layer.0.intermediate.dense.bias]    
Loading weights:   8%|▊         | 16/199 [00:00<00:00, 2463.89it/s, Materializing param=encoder.layer.0.intermediate.dense.bias]
Loading weights:   9%|▊         | 17/199 [00:00<00:00, 2556.86it/s, Materializing param=encoder.layer.0.intermediate.dense.weight]
Loading weights:   9%|▊         | 17/199 [00:00<00:00, 2529.65it/s, Materializing param=encoder.layer.0.intermediate.dense.weight]
Loading weights:   9%|▉         | 18/199 [00:00<00:00, 2607.95it/s, Materializing param=encoder.layer.0.output.LayerNorm.bias]    
Loading weights:   9%|▉         | 18/199 [00:00<00:00, 2581.20it/s, Materializing param=encoder.layer.0.output.LayerNorm.bias]
Loading weights:  10%|▉         | 19/199 [00:00<00:00, 2657.63it/s, Materializing param=encoder.layer.0.output.LayerNorm.weight]
Loading weights:  10%|▉         | 19/199 [00:00<00:00, 2631.13it/s, Materializing param=encoder.layer.0.output.LayerNorm.weight]
Loading weights:  10%|█         | 20/199 [00:00<00:00, 2699.82it/s, Materializing param=encoder.layer.0.output.dense.bias]      
Loading weights:  10%|█         | 20/199 [00:00<00:00, 2674.60it/s, Materializing param=encoder.layer.0.output.dense.bias]
Loading weights:  11%|█         | 21/199 [00:00<00:00, 2714.43it/s, Materializing param=encoder.layer.0.output.dense.weight]
Loading weights:  11%|█         | 21/199 [00:00<00:00, 2689.48it/s, Materializing param=encoder.layer.0.output.dense.weight]
Loading weights:  11%|█         | 22/199 [00:00<00:00, 2751.02it/s, Materializing param=encoder.layer.1.attention.output.LayerNorm.bias]
Loading weights:  11%|█         | 22/199 [00:00<00:00, 2726.23it/s, Materializing param=encoder.layer.1.attention.output.LayerNorm.bias]
Loading weights:  12%|█▏        | 23/199 [00:00<00:00, 2790.22it/s, Materializing param=encoder.layer.1.attention.output.LayerNorm.weight]
Loading weights:  12%|█▏        | 23/199 [00:00<00:00, 2765.26it/s, Materializing param=encoder.layer.1.attention.output.LayerNorm.weight]
Loading weights:  12%|█▏        | 24/199 [00:00<00:00, 2810.41it/s, Materializing param=encoder.layer.1.attention.output.dense.bias]      
Loading weights:  12%|█▏        | 24/199 [00:00<00:00, 2786.45it/s, Materializing param=encoder.layer.1.attention.output.dense.bias]
Loading weights:  13%|█▎        | 25/199 [00:00<00:00, 2739.16it/s, Materializing param=encoder.layer.1.attention.output.dense.weight]
Loading weights:  13%|█▎        | 25/199 [00:00<00:00, 2717.36it/s, Materializing param=encoder.layer.1.attention.output.dense.weight]
Loading weights:  13%|█▎        | 26/199 [00:00<00:00, 2712.80it/s, Materializing param=encoder.layer.1.attention.self.key.bias]      
Loading weights:  13%|█▎        | 26/199 [00:00<00:00, 2692.24it/s, Materializing param=encoder.layer.1.attention.self.key.bias]
Loading weights:  14%|█▎        | 27/199 [00:00<00:00, 2732.71it/s, Materializing param=encoder.layer.1.attention.self.key.weight]
Loading weights:  14%|█▎        | 27/199 [00:00<00:00, 2712.94it/s, Materializing param=encoder.layer.1.attention.self.key.weight]
Loading weights:  14%|█▍        | 28/199 [00:00<00:00, 2728.00it/s, Materializing param=encoder.layer.1.attention.self.query.bias]
Loading weights:  14%|█▍        | 28/199 [00:00<00:00, 2708.62it/s, Materializing param=encoder.layer.1.attention.self.query.bias]
Loading weights:  15%|█▍        | 29/199 [00:00<00:00, 2759.29it/s, Materializing param=encoder.layer.1.attention.self.query.weight]
Loading weights:  15%|█▍        | 29/199 [00:00<00:00, 2740.57it/s, Materializing param=encoder.layer.1.attention.self.query.weight]
Loading weights:  15%|█▌        | 30/199 [00:00<00:00, 2783.71it/s, Materializing param=encoder.layer.1.attention.self.value.bias]  
Loading weights:  15%|█▌        | 30/199 [00:00<00:00, 2764.99it/s, Materializing param=encoder.layer.1.attention.self.value.bias]
Loading weights:  16%|█▌        | 31/199 [00:00<00:00, 2805.37it/s, Materializing param=encoder.layer.1.attention.self.value.weight]
Loading weights:  16%|█▌        | 31/199 [00:00<00:00, 2758.88it/s, Materializing param=encoder.layer.1.attention.self.value.weight]
Loading weights:  16%|█▌        | 32/199 [00:00<00:00, 2754.65it/s, Materializing param=encoder.layer.1.intermediate.dense.bias]    
Loading weights:  16%|█▌        | 32/199 [00:00<00:00, 2728.39it/s, Materializing param=encoder.layer.1.intermediate.dense.bias]
Loading weights:  17%|█▋        | 33/199 [00:00<00:00, 2761.89it/s, Materializing param=encoder.layer.1.intermediate.dense.weight]
Loading weights:  17%|█▋        | 33/199 [00:00<00:00, 2745.56it/s, Materializing param=encoder.layer.1.intermediate.dense.weight]
Loading weights:  17%|█▋        | 34/199 [00:00<00:00, 2785.61it/s, Materializing param=encoder.layer.1.output.LayerNorm.bias]    
Loading weights:  17%|█▋        | 34/199 [00:00<00:00, 2770.08it/s, Materializing param=encoder.layer.1.output.LayerNorm.bias]
Loading weights:  18%|█▊        | 35/199 [00:00<00:00, 2773.54it/s, Materializing param=encoder.layer.1.output.LayerNorm.weight]
Loading weights:  18%|█▊        | 35/199 [00:00<00:00, 2561.03it/s, Materializing param=encoder.layer.1.output.LayerNorm.weight]
Loading weights:  18%|█▊        | 36/199 [00:00<00:00, 2567.33it/s, Materializing param=encoder.layer.1.output.dense.bias]      
Loading weights:  18%|█▊        | 36/199 [00:00<00:00, 2545.65it/s, Materializing param=encoder.layer.1.output.dense.bias]
Loading weights:  19%|█▊        | 37/199 [00:00<00:00, 2468.53it/s, Materializing param=encoder.layer.1.output.dense.weight]
Loading weights:  19%|█▊        | 37/199 [00:00<00:00, 2418.97it/s, Materializing param=encoder.layer.1.output.dense.weight]
Loading weights:  19%|█▉        | 38/199 [00:00<00:00, 2398.62it/s, Materializing param=encoder.layer.2.attention.output.LayerNorm.bias]
Loading weights:  19%|█▉        | 38/199 [00:00<00:00, 2376.87it/s, Materializing param=encoder.layer.2.attention.output.LayerNorm.bias]
Loading weights:  20%|█▉        | 39/199 [00:00<00:00, 2345.44it/s, Materializing param=encoder.layer.2.attention.output.LayerNorm.weight]
Loading weights:  20%|█▉        | 39/199 [00:00<00:00, 2316.54it/s, Materializing param=encoder.layer.2.attention.output.LayerNorm.weight]
Loading weights:  20%|██        | 40/199 [00:00<00:00, 2314.80it/s, Materializing param=encoder.layer.2.attention.output.dense.bias]      
Loading weights:  20%|██        | 40/199 [00:00<00:00, 2302.32it/s, Materializing param=encoder.layer.2.attention.output.dense.bias]
Loading weights:  21%|██        | 41/199 [00:00<00:00, 2308.89it/s, Materializing param=encoder.layer.2.attention.output.dense.weight]
Loading weights:  21%|██        | 41/199 [00:00<00:00, 2299.29it/s, Materializing param=encoder.layer.2.attention.output.dense.weight]
Loading weights:  21%|██        | 42/199 [00:00<00:00, 2329.46it/s, Materializing param=encoder.layer.2.attention.self.key.bias]      
Loading weights:  21%|██        | 42/199 [00:00<00:00, 2320.10it/s, Materializing param=encoder.layer.2.attention.self.key.bias]
Loading weights:  22%|██▏       | 43/199 [00:00<00:00, 2335.06it/s, Materializing param=encoder.layer.2.attention.self.key.weight]
Loading weights:  22%|██▏       | 43/199 [00:00<00:00, 2325.84it/s, Materializing param=encoder.layer.2.attention.self.key.weight]
Loading weights:  22%|██▏       | 44/199 [00:00<00:00, 2354.94it/s, Materializing param=encoder.layer.2.attention.self.query.bias]
Loading weights:  22%|██▏       | 44/199 [00:00<00:00, 2345.78it/s, Materializing param=encoder.layer.2.attention.self.query.bias]
Loading weights:  23%|██▎       | 45/199 [00:00<00:00, 2376.86it/s, Materializing param=encoder.layer.2.attention.self.query.weight]
Loading weights:  23%|██▎       | 45/199 [00:00<00:00, 2367.79it/s, Materializing param=encoder.layer.2.attention.self.query.weight]
Loading weights:  23%|██▎       | 46/199 [00:00<00:00, 2396.30it/s, Materializing param=encoder.layer.2.attention.self.value.bias]  
Loading weights:  23%|██▎       | 46/199 [00:00<00:00, 2387.26it/s, Materializing param=encoder.layer.2.attention.self.value.bias]
Loading weights:  24%|██▎       | 47/199 [00:00<00:00, 2399.02it/s, Materializing param=encoder.layer.2.attention.self.value.weight]
Loading weights:  24%|██▎       | 47/199 [00:00<00:00, 2390.18it/s, Materializing param=encoder.layer.2.attention.self.value.weight]
Loading weights:  24%|██▍       | 48/199 [00:00<00:00, 2388.50it/s, Materializing param=encoder.layer.2.intermediate.dense.bias]    
Loading weights:  24%|██▍       | 48/199 [00:00<00:00, 2379.97it/s, Materializing param=encoder.layer.2.intermediate.dense.bias]
Loading weights:  25%|██▍       | 49/199 [00:00<00:00, 2383.60it/s, Materializing param=encoder.layer.2.intermediate.dense.weight]
Loading weights:  25%|██▍       | 49/199 [00:00<00:00, 2375.22it/s, Materializing param=encoder.layer.2.intermediate.dense.weight]
Loading weights:  25%|██▌       | 50/199 [00:00<00:00, 2401.96it/s, Materializing param=encoder.layer.2.output.LayerNorm.bias]    
Loading weights:  25%|██▌       | 50/199 [00:00<00:00, 2393.79it/s, Materializing param=encoder.layer.2.output.LayerNorm.bias]
Loading weights:  26%|██▌       | 51/199 [00:00<00:00, 2421.57it/s, Materializing param=encoder.layer.2.output.LayerNorm.weight]
Loading weights:  26%|██▌       | 51/199 [00:00<00:00, 2413.32it/s, Materializing param=encoder.layer.2.output.LayerNorm.weight]
Loading weights:  26%|██▌       | 52/199 [00:00<00:00, 2439.01it/s, Materializing param=encoder.layer.2.output.dense.bias]      
Loading weights:  26%|██▌       | 52/199 [00:00<00:00, 2430.94it/s, Materializing param=encoder.layer.2.output.dense.bias]
Loading weights:  27%|██▋       | 53/199 [00:00<00:00, 2456.17it/s, Materializing param=encoder.layer.2.output.dense.weight]
Loading weights:  27%|██▋       | 53/199 [00:00<00:00, 2448.11it/s, Materializing param=encoder.layer.2.output.dense.weight]
Loading weights:  27%|██▋       | 54/199 [00:00<00:00, 2456.00it/s, Materializing param=encoder.layer.3.attention.output.LayerNorm.bias]
Loading weights:  27%|██▋       | 54/199 [00:00<00:00, 2447.77it/s, Materializing param=encoder.layer.3.attention.output.LayerNorm.bias]
Loading weights:  28%|██▊       | 55/199 [00:00<00:00, 2475.45it/s, Materializing param=encoder.layer.3.attention.output.LayerNorm.weight]
Loading weights:  28%|██▊       | 55/199 [00:00<00:00, 2467.34it/s, Materializing param=encoder.layer.3.attention.output.LayerNorm.weight]
Loading weights:  28%|██▊       | 56/199 [00:00<00:00, 2482.70it/s, Materializing param=encoder.layer.3.attention.output.dense.bias]      
Loading weights:  28%|██▊       | 56/199 [00:00<00:00, 2474.75it/s, Materializing param=encoder.layer.3.attention.output.dense.bias]
Loading weights:  29%|██▊       | 57/199 [00:00<00:00, 2499.43it/s, Materializing param=encoder.layer.3.attention.output.dense.weight]
Loading weights:  29%|██▊       | 57/199 [00:00<00:00, 2491.38it/s, Materializing param=encoder.layer.3.attention.output.dense.weight]
Loading weights:  29%|██▉       | 58/199 [00:00<00:00, 2507.39it/s, Materializing param=encoder.layer.3.attention.self.key.bias]      
Loading weights:  29%|██▉       | 58/199 [00:00<00:00, 2499.59it/s, Materializing param=encoder.layer.3.attention.self.key.bias]
Loading weights:  30%|██▉       | 59/199 [00:00<00:00, 2521.93it/s, Materializing param=encoder.layer.3.attention.self.key.weight]
Loading weights:  30%|██▉       | 59/199 [00:00<00:00, 2514.19it/s, Materializing param=encoder.layer.3.attention.self.key.weight]
Loading weights:  30%|███       | 60/199 [00:00<00:00, 2536.24it/s, Materializing param=encoder.layer.3.attention.self.query.bias]
Loading weights:  30%|███       | 60/199 [00:00<00:00, 2528.57it/s, Materializing param=encoder.layer.3.attention.self.query.bias]
Loading weights:  31%|███       | 61/199 [00:00<00:00, 2533.14it/s, Materializing param=encoder.layer.3.attention.self.query.weight]
Loading weights:  31%|███       | 61/199 [00:00<00:00, 2525.54it/s, Materializing param=encoder.layer.3.attention.self.query.weight]
Loading weights:  31%|███       | 62/199 [00:00<00:00, 2550.25it/s, Materializing param=encoder.layer.3.attention.self.value.bias]  
Loading weights:  31%|███       | 62/199 [00:00<00:00, 2542.67it/s, Materializing param=encoder.layer.3.attention.self.value.bias]
Loading weights:  32%|███▏      | 63/199 [00:00<00:00, 2567.52it/s, Materializing param=encoder.layer.3.attention.self.value.weight]
Loading weights:  32%|███▏      | 63/199 [00:00<00:00, 2559.96it/s, Materializing param=encoder.layer.3.attention.self.value.weight]
Loading weights:  32%|███▏      | 64/199 [00:00<00:00, 2587.01it/s, Materializing param=encoder.layer.3.intermediate.dense.bias]    
Loading weights:  32%|███▏      | 64/199 [00:00<00:00, 2579.85it/s, Materializing param=encoder.layer.3.intermediate.dense.bias]
Loading weights:  33%|███▎      | 65/199 [00:00<00:00, 2587.18it/s, Materializing param=encoder.layer.3.intermediate.dense.weight]
Loading weights:  33%|███▎      | 65/199 [00:00<00:00, 2579.79it/s, Materializing param=encoder.layer.3.intermediate.dense.weight]
Loading weights:  33%|███▎      | 66/199 [00:00<00:00, 2579.21it/s, Materializing param=encoder.layer.3.output.LayerNorm.bias]    
Loading weights:  33%|███▎      | 66/199 [00:00<00:00, 2571.90it/s, Materializing param=encoder.layer.3.output.LayerNorm.bias]
Loading weights:  34%|███▎      | 67/199 [00:00<00:00, 2579.52it/s, Materializing param=encoder.layer.3.output.LayerNorm.weight]
Loading weights:  34%|███▎      | 67/199 [00:00<00:00, 2572.44it/s, Materializing param=encoder.layer.3.output.LayerNorm.weight]
Loading weights:  34%|███▍      | 68/199 [00:00<00:00, 2576.63it/s, Materializing param=encoder.layer.3.output.dense.bias]      
Loading weights:  34%|███▍      | 68/199 [00:00<00:00, 2569.88it/s, Materializing param=encoder.layer.3.output.dense.bias]
Loading weights:  35%|███▍      | 69/199 [00:00<00:00, 2590.14it/s, Materializing param=encoder.layer.3.output.dense.weight]
Loading weights:  35%|███▍      | 69/199 [00:00<00:00, 2583.48it/s, Materializing param=encoder.layer.3.output.dense.weight]
Loading weights:  35%|███▌      | 70/199 [00:00<00:00, 2590.22it/s, Materializing param=encoder.layer.4.attention.output.LayerNorm.bias]
Loading weights:  35%|███▌      | 70/199 [00:00<00:00, 2583.45it/s, Materializing param=encoder.layer.4.attention.output.LayerNorm.bias]
Loading weights:  36%|███▌      | 71/199 [00:00<00:00, 2583.55it/s, Materializing param=encoder.layer.4.attention.output.LayerNorm.weight]
Loading weights:  36%|███▌      | 71/199 [00:00<00:00, 2576.91it/s, Materializing param=encoder.layer.4.attention.output.LayerNorm.weight]
Loading weights:  36%|███▌      | 72/199 [00:00<00:00, 2584.98it/s, Materializing param=encoder.layer.4.attention.output.dense.bias]      
Loading weights:  36%|███▌      | 72/199 [00:00<00:00, 2578.42it/s, Materializing param=encoder.layer.4.attention.output.dense.bias]
Loading weights:  37%|███▋      | 73/199 [00:00<00:00, 2582.53it/s, Materializing param=encoder.layer.4.attention.output.dense.weight]
Loading weights:  37%|███▋      | 73/199 [00:00<00:00, 2576.12it/s, Materializing param=encoder.layer.4.attention.output.dense.weight]
Loading weights:  37%|███▋      | 74/199 [00:00<00:00, 2594.92it/s, Materializing param=encoder.layer.4.attention.self.key.bias]      
Loading weights:  37%|███▋      | 74/199 [00:00<00:00, 2588.56it/s, Materializing param=encoder.layer.4.attention.self.key.bias]
Loading weights:  38%|███▊      | 75/199 [00:00<00:00, 2596.00it/s, Materializing param=encoder.layer.4.attention.self.key.weight]
Loading weights:  38%|███▊      | 75/199 [00:00<00:00, 2589.74it/s, Materializing param=encoder.layer.4.attention.self.key.weight]
Loading weights:  38%|███▊      | 76/199 [00:00<00:00, 2612.89it/s, Materializing param=encoder.layer.4.attention.self.query.bias]
Loading weights:  38%|███▊      | 76/199 [00:00<00:00, 2606.63it/s, Materializing param=encoder.layer.4.attention.self.query.bias]
Loading weights:  39%|███▊      | 77/199 [00:00<00:00, 2625.66it/s, Materializing param=encoder.layer.4.attention.self.query.weight]
Loading weights:  39%|███▊      | 77/199 [00:00<00:00, 2619.14it/s, Materializing param=encoder.layer.4.attention.self.query.weight]
Loading weights:  39%|███▉      | 78/199 [00:00<00:00, 2636.44it/s, Materializing param=encoder.layer.4.attention.self.value.bias]  
Loading weights:  39%|███▉      | 78/199 [00:00<00:00, 2630.02it/s, Materializing param=encoder.layer.4.attention.self.value.bias]
Loading weights:  40%|███▉      | 79/199 [00:00<00:00, 2641.90it/s, Materializing param=encoder.layer.4.attention.self.value.weight]
Loading weights:  40%|███▉      | 79/199 [00:00<00:00, 2635.56it/s, Materializing param=encoder.layer.4.attention.self.value.weight]
Loading weights:  40%|████      | 80/199 [00:00<00:00, 2655.21it/s, Materializing param=encoder.layer.4.intermediate.dense.bias]    
Loading weights:  40%|████      | 80/199 [00:00<00:00, 2648.94it/s, Materializing param=encoder.layer.4.intermediate.dense.bias]
Loading weights:  41%|████      | 81/199 [00:00<00:00, 2659.36it/s, Materializing param=encoder.layer.4.intermediate.dense.weight]
Loading weights:  41%|████      | 81/199 [00:00<00:00, 2653.11it/s, Materializing param=encoder.layer.4.intermediate.dense.weight]
Loading weights:  41%|████      | 82/199 [00:00<00:00, 2672.44it/s, Materializing param=encoder.layer.4.output.LayerNorm.bias]    
Loading weights:  41%|████      | 82/199 [00:00<00:00, 2666.29it/s, Materializing param=encoder.layer.4.output.LayerNorm.bias]
Loading weights:  42%|████▏     | 83/199 [00:00<00:00, 2667.23it/s, Materializing param=encoder.layer.4.output.LayerNorm.weight]
Loading weights:  42%|████▏     | 83/199 [00:00<00:00, 2661.12it/s, Materializing param=encoder.layer.4.output.LayerNorm.weight]
Loading weights:  42%|████▏     | 84/199 [00:00<00:00, 2666.68it/s, Materializing param=encoder.layer.4.output.dense.bias]      
Loading weights:  42%|████▏     | 84/199 [00:00<00:00, 2660.76it/s, Materializing param=encoder.layer.4.output.dense.bias]
Loading weights:  43%|████▎     | 85/199 [00:00<00:00, 2663.37it/s, Materializing param=encoder.layer.4.output.dense.weight]
Loading weights:  43%|████▎     | 85/199 [00:00<00:00, 2657.45it/s, Materializing param=encoder.layer.4.output.dense.weight]
Loading weights:  43%|████▎     | 86/199 [00:00<00:00, 2673.12it/s, Materializing param=encoder.layer.5.attention.output.LayerNorm.bias]
Loading weights:  43%|████▎     | 86/199 [00:00<00:00, 2667.11it/s, Materializing param=encoder.layer.5.attention.output.LayerNorm.bias]
Loading weights:  44%|████▎     | 87/199 [00:00<00:00, 2670.89it/s, Materializing param=encoder.layer.5.attention.output.LayerNorm.weight]
Loading weights:  44%|████▎     | 87/199 [00:00<00:00, 2664.98it/s, Materializing param=encoder.layer.5.attention.output.LayerNorm.weight]
Loading weights:  44%|████▍     | 88/199 [00:00<00:00, 2684.39it/s, Materializing param=encoder.layer.5.attention.output.dense.bias]      
Loading weights:  44%|████▍     | 88/199 [00:00<00:00, 2678.69it/s, Materializing param=encoder.layer.5.attention.output.dense.bias]
Loading weights:  45%|████▍     | 89/199 [00:00<00:00, 2698.35it/s, Materializing param=encoder.layer.5.attention.output.dense.weight]
Loading weights:  45%|████▍     | 89/199 [00:00<00:00, 2692.67it/s, Materializing param=encoder.layer.5.attention.output.dense.weight]
Loading weights:  45%|████▌     | 90/199 [00:00<00:00, 2712.26it/s, Materializing param=encoder.layer.5.attention.self.key.bias]      
Loading weights:  45%|████▌     | 90/199 [00:00<00:00, 2706.64it/s, Materializing param=encoder.layer.5.attention.self.key.bias]
Loading weights:  46%|████▌     | 91/199 [00:00<00:00, 2726.06it/s, Materializing param=encoder.layer.5.attention.self.key.weight]
Loading weights:  46%|████▌     | 91/199 [00:00<00:00, 2720.45it/s, Materializing param=encoder.layer.5.attention.self.key.weight]
Loading weights:  46%|████▌     | 92/199 [00:00<00:00, 2739.80it/s, Materializing param=encoder.layer.5.attention.self.query.bias]
Loading weights:  46%|████▌     | 92/199 [00:00<00:00, 2734.19it/s, Materializing param=encoder.layer.5.attention.self.query.bias]
Loading weights:  47%|████▋     | 93/199 [00:00<00:00, 2748.50it/s, Materializing param=encoder.layer.5.attention.self.query.weight]
Loading weights:  47%|████▋     | 93/199 [00:00<00:00, 2742.63it/s, Materializing param=encoder.layer.5.attention.self.query.weight]
Loading weights:  47%|████▋     | 94/199 [00:00<00:00, 2761.65it/s, Materializing param=encoder.layer.5.attention.self.value.bias]  
Loading weights:  47%|████▋     | 94/199 [00:00<00:00, 2756.03it/s, Materializing param=encoder.layer.5.attention.self.value.bias]
Loading weights:  48%|████▊     | 95/199 [00:00<00:00, 2775.17it/s, Materializing param=encoder.layer.5.attention.self.value.weight]
Loading weights:  48%|████▊     | 95/199 [00:00<00:00, 2769.52it/s, Materializing param=encoder.layer.5.attention.self.value.weight]
Loading weights:  48%|████▊     | 96/199 [00:00<00:00, 2788.51it/s, Materializing param=encoder.layer.5.intermediate.dense.bias]    
Loading weights:  48%|████▊     | 96/199 [00:00<00:00, 2782.98it/s, Materializing param=encoder.layer.5.intermediate.dense.bias]
Loading weights:  49%|████▊     | 97/199 [00:00<00:00, 2801.90it/s, Materializing param=encoder.layer.5.intermediate.dense.weight]
Loading weights:  49%|████▊     | 97/199 [00:00<00:00, 2796.34it/s, Materializing param=encoder.layer.5.intermediate.dense.weight]
Loading weights:  49%|████▉     | 98/199 [00:00<00:00, 2815.18it/s, Materializing param=encoder.layer.5.output.LayerNorm.bias]    
Loading weights:  49%|████▉     | 98/199 [00:00<00:00, 2809.62it/s, Materializing param=encoder.layer.5.output.LayerNorm.bias]
Loading weights:  50%|████▉     | 99/199 [00:00<00:00, 2828.08it/s, Materializing param=encoder.layer.5.output.LayerNorm.weight]
Loading weights:  50%|████▉     | 99/199 [00:00<00:00, 2822.51it/s, Materializing param=encoder.layer.5.output.LayerNorm.weight]
Loading weights:  50%|█████     | 100/199 [00:00<00:00, 2841.03it/s, Materializing param=encoder.layer.5.output.dense.bias]     
Loading weights:  50%|█████     | 100/199 [00:00<00:00, 2835.60it/s, Materializing param=encoder.layer.5.output.dense.bias]
Loading weights:  51%|█████     | 101/199 [00:00<00:00, 2854.11it/s, Materializing param=encoder.layer.5.output.dense.weight]
Loading weights:  51%|█████     | 101/199 [00:00<00:00, 2848.64it/s, Materializing param=encoder.layer.5.output.dense.weight]
Loading weights:  51%|█████▏    | 102/199 [00:00<00:00, 2866.98it/s, Materializing param=encoder.layer.6.attention.output.LayerNorm.bias]
Loading weights:  51%|█████▏    | 102/199 [00:00<00:00, 2861.36it/s, Materializing param=encoder.layer.6.attention.output.LayerNorm.bias]
Loading weights:  52%|█████▏    | 103/199 [00:00<00:00, 2878.96it/s, Materializing param=encoder.layer.6.attention.output.LayerNorm.weight]
Loading weights:  52%|█████▏    | 103/199 [00:00<00:00, 2873.23it/s, Materializing param=encoder.layer.6.attention.output.LayerNorm.weight]
Loading weights:  52%|█████▏    | 104/199 [00:00<00:00, 2890.78it/s, Materializing param=encoder.layer.6.attention.output.dense.bias]      
Loading weights:  52%|█████▏    | 104/199 [00:00<00:00, 2885.22it/s, Materializing param=encoder.layer.6.attention.output.dense.bias]
Loading weights:  53%|█████▎    | 105/199 [00:00<00:00, 2902.77it/s, Materializing param=encoder.layer.6.attention.output.dense.weight]
Loading weights:  53%|█████▎    | 105/199 [00:00<00:00, 2897.23it/s, Materializing param=encoder.layer.6.attention.output.dense.weight]
Loading weights:  53%|█████▎    | 106/199 [00:00<00:00, 2914.77it/s, Materializing param=encoder.layer.6.attention.self.key.bias]      
Loading weights:  53%|█████▎    | 106/199 [00:00<00:00, 2909.26it/s, Materializing param=encoder.layer.6.attention.self.key.bias]
Loading weights:  54%|█████▍    | 107/199 [00:00<00:00, 2926.73it/s, Materializing param=encoder.layer.6.attention.self.key.weight]
Loading weights:  54%|█████▍    | 107/199 [00:00<00:00, 2921.19it/s, Materializing param=encoder.layer.6.attention.self.key.weight]
Loading weights:  54%|█████▍    | 108/199 [00:00<00:00, 2938.31it/s, Materializing param=encoder.layer.6.attention.self.query.bias]
Loading weights:  54%|█████▍    | 108/199 [00:00<00:00, 2932.79it/s, Materializing param=encoder.layer.6.attention.self.query.bias]
Loading weights:  55%|█████▍    | 109/199 [00:00<00:00, 2949.90it/s, Materializing param=encoder.layer.6.attention.self.query.weight]
Loading weights:  55%|█████▍    | 109/199 [00:00<00:00, 2944.38it/s, Materializing param=encoder.layer.6.attention.self.query.weight]
Loading weights:  55%|█████▌    | 110/199 [00:00<00:00, 2961.39it/s, Materializing param=encoder.layer.6.attention.self.value.bias]  
Loading weights:  55%|█████▌    | 110/199 [00:00<00:00, 2955.87it/s, Materializing param=encoder.layer.6.attention.self.value.bias]
Loading weights:  56%|█████▌    | 111/199 [00:00<00:00, 2972.75it/s, Materializing param=encoder.layer.6.attention.self.value.weight]
Loading weights:  56%|█████▌    | 111/199 [00:00<00:00, 2967.33it/s, Materializing param=encoder.layer.6.attention.self.value.weight]
Loading weights:  56%|█████▋    | 112/199 [00:00<00:00, 2984.15it/s, Materializing param=encoder.layer.6.intermediate.dense.bias]    
Loading weights:  56%|█████▋    | 112/199 [00:00<00:00, 2978.70it/s, Materializing param=encoder.layer.6.intermediate.dense.bias]
Loading weights:  57%|█████▋    | 113/199 [00:00<00:00, 2995.40it/s, Materializing param=encoder.layer.6.intermediate.dense.weight]
Loading weights:  57%|█████▋    | 113/199 [00:00<00:00, 2989.94it/s, Materializing param=encoder.layer.6.intermediate.dense.weight]
Loading weights:  57%|█████▋    | 114/199 [00:00<00:00, 3006.63it/s, Materializing param=encoder.layer.6.output.LayerNorm.bias]    
Loading weights:  57%|█████▋    | 114/199 [00:00<00:00, 3001.16it/s, Materializing param=encoder.layer.6.output.LayerNorm.bias]
Loading weights:  58%|█████▊    | 115/199 [00:00<00:00, 3017.58it/s, Materializing param=encoder.layer.6.output.LayerNorm.weight]
Loading weights:  58%|█████▊    | 115/199 [00:00<00:00, 3012.15it/s, Materializing param=encoder.layer.6.output.LayerNorm.weight]
Loading weights:  58%|█████▊    | 116/199 [00:00<00:00, 3028.55it/s, Materializing param=encoder.layer.6.output.dense.bias]      
Loading weights:  58%|█████▊    | 116/199 [00:00<00:00, 3023.18it/s, Materializing param=encoder.layer.6.output.dense.bias]
Loading weights:  59%|█████▉    | 117/199 [00:00<00:00, 3039.56it/s, Materializing param=encoder.layer.6.output.dense.weight]
Loading weights:  59%|█████▉    | 117/199 [00:00<00:00, 3034.18it/s, Materializing param=encoder.layer.6.output.dense.weight]
Loading weights:  59%|█████▉    | 118/199 [00:00<00:00, 3050.38it/s, Materializing param=encoder.layer.7.attention.output.LayerNorm.bias]
Loading weights:  59%|█████▉    | 118/199 [00:00<00:00, 3044.94it/s, Materializing param=encoder.layer.7.attention.output.LayerNorm.bias]
Loading weights:  60%|█████▉    | 119/199 [00:00<00:00, 3060.90it/s, Materializing param=encoder.layer.7.attention.output.LayerNorm.weight]
Loading weights:  60%|█████▉    | 119/199 [00:00<00:00, 3055.59it/s, Materializing param=encoder.layer.7.attention.output.LayerNorm.weight]
Loading weights:  60%|██████    | 120/199 [00:00<00:00, 3071.66it/s, Materializing param=encoder.layer.7.attention.output.dense.bias]      
Loading weights:  60%|██████    | 120/199 [00:00<00:00, 3066.37it/s, Materializing param=encoder.layer.7.attention.output.dense.bias]
Loading weights:  61%|██████    | 121/199 [00:00<00:00, 3082.36it/s, Materializing param=encoder.layer.7.attention.output.dense.weight]
Loading weights:  61%|██████    | 121/199 [00:00<00:00, 3077.09it/s, Materializing param=encoder.layer.7.attention.output.dense.weight]
Loading weights:  61%|██████▏   | 122/199 [00:00<00:00, 3092.99it/s, Materializing param=encoder.layer.7.attention.self.key.bias]      
Loading weights:  61%|██████▏   | 122/199 [00:00<00:00, 3087.77it/s, Materializing param=encoder.layer.7.attention.self.key.bias]
Loading weights:  62%|██████▏   | 123/199 [00:00<00:00, 3103.58it/s, Materializing param=encoder.layer.7.attention.self.key.weight]
Loading weights:  62%|██████▏   | 123/199 [00:00<00:00, 3098.40it/s, Materializing param=encoder.layer.7.attention.self.key.weight]
Loading weights:  62%|██████▏   | 124/199 [00:00<00:00, 3114.20it/s, Materializing param=encoder.layer.7.attention.self.query.bias]
Loading weights:  62%|██████▏   | 124/199 [00:00<00:00, 3109.47it/s, Materializing param=encoder.layer.7.attention.self.query.bias]
Loading weights:  63%|██████▎   | 125/199 [00:00<00:00, 3126.07it/s, Materializing param=encoder.layer.7.attention.self.query.weight]
Loading weights:  63%|██████▎   | 125/199 [00:00<00:00, 3121.49it/s, Materializing param=encoder.layer.7.attention.self.query.weight]
Loading weights:  63%|██████▎   | 126/199 [00:00<00:00, 3138.09it/s, Materializing param=encoder.layer.7.attention.self.value.bias]  
Loading weights:  63%|██████▎   | 126/199 [00:00<00:00, 3133.47it/s, Materializing param=encoder.layer.7.attention.self.value.bias]
Loading weights:  64%|██████▍   | 127/199 [00:00<00:00, 3149.92it/s, Materializing param=encoder.layer.7.attention.self.value.weight]
Loading weights:  64%|██████▍   | 127/199 [00:00<00:00, 3145.33it/s, Materializing param=encoder.layer.7.attention.self.value.weight]
Loading weights:  64%|██████▍   | 128/199 [00:00<00:00, 3161.71it/s, Materializing param=encoder.layer.7.intermediate.dense.bias]    
Loading weights:  64%|██████▍   | 128/199 [00:00<00:00, 3157.14it/s, Materializing param=encoder.layer.7.intermediate.dense.bias]
Loading weights:  65%|██████▍   | 129/199 [00:00<00:00, 3173.55it/s, Materializing param=encoder.layer.7.intermediate.dense.weight]
Loading weights:  65%|██████▍   | 129/199 [00:00<00:00, 3169.04it/s, Materializing param=encoder.layer.7.intermediate.dense.weight]
Loading weights:  65%|██████▌   | 130/199 [00:00<00:00, 3185.45it/s, Materializing param=encoder.layer.7.output.LayerNorm.bias]    
Loading weights:  65%|██████▌   | 130/199 [00:00<00:00, 3180.84it/s, Materializing param=encoder.layer.7.output.LayerNorm.bias]
Loading weights:  66%|██████▌   | 131/199 [00:00<00:00, 3196.84it/s, Materializing param=encoder.layer.7.output.LayerNorm.weight]
Loading weights:  66%|██████▌   | 131/199 [00:00<00:00, 3192.23it/s, Materializing param=encoder.layer.7.output.LayerNorm.weight]
Loading weights:  66%|██████▋   | 132/199 [00:00<00:00, 3208.29it/s, Materializing param=encoder.layer.7.output.dense.bias]      
Loading weights:  66%|██████▋   | 132/199 [00:00<00:00, 3203.78it/s, Materializing param=encoder.layer.7.output.dense.bias]
Loading weights:  67%|██████▋   | 133/199 [00:00<00:00, 3219.74it/s, Materializing param=encoder.layer.7.output.dense.weight]
Loading weights:  67%|██████▋   | 133/199 [00:00<00:00, 3215.21it/s, Materializing param=encoder.layer.7.output.dense.weight]
Loading weights:  67%|██████▋   | 134/199 [00:00<00:00, 3231.17it/s, Materializing param=encoder.layer.8.attention.output.LayerNorm.bias]
Loading weights:  67%|██████▋   | 134/199 [00:00<00:00, 3226.54it/s, Materializing param=encoder.layer.8.attention.output.LayerNorm.bias]
Loading weights:  68%|██████▊   | 135/199 [00:00<00:00, 3241.96it/s, Materializing param=encoder.layer.8.attention.output.LayerNorm.weight]
Loading weights:  68%|██████▊   | 135/199 [00:00<00:00, 3237.27it/s, Materializing param=encoder.layer.8.attention.output.LayerNorm.weight]
Loading weights:  68%|██████▊   | 136/199 [00:00<00:00, 3252.68it/s, Materializing param=encoder.layer.8.attention.output.dense.bias]      
Loading weights:  68%|██████▊   | 136/199 [00:00<00:00, 3248.07it/s, Materializing param=encoder.layer.8.attention.output.dense.bias]
Loading weights:  69%|██████▉   | 137/199 [00:00<00:00, 3263.53it/s, Materializing param=encoder.layer.8.attention.output.dense.weight]
Loading weights:  69%|██████▉   | 137/199 [00:00<00:00, 3258.90it/s, Materializing param=encoder.layer.8.attention.output.dense.weight]
Loading weights:  69%|██████▉   | 138/199 [00:00<00:00, 3274.24it/s, Materializing param=encoder.layer.8.attention.self.key.bias]      
Loading weights:  69%|██████▉   | 138/199 [00:00<00:00, 3269.66it/s, Materializing param=encoder.layer.8.attention.self.key.bias]
Loading weights:  70%|██████▉   | 139/199 [00:00<00:00, 3284.96it/s, Materializing param=encoder.layer.8.attention.self.key.weight]
Loading weights:  70%|██████▉   | 139/199 [00:00<00:00, 3280.40it/s, Materializing param=encoder.layer.8.attention.self.key.weight]
Loading weights:  70%|███████   | 140/199 [00:00<00:00, 3295.69it/s, Materializing param=encoder.layer.8.attention.self.query.bias]
Loading weights:  70%|███████   | 140/199 [00:00<00:00, 3291.11it/s, Materializing param=encoder.layer.8.attention.self.query.bias]
Loading weights:  71%|███████   | 141/199 [00:00<00:00, 3306.35it/s, Materializing param=encoder.layer.8.attention.self.query.weight]
Loading weights:  71%|███████   | 141/199 [00:00<00:00, 3301.79it/s, Materializing param=encoder.layer.8.attention.self.query.weight]
Loading weights:  71%|███████▏  | 142/199 [00:00<00:00, 3314.23it/s, Materializing param=encoder.layer.8.attention.self.value.bias]  
Loading weights:  71%|███████▏  | 142/199 [00:00<00:00, 3309.70it/s, Materializing param=encoder.layer.8.attention.self.value.bias]
Loading weights:  72%|███████▏  | 143/199 [00:00<00:00, 3324.73it/s, Materializing param=encoder.layer.8.attention.self.value.weight]
Loading weights:  72%|███████▏  | 143/199 [00:00<00:00, 3320.21it/s, Materializing param=encoder.layer.8.attention.self.value.weight]
Loading weights:  72%|███████▏  | 144/199 [00:00<00:00, 3335.08it/s, Materializing param=encoder.layer.8.intermediate.dense.bias]    
Loading weights:  72%|███████▏  | 144/199 [00:00<00:00, 3330.54it/s, Materializing param=encoder.layer.8.intermediate.dense.bias]
Loading weights:  73%|███████▎  | 145/199 [00:00<00:00, 3345.38it/s, Materializing param=encoder.layer.8.intermediate.dense.weight]
Loading weights:  73%|███████▎  | 145/199 [00:00<00:00, 3340.84it/s, Materializing param=encoder.layer.8.intermediate.dense.weight]
Loading weights:  73%|███████▎  | 146/199 [00:00<00:00, 3355.72it/s, Materializing param=encoder.layer.8.output.LayerNorm.bias]    
Loading weights:  73%|███████▎  | 146/199 [00:00<00:00, 3351.20it/s, Materializing param=encoder.layer.8.output.LayerNorm.bias]
Loading weights:  74%|███████▍  | 147/199 [00:00<00:00, 3365.98it/s, Materializing param=encoder.layer.8.output.LayerNorm.weight]
Loading weights:  74%|███████▍  | 147/199 [00:00<00:00, 3361.48it/s, Materializing param=encoder.layer.8.output.LayerNorm.weight]
Loading weights:  74%|███████▍  | 148/199 [00:00<00:00, 3375.61it/s, Materializing param=encoder.layer.8.output.dense.bias]      
Loading weights:  74%|███████▍  | 148/199 [00:00<00:00, 3371.21it/s, Materializing param=encoder.layer.8.output.dense.bias]
Loading weights:  75%|███████▍  | 149/199 [00:00<00:00, 3385.88it/s, Materializing param=encoder.layer.8.output.dense.weight]
Loading weights:  75%|███████▍  | 149/199 [00:00<00:00, 3381.39it/s, Materializing param=encoder.layer.8.output.dense.weight]
Loading weights:  75%|███████▌  | 150/199 [00:00<00:00, 3396.00it/s, Materializing param=encoder.layer.9.attention.output.LayerNorm.bias]
Loading weights:  75%|███████▌  | 150/199 [00:00<00:00, 3391.44it/s, Materializing param=encoder.layer.9.attention.output.LayerNorm.bias]
Loading weights:  76%|███████▌  | 151/199 [00:00<00:00, 3405.57it/s, Materializing param=encoder.layer.9.attention.output.LayerNorm.weight]
Loading weights:  76%|███████▌  | 151/199 [00:00<00:00, 3400.99it/s, Materializing param=encoder.layer.9.attention.output.LayerNorm.weight]
Loading weights:  76%|███████▋  | 152/199 [00:00<00:00, 3415.21it/s, Materializing param=encoder.layer.9.attention.output.dense.bias]      
Loading weights:  76%|███████▋  | 152/199 [00:00<00:00, 3410.64it/s, Materializing param=encoder.layer.9.attention.output.dense.bias]
Loading weights:  77%|███████▋  | 153/199 [00:00<00:00, 3424.74it/s, Materializing param=encoder.layer.9.attention.output.dense.weight]
Loading weights:  77%|███████▋  | 153/199 [00:00<00:00, 3420.18it/s, Materializing param=encoder.layer.9.attention.output.dense.weight]
Loading weights:  77%|███████▋  | 154/199 [00:00<00:00, 3396.52it/s, Materializing param=encoder.layer.9.attention.self.key.bias]      
Loading weights:  77%|███████▋  | 154/199 [00:00<00:00, 3384.68it/s, Materializing param=encoder.layer.9.attention.self.key.bias]
Loading weights:  78%|███████▊  | 155/199 [00:00<00:00, 3390.78it/s, Materializing param=encoder.layer.9.attention.self.key.weight]
Loading weights:  78%|███████▊  | 155/199 [00:00<00:00, 3381.50it/s, Materializing param=encoder.layer.9.attention.self.key.weight]
Loading weights:  78%|███████▊  | 156/199 [00:00<00:00, 3392.50it/s, Materializing param=encoder.layer.9.attention.self.query.bias]
Loading weights:  78%|███████▊  | 156/199 [00:00<00:00, 3384.50it/s, Materializing param=encoder.layer.9.attention.self.query.bias]
Loading weights:  79%|███████▉  | 157/199 [00:00<00:00, 3391.06it/s, Materializing param=encoder.layer.9.attention.self.query.weight]
Loading weights:  79%|███████▉  | 157/199 [00:00<00:00, 3381.37it/s, Materializing param=encoder.layer.9.attention.self.query.weight]
Loading weights:  79%|███████▉  | 158/199 [00:00<00:00, 3389.79it/s, Materializing param=encoder.layer.9.attention.self.value.bias]  
Loading weights:  79%|███████▉  | 158/199 [00:00<00:00, 3385.37it/s, Materializing param=encoder.layer.9.attention.self.value.bias]
Loading weights:  80%|███████▉  | 159/199 [00:00<00:00, 3399.33it/s, Materializing param=encoder.layer.9.attention.self.value.weight]
Loading weights:  80%|███████▉  | 159/199 [00:00<00:00, 3394.92it/s, Materializing param=encoder.layer.9.attention.self.value.weight]
Loading weights:  80%|████████  | 160/199 [00:00<00:00, 3407.99it/s, Materializing param=encoder.layer.9.intermediate.dense.bias]    
Loading weights:  80%|████████  | 160/199 [00:00<00:00, 3403.33it/s, Materializing param=encoder.layer.9.intermediate.dense.bias]
Loading weights:  81%|████████  | 161/199 [00:00<00:00, 3416.85it/s, Materializing param=encoder.layer.9.intermediate.dense.weight]
Loading weights:  81%|████████  | 161/199 [00:00<00:00, 3412.21it/s, Materializing param=encoder.layer.9.intermediate.dense.weight]
Loading weights:  81%|████████▏ | 162/199 [00:00<00:00, 3425.32it/s, Materializing param=encoder.layer.9.output.LayerNorm.bias]    
Loading weights:  81%|████████▏ | 162/199 [00:00<00:00, 3420.65it/s, Materializing param=encoder.layer.9.output.LayerNorm.bias]
Loading weights:  82%|████████▏ | 163/199 [00:00<00:00, 3433.62it/s, Materializing param=encoder.layer.9.output.LayerNorm.weight]
Loading weights:  82%|████████▏ | 163/199 [00:00<00:00, 3428.97it/s, Materializing param=encoder.layer.9.output.LayerNorm.weight]
Loading weights:  82%|████████▏ | 164/199 [00:00<00:00, 3441.96it/s, Materializing param=encoder.layer.9.output.dense.bias]      
Loading weights:  82%|████████▏ | 164/199 [00:00<00:00, 3437.35it/s, Materializing param=encoder.layer.9.output.dense.bias]
Loading weights:  83%|████████▎ | 165/199 [00:00<00:00, 3450.36it/s, Materializing param=encoder.layer.9.output.dense.weight]
Loading weights:  83%|████████▎ | 165/199 [00:00<00:00, 3445.74it/s, Materializing param=encoder.layer.9.output.dense.weight]
Loading weights:  83%|████████▎ | 166/199 [00:00<00:00, 3458.79it/s, Materializing param=encoder.layer.10.attention.output.LayerNorm.bias]
Loading weights:  83%|████████▎ | 166/199 [00:00<00:00, 3454.09it/s, Materializing param=encoder.layer.10.attention.output.LayerNorm.bias]
Loading weights:  84%|████████▍ | 167/199 [00:00<00:00, 3466.50it/s, Materializing param=encoder.layer.10.attention.output.LayerNorm.weight]
Loading weights:  84%|████████▍ | 167/199 [00:00<00:00, 3461.59it/s, Materializing param=encoder.layer.10.attention.output.LayerNorm.weight]
Loading weights:  84%|████████▍ | 168/199 [00:00<00:00, 3473.95it/s, Materializing param=encoder.layer.10.attention.output.dense.bias]      
Loading weights:  84%|████████▍ | 168/199 [00:00<00:00, 3469.17it/s, Materializing param=encoder.layer.10.attention.output.dense.bias]
Loading weights:  85%|████████▍ | 169/199 [00:00<00:00, 3481.61it/s, Materializing param=encoder.layer.10.attention.output.dense.weight]
Loading weights:  85%|████████▍ | 169/199 [00:00<00:00, 3476.89it/s, Materializing param=encoder.layer.10.attention.output.dense.weight]
Loading weights:  85%|████████▌ | 170/199 [00:00<00:00, 3489.27it/s, Materializing param=encoder.layer.10.attention.self.key.bias]      
Loading weights:  85%|████████▌ | 170/199 [00:00<00:00, 3484.54it/s, Materializing param=encoder.layer.10.attention.self.key.bias]
Loading weights:  86%|████████▌ | 171/199 [00:00<00:00, 3496.75it/s, Materializing param=encoder.layer.10.attention.self.key.weight]
Loading weights:  86%|████████▌ | 171/199 [00:00<00:00, 3492.04it/s, Materializing param=encoder.layer.10.attention.self.key.weight]
Loading weights:  86%|████████▋ | 172/199 [00:00<00:00, 3504.35it/s, Materializing param=encoder.layer.10.attention.self.query.bias]
Loading weights:  86%|████████▋ | 172/199 [00:00<00:00, 3499.71it/s, Materializing param=encoder.layer.10.attention.self.query.bias]
Loading weights:  87%|████████▋ | 173/199 [00:00<00:00, 3511.85it/s, Materializing param=encoder.layer.10.attention.self.query.weight]
Loading weights:  87%|████████▋ | 173/199 [00:00<00:00, 3507.20it/s, Materializing param=encoder.layer.10.attention.self.query.weight]
Loading weights:  87%|████████▋ | 174/199 [00:00<00:00, 3519.32it/s, Materializing param=encoder.layer.10.attention.self.value.bias]  
Loading weights:  87%|████████▋ | 174/199 [00:00<00:00, 3514.68it/s, Materializing param=encoder.layer.10.attention.self.value.bias]
Loading weights:  88%|████████▊ | 175/199 [00:00<00:00, 3526.81it/s, Materializing param=encoder.layer.10.attention.self.value.weight]
Loading weights:  88%|████████▊ | 175/199 [00:00<00:00, 3522.19it/s, Materializing param=encoder.layer.10.attention.self.value.weight]
Loading weights:  88%|████████▊ | 176/199 [00:00<00:00, 3534.29it/s, Materializing param=encoder.layer.10.intermediate.dense.bias]    
Loading weights:  88%|████████▊ | 176/199 [00:00<00:00, 3529.68it/s, Materializing param=encoder.layer.10.intermediate.dense.bias]
Loading weights:  89%|████████▉ | 177/199 [00:00<00:00, 3541.76it/s, Materializing param=encoder.layer.10.intermediate.dense.weight]
Loading weights:  89%|████████▉ | 177/199 [00:00<00:00, 3537.17it/s, Materializing param=encoder.layer.10.intermediate.dense.weight]
Loading weights:  89%|████████▉ | 178/199 [00:00<00:00, 3549.39it/s, Materializing param=encoder.layer.10.output.LayerNorm.bias]    
Loading weights:  89%|████████▉ | 178/199 [00:00<00:00, 3544.81it/s, Materializing param=encoder.layer.10.output.LayerNorm.bias]
Loading weights:  90%|████████▉ | 179/199 [00:00<00:00, 3556.77it/s, Materializing param=encoder.layer.10.output.LayerNorm.weight]
Loading weights:  90%|████████▉ | 179/199 [00:00<00:00, 3552.21it/s, Materializing param=encoder.layer.10.output.LayerNorm.weight]
Loading weights:  90%|█████████ | 180/199 [00:00<00:00, 3564.23it/s, Materializing param=encoder.layer.10.output.dense.bias]      
Loading weights:  90%|█████████ | 180/199 [00:00<00:00, 3559.72it/s, Materializing param=encoder.layer.10.output.dense.bias]
Loading weights:  91%|█████████ | 181/199 [00:00<00:00, 3571.57it/s, Materializing param=encoder.layer.10.output.dense.weight]
Loading weights:  91%|█████████ | 181/199 [00:00<00:00, 3567.09it/s, Materializing param=encoder.layer.10.output.dense.weight]
Loading weights:  91%|█████████▏| 182/199 [00:00<00:00, 3579.11it/s, Materializing param=encoder.layer.11.attention.output.LayerNorm.bias]
Loading weights:  91%|█████████▏| 182/199 [00:00<00:00, 3574.40it/s, Materializing param=encoder.layer.11.attention.output.LayerNorm.bias]
Loading weights:  92%|█████████▏| 183/199 [00:00<00:00, 3585.65it/s, Materializing param=encoder.layer.11.attention.output.LayerNorm.weight]
Loading weights:  92%|█████████▏| 183/199 [00:00<00:00, 3580.98it/s, Materializing param=encoder.layer.11.attention.output.LayerNorm.weight]
Loading weights:  92%|█████████▏| 184/199 [00:00<00:00, 3592.43it/s, Materializing param=encoder.layer.11.attention.output.dense.bias]      
Loading weights:  92%|█████████▏| 184/199 [00:00<00:00, 3587.81it/s, Materializing param=encoder.layer.11.attention.output.dense.bias]
Loading weights:  93%|█████████▎| 185/199 [00:00<00:00, 3599.24it/s, Materializing param=encoder.layer.11.attention.output.dense.weight]
Loading weights:  93%|█████████▎| 185/199 [00:00<00:00, 3594.67it/s, Materializing param=encoder.layer.11.attention.output.dense.weight]
Loading weights:  93%|█████████▎| 186/199 [00:00<00:00, 3606.14it/s, Materializing param=encoder.layer.11.attention.self.key.bias]      
Loading weights:  93%|█████████▎| 186/199 [00:00<00:00, 3601.62it/s, Materializing param=encoder.layer.11.attention.self.key.bias]
Loading weights:  94%|█████████▍| 187/199 [00:00<00:00, 3613.13it/s, Materializing param=encoder.layer.11.attention.self.key.weight]
Loading weights:  94%|█████████▍| 187/199 [00:00<00:00, 3608.59it/s, Materializing param=encoder.layer.11.attention.self.key.weight]
Loading weights:  94%|█████████▍| 188/199 [00:00<00:00, 3620.16it/s, Materializing param=encoder.layer.11.attention.self.query.bias]
Loading weights:  94%|█████████▍| 188/199 [00:00<00:00, 3615.68it/s, Materializing param=encoder.layer.11.attention.self.query.bias]
Loading weights:  95%|█████████▍| 189/199 [00:00<00:00, 3627.11it/s, Materializing param=encoder.layer.11.attention.self.query.weight]
Loading weights:  95%|█████████▍| 189/199 [00:00<00:00, 3622.57it/s, Materializing param=encoder.layer.11.attention.self.query.weight]
Loading weights:  95%|█████████▌| 190/199 [00:00<00:00, 3633.92it/s, Materializing param=encoder.layer.11.attention.self.value.bias]  
Loading weights:  95%|█████████▌| 190/199 [00:00<00:00, 3629.38it/s, Materializing param=encoder.layer.11.attention.self.value.bias]
Loading weights:  96%|█████████▌| 191/199 [00:00<00:00, 3640.67it/s, Materializing param=encoder.layer.11.attention.self.value.weight]
Loading weights:  96%|█████████▌| 191/199 [00:00<00:00, 3636.21it/s, Materializing param=encoder.layer.11.attention.self.value.weight]
Loading weights:  96%|█████████▋| 192/199 [00:00<00:00, 3647.44it/s, Materializing param=encoder.layer.11.intermediate.dense.bias]    
Loading weights:  96%|█████████▋| 192/199 [00:00<00:00, 3643.01it/s, Materializing param=encoder.layer.11.intermediate.dense.bias]
Loading weights:  97%|█████████▋| 193/199 [00:00<00:00, 3654.28it/s, Materializing param=encoder.layer.11.intermediate.dense.weight]
Loading weights:  97%|█████████▋| 193/199 [00:00<00:00, 3649.84it/s, Materializing param=encoder.layer.11.intermediate.dense.weight]
Loading weights:  97%|█████████▋| 194/199 [00:00<00:00, 3661.10it/s, Materializing param=encoder.layer.11.output.LayerNorm.bias]    
Loading weights:  97%|█████████▋| 194/199 [00:00<00:00, 3656.58it/s, Materializing param=encoder.layer.11.output.LayerNorm.bias]
Loading weights:  98%|█████████▊| 195/199 [00:00<00:00, 3667.48it/s, Materializing param=encoder.layer.11.output.LayerNorm.weight]
Loading weights:  98%|█████████▊| 195/199 [00:00<00:00, 3662.98it/s, Materializing param=encoder.layer.11.output.LayerNorm.weight]
Loading weights:  98%|█████████▊| 196/199 [00:00<00:00, 3674.07it/s, Materializing param=encoder.layer.11.output.dense.bias]      
Loading weights:  98%|█████████▊| 196/199 [00:00<00:00, 3669.70it/s, Materializing param=encoder.layer.11.output.dense.bias]
Loading weights:  99%|█████████▉| 197/199 [00:00<00:00, 3681.05it/s, Materializing param=encoder.layer.11.output.dense.weight]
Loading weights:  99%|█████████▉| 197/199 [00:00<00:00, 3677.07it/s, Materializing param=encoder.layer.11.output.dense.weight]
Loading weights:  99%|█████████▉| 198/199 [00:00<00:00, 3688.81it/s, Materializing param=pooler.dense.bias]                   
Loading weights:  99%|█████████▉| 198/199 [00:00<00:00, 3684.80it/s, Materializing param=pooler.dense.bias]
Loading weights: 100%|██████████| 199/199 [00:00<00:00, 3696.06it/s, Materializing param=pooler.dense.weight]
Loading weights: 100%|██████████| 199/199 [00:00<00:00, 3691.79it/s, Materializing param=pooler.dense.weight]
Loading weights: 100%|██████████| 199/199 [00:00<00:00, 3683.08it/s, Materializing param=pooler.dense.weight]
[1mBertModel LOAD REPORT[0m from: bert-base-multilingual-cased
Key                                        | Status     |  | 
-------------------------------------------+------------+--+-
cls.predictions.transform.LayerNorm.bias   | UNEXPECTED |  | 
cls.seq_relationship.weight                | UNEXPECTED |  | 
cls.predictions.bias                       | UNEXPECTED |  | 
cls.predictions.transform.LayerNorm.weight | UNEXPECTED |  | 
cls.predictions.transform.dense.bias       | UNEXPECTED |  | 
cls.predictions.transform.dense.weight     | UNEXPECTED |  | 
cls.seq_relationship.bias                  | UNEXPECTED |  | 

[3mNotes:
- UNEXPECTED[3m	:can be ignored when loading from different task/architecture; not ok if you expect identical arch.[0m
[lora_v3] C:\Users\IPC\Desktop\git\VLM\vlm\bench\results_lora_v3.jsonl: 50건

Loading weights:   0%|          | 0/199 [00:00<?, ?it/s]
Loading weights:   1%|          | 1/199 [00:00<00:00, 35848.75it/s, Materializing param=embeddings.LayerNorm.bias]
Loading weights:   1%|          | 1/199 [00:00<00:00, 9000.65it/s, Materializing param=embeddings.LayerNorm.bias] 
Loading weights:   1%|          | 2/199 [00:00<00:00, 7496.52it/s, Materializing param=embeddings.LayerNorm.weight]
Loading weights:   1%|          | 2/199 [00:00<00:00, 5940.94it/s, Materializing param=embeddings.LayerNorm.weight]
Loading weights:   2%|▏         | 3/199 [00:00<00:00, 5680.77it/s, Materializing param=embeddings.position_embeddings.weight]
Loading weights:   2%|▏         | 3/199 [00:00<00:00, 4977.42it/s, Materializing param=embeddings.position_embeddings.weight]
Loading weights:   2%|▏         | 4/199 [00:00<00:00, 3972.82it/s, Materializing param=embeddings.token_type_embeddings.weight]
Loading weights:   2%|▏         | 4/199 [00:00<00:00, 3556.76it/s, Materializing param=embeddings.token_type_embeddings.weight]
Loading weights:   3%|▎         | 5/199 [00:00<00:00, 3395.10it/s, Materializing param=embeddings.word_embeddings.weight]      
Loading weights:   3%|▎         | 5/199 [00:00<00:00, 3223.41it/s, Materializing param=embeddings.word_embeddings.weight]
Loading weights:   3%|▎         | 6/199 [00:00<00:00, 3564.06it/s, Materializing param=encoder.layer.0.attention.output.LayerNorm.bias]
Loading weights:   3%|▎         | 6/199 [00:00<00:00, 3416.95it/s, Materializing param=encoder.layer.0.attention.output.LayerNorm.bias]
Loading weights:   4%|▎         | 7/199 [00:00<00:00, 3398.16it/s, Materializing param=encoder.layer.0.attention.output.LayerNorm.weight]
Loading weights:   4%|▎         | 7/199 [00:00<00:00, 2937.48it/s, Materializing param=encoder.layer.0.attention.output.LayerNorm.weight]
Loading weights:   4%|▍         | 8/199 [00:00<00:00, 2975.48it/s, Materializing param=encoder.layer.0.attention.output.dense.bias]      
Loading weights:   4%|▍         | 8/199 [00:00<00:00, 2555.36it/s, Materializing param=encoder.layer.0.attention.output.dense.bias]
Loading weights:   5%|▍         | 9/199 [00:00<00:00, 2543.37it/s, Materializing param=encoder.layer.0.attention.output.dense.weight]
Loading weights:   5%|▍         | 9/199 [00:00<00:00, 2183.78it/s, Materializing param=encoder.layer.0.attention.output.dense.weight]
Loading weights:   5%|▌         | 10/199 [00:00<00:00, 2169.95it/s, Materializing param=encoder.layer.0.attention.self.key.bias]     
Loading weights:   5%|▌         | 10/199 [00:00<00:00, 2110.45it/s, Materializing param=encoder.layer.0.attention.self.key.bias]
Loading weights:   6%|▌         | 11/199 [00:00<00:00, 2026.77it/s, Materializing param=encoder.layer.0.attention.self.key.weight]
Loading weights:   6%|▌         | 11/199 [00:00<00:00, 1908.47it/s, Materializing param=encoder.layer.0.attention.self.key.weight]
Loading weights:   6%|▌         | 12/199 [00:00<00:00, 1987.27it/s, Materializing param=encoder.layer.0.attention.self.query.bias]
Loading weights:   6%|▌         | 12/199 [00:00<00:00, 1852.61it/s, Materializing param=encoder.layer.0.attention.self.query.bias]
Loading weights:   7%|▋         | 13/199 [00:00<00:00, 1879.88it/s, Materializing param=encoder.layer.0.attention.self.query.weight]
Loading weights:   7%|▋         | 13/199 [00:00<00:00, 1794.15it/s, Materializing param=encoder.layer.0.attention.self.query.weight]
Loading weights:   7%|▋         | 14/199 [00:00<00:00, 1844.92it/s, Materializing param=encoder.layer.0.attention.self.value.bias]  
Loading weights:   7%|▋         | 14/199 [00:00<00:00, 1787.64it/s, Materializing param=encoder.layer.0.attention.self.value.bias]
Loading weights:   8%|▊         | 15/199 [00:00<00:00, 1873.91it/s, Materializing param=encoder.layer.0.attention.self.value.weight]
Loading weights:   8%|▊         | 15/199 [00:00<00:00, 1857.04it/s, Materializing param=encoder.layer.0.attention.self.value.weight]
Loading weights:   8%|▊         | 16/199 [00:00<00:00, 1828.33it/s, Materializing param=encoder.layer.0.intermediate.dense.bias]    
Loading weights:   8%|▊         | 16/199 [00:00<00:00, 1765.33it/s, Materializing param=encoder.layer.0.intermediate.dense.bias]
Loading weights:   9%|▊         | 17/199 [00:00<00:00, 1789.56it/s, Materializing param=encoder.layer.0.intermediate.dense.weight]
Loading weights:   9%|▊         | 17/199 [00:00<00:00, 1759.57it/s, Materializing param=encoder.layer.0.intermediate.dense.weight]
Loading weights:   9%|▉         | 18/199 [00:00<00:00, 1802.15it/s, Materializing param=encoder.layer.0.output.LayerNorm.bias]    
Loading weights:   9%|▉         | 18/199 [00:00<00:00, 1752.49it/s, Materializing param=encoder.layer.0.output.LayerNorm.bias]
Loading weights:  10%|▉         | 19/199 [00:00<00:00, 1772.82it/s, Materializing param=encoder.layer.0.output.LayerNorm.weight]
Loading weights:  10%|▉         | 19/199 [00:00<00:00, 1751.04it/s, Materializing param=encoder.layer.0.output.LayerNorm.weight]
Loading weights:  10%|█         | 20/199 [00:00<00:00, 1729.65it/s, Materializing param=encoder.layer.0.output.dense.bias]      
Loading weights:  10%|█         | 20/199 [00:00<00:00, 1698.89it/s, Materializing param=encoder.layer.0.output.dense.bias]
Loading weights:  11%|█         | 21/199 [00:00<00:00, 1725.71it/s, Materializing param=encoder.layer.0.output.dense.weight]
Loading weights:  11%|█         | 21/199 [00:00<00:00, 1703.48it/s, Materializing param=encoder.layer.0.output.dense.weight]
Loading weights:  11%|█         | 22/199 [00:00<00:00, 1721.70it/s, Materializing param=encoder.layer.1.attention.output.LayerNorm.bias]
Loading weights:  11%|█         | 22/199 [00:00<00:00, 1700.07it/s, Materializing param=encoder.layer.1.attention.output.LayerNorm.bias]
Loading weights:  12%|█▏        | 23/199 [00:00<00:00, 1728.74it/s, Materializing param=encoder.layer.1.attention.output.LayerNorm.weight]
Loading weights:  12%|█▏        | 23/199 [00:00<00:00, 1712.72it/s, Materializing param=encoder.layer.1.attention.output.LayerNorm.weight]
Loading weights:  12%|█▏        | 24/199 [00:00<00:00, 1717.98it/s, Materializing param=encoder.layer.1.attention.output.dense.bias]      
Loading weights:  12%|█▏        | 24/199 [00:00<00:00, 1709.08it/s, Materializing param=encoder.layer.1.attention.output.dense.bias]
Loading weights:  13%|█▎        | 25/199 [00:00<00:00, 1757.50it/s, Materializing param=encoder.layer.1.attention.output.dense.weight]
Loading weights:  13%|█▎        | 25/199 [00:00<00:00, 1749.55it/s, Materializing param=encoder.layer.1.attention.output.dense.weight]
Loading weights:  13%|█▎        | 26/199 [00:00<00:00, 1763.40it/s, Materializing param=encoder.layer.1.attention.self.key.bias]      
Loading weights:  13%|█▎        | 26/199 [00:00<00:00, 1750.43it/s, Materializing param=encoder.layer.1.attention.self.key.bias]
Loading weights:  14%|█▎        | 27/199 [00:00<00:00, 1764.48it/s, Materializing param=encoder.layer.1.attention.self.key.weight]
Loading weights:  14%|█▎        | 27/199 [00:00<00:00, 1730.22it/s, Materializing param=encoder.layer.1.attention.self.key.weight]
Loading weights:  14%|█▍        | 28/199 [00:00<00:00, 1769.06it/s, Materializing param=encoder.layer.1.attention.self.query.bias]
Loading weights:  14%|█▍        | 28/199 [00:00<00:00, 1762.00it/s, Materializing param=encoder.layer.1.attention.self.query.bias]
Loading weights:  15%|█▍        | 29/199 [00:00<00:00, 1779.17it/s, Materializing param=encoder.layer.1.attention.self.query.weight]
Loading weights:  15%|█▍        | 29/199 [00:00<00:00, 1772.25it/s, Materializing param=encoder.layer.1.attention.self.query.weight]
Loading weights:  15%|█▌        | 30/199 [00:00<00:00, 1818.47it/s, Materializing param=encoder.layer.1.attention.self.value.bias]  
Loading weights:  15%|█▌        | 30/199 [00:00<00:00, 1811.64it/s, Materializing param=encoder.layer.1.attention.self.value.bias]
Loading weights:  16%|█▌        | 31/199 [00:00<00:00, 1839.24it/s, Materializing param=encoder.layer.1.attention.self.value.weight]
Loading weights:  16%|█▌        | 31/199 [00:00<00:00, 1798.24it/s, Materializing param=encoder.layer.1.attention.self.value.weight]
Loading weights:  16%|█▌        | 32/199 [00:00<00:00, 1814.78it/s, Materializing param=encoder.layer.1.intermediate.dense.bias]    
Loading weights:  16%|█▌        | 32/199 [00:00<00:00, 1794.11it/s, Materializing param=encoder.layer.1.intermediate.dense.bias]
Loading weights:  17%|█▋        | 33/199 [00:00<00:00, 1825.85it/s, Materializing param=encoder.layer.1.intermediate.dense.weight]
Loading weights:  17%|█▋        | 33/199 [00:00<00:00, 1819.15it/s, Materializing param=encoder.layer.1.intermediate.dense.weight]
Loading weights:  17%|█▋        | 34/199 [00:00<00:00, 1854.08it/s, Materializing param=encoder.layer.1.output.LayerNorm.bias]    
Loading weights:  17%|█▋        | 34/199 [00:00<00:00, 1847.78it/s, Materializing param=encoder.layer.1.output.LayerNorm.bias]
Loading weights:  18%|█▊        | 35/199 [00:00<00:00, 1884.26it/s, Materializing param=encoder.layer.1.output.LayerNorm.weight]
Loading weights:  18%|█▊        | 35/199 [00:00<00:00, 1877.97it/s, Materializing param=encoder.layer.1.output.LayerNorm.weight]
Loading weights:  18%|█▊        | 36/199 [00:00<00:00, 1917.88it/s, Materializing param=encoder.layer.1.output.dense.bias]      
Loading weights:  18%|█▊        | 36/199 [00:00<00:00, 1911.76it/s, Materializing param=encoder.layer.1.output.dense.bias]
Loading weights:  19%|█▊        | 37/199 [00:00<00:00, 1932.69it/s, Materializing param=encoder.layer.1.output.dense.weight]
Loading weights:  19%|█▊        | 37/199 [00:00<00:00, 1926.45it/s, Materializing param=encoder.layer.1.output.dense.weight]
Loading weights:  19%|█▉        | 38/199 [00:00<00:00, 1961.33it/s, Materializing param=encoder.layer.2.attention.output.LayerNorm.bias]
Loading weights:  19%|█▉        | 38/199 [00:00<00:00, 1954.93it/s, Materializing param=encoder.layer.2.attention.output.LayerNorm.bias]
Loading weights:  20%|█▉        | 39/199 [00:00<00:00, 1986.11it/s, Materializing param=encoder.layer.2.attention.output.LayerNorm.weight]
Loading weights:  20%|█▉        | 39/199 [00:00<00:00, 1979.55it/s, Materializing param=encoder.layer.2.attention.output.LayerNorm.weight]
Loading weights:  20%|██        | 40/199 [00:00<00:00, 2010.74it/s, Materializing param=encoder.layer.2.attention.output.dense.bias]      
Loading weights:  20%|██        | 40/199 [00:00<00:00, 2004.47it/s, Materializing param=encoder.layer.2.attention.output.dense.bias]
Loading weights:  21%|██        | 41/199 [00:00<00:00, 2043.25it/s, Materializing param=encoder.layer.2.attention.output.dense.weight]
Loading weights:  21%|██        | 41/199 [00:00<00:00, 2037.25it/s, Materializing param=encoder.layer.2.attention.output.dense.weight]
Loading weights:  21%|██        | 42/199 [00:00<00:00, 2051.46it/s, Materializing param=encoder.layer.2.attention.self.key.bias]      
Loading weights:  21%|██        | 42/199 [00:00<00:00, 2045.29it/s, Materializing param=encoder.layer.2.attention.self.key.bias]
Loading weights:  22%|██▏       | 43/199 [00:00<00:00, 2077.49it/s, Materializing param=encoder.layer.2.attention.self.key.weight]
Loading weights:  22%|██▏       | 43/199 [00:00<00:00, 2071.33it/s, Materializing param=encoder.layer.2.attention.self.key.weight]
Loading weights:  22%|██▏       | 44/199 [00:00<00:00, 2064.20it/s, Materializing param=encoder.layer.2.attention.self.query.bias]
Loading weights:  22%|██▏       | 44/199 [00:00<00:00, 2053.13it/s, Materializing param=encoder.layer.2.attention.self.query.bias]
Loading weights:  23%|██▎       | 45/199 [00:00<00:00, 2072.40it/s, Materializing param=encoder.layer.2.attention.self.query.weight]
Loading weights:  23%|██▎       | 45/199 [00:00<00:00, 2054.15it/s, Materializing param=encoder.layer.2.attention.self.query.weight]
Loading weights:  23%|██▎       | 46/199 [00:00<00:00, 2049.31it/s, Materializing param=encoder.layer.2.attention.self.value.bias]  
Loading weights:  23%|██▎       | 46/199 [00:00<00:00, 2043.34it/s, Materializing param=encoder.layer.2.attention.self.value.bias]
Loading weights:  24%|██▎       | 47/199 [00:00<00:00, 2062.25it/s, Materializing param=encoder.layer.2.attention.self.value.weight]
Loading weights:  24%|██▎       | 47/199 [00:00<00:00, 2056.67it/s, Materializing param=encoder.layer.2.attention.self.value.weight]
Loading weights:  24%|██▍       | 48/199 [00:00<00:00, 2059.29it/s, Materializing param=encoder.layer.2.intermediate.dense.bias]    
Loading weights:  24%|██▍       | 48/199 [00:00<00:00, 2049.23it/s, Materializing param=encoder.layer.2.intermediate.dense.bias]
Loading weights:  25%|██▍       | 49/199 [00:00<00:00, 2031.62it/s, Materializing param=encoder.layer.2.intermediate.dense.weight]
Loading weights:  25%|██▍       | 49/199 [00:00<00:00, 2012.07it/s, Materializing param=encoder.layer.2.intermediate.dense.weight]
Loading weights:  25%|██▌       | 50/199 [00:00<00:00, 2028.06it/s, Materializing param=encoder.layer.2.output.LayerNorm.bias]    
Loading weights:  25%|██▌       | 50/199 [00:00<00:00, 2022.54it/s, Materializing param=encoder.layer.2.output.LayerNorm.bias]
Loading weights:  26%|██▌       | 51/199 [00:00<00:00, 2040.42it/s, Materializing param=encoder.layer.2.output.LayerNorm.weight]
Loading weights:  26%|██▌       | 51/199 [00:00<00:00, 2010.79it/s, Materializing param=encoder.layer.2.output.LayerNorm.weight]
Loading weights:  26%|██▌       | 52/199 [00:00<00:00, 2027.57it/s, Materializing param=encoder.layer.2.output.dense.bias]      
Loading weights:  26%|██▌       | 52/199 [00:00<00:00, 2013.48it/s, Materializing param=encoder.layer.2.output.dense.bias]
Loading weights:  27%|██▋       | 53/199 [00:00<00:00, 2029.08it/s, Materializing param=encoder.layer.2.output.dense.weight]
Loading weights:  27%|██▋       | 53/199 [00:00<00:00, 2011.38it/s, Materializing param=encoder.layer.2.output.dense.weight]
Loading weights:  27%|██▋       | 54/199 [00:00<00:00, 2031.39it/s, Materializing param=encoder.layer.3.attention.output.LayerNorm.bias]
Loading weights:  27%|██▋       | 54/199 [00:00<00:00, 2013.30it/s, Materializing param=encoder.layer.3.attention.output.LayerNorm.bias]
Loading weights:  28%|██▊       | 55/199 [00:00<00:00, 2033.63it/s, Materializing param=encoder.layer.3.attention.output.LayerNorm.weight]
Loading weights:  28%|██▊       | 55/199 [00:00<00:00, 2028.41it/s, Materializing param=encoder.layer.3.attention.output.LayerNorm.weight]
Loading weights:  28%|██▊       | 56/199 [00:00<00:00, 2055.51it/s, Materializing param=encoder.layer.3.attention.output.dense.bias]      
Loading weights:  28%|██▊       | 56/199 [00:00<00:00, 2050.16it/s, Materializing param=encoder.layer.3.attention.output.dense.bias]
Loading weights:  29%|██▊       | 57/199 [00:00<00:00, 2076.91it/s, Materializing param=encoder.layer.3.attention.output.dense.weight]
Loading weights:  29%|██▊       | 57/199 [00:00<00:00, 2071.60it/s, Materializing param=encoder.layer.3.attention.output.dense.weight]
Loading weights:  29%|██▉       | 58/199 [00:00<00:00, 2098.20it/s, Materializing param=encoder.layer.3.attention.self.key.bias]      
Loading weights:  29%|██▉       | 58/199 [00:00<00:00, 2092.88it/s, Materializing param=encoder.layer.3.attention.self.key.bias]
Loading weights:  30%|██▉       | 59/199 [00:00<00:00, 2119.22it/s, Materializing param=encoder.layer.3.attention.self.key.weight]
Loading weights:  30%|██▉       | 59/199 [00:00<00:00, 2114.12it/s, Materializing param=encoder.layer.3.attention.self.key.weight]
Loading weights:  30%|███       | 60/199 [00:00<00:00, 2140.64it/s, Materializing param=encoder.layer.3.attention.self.query.bias]
Loading weights:  30%|███       | 60/199 [00:00<00:00, 2135.52it/s, Materializing param=encoder.layer.3.attention.self.query.bias]
Loading weights:  31%|███       | 61/199 [00:00<00:00, 2161.88it/s, Materializing param=encoder.layer.3.attention.self.query.weight]
Loading weights:  31%|███       | 61/199 [00:00<00:00, 2156.76it/s, Materializing param=encoder.layer.3.attention.self.query.weight]
Loading weights:  31%|███       | 62/199 [00:00<00:00, 2182.72it/s, Materializing param=encoder.layer.3.attention.self.value.bias]  
Loading weights:  31%|███       | 62/199 [00:00<00:00, 2177.56it/s, Materializing param=encoder.layer.3.attention.self.value.bias]
Loading weights:  32%|███▏      | 63/199 [00:00<00:00, 2203.09it/s, Materializing param=encoder.layer.3.attention.self.value.weight]
Loading weights:  32%|███▏      | 63/199 [00:00<00:00, 2197.94it/s, Materializing param=encoder.layer.3.attention.self.value.weight]
Loading weights:  32%|███▏      | 64/199 [00:00<00:00, 2223.42it/s, Materializing param=encoder.layer.3.intermediate.dense.bias]    
Loading weights:  32%|███▏      | 64/199 [00:00<00:00, 2218.22it/s, Materializing param=encoder.layer.3.intermediate.dense.bias]
Loading weights:  33%|███▎      | 65/199 [00:00<00:00, 2243.48it/s, Materializing param=encoder.layer.3.intermediate.dense.weight]
Loading weights:  33%|███▎      | 65/199 [00:00<00:00, 2238.30it/s, Materializing param=encoder.layer.3.intermediate.dense.weight]
Loading weights:  33%|███▎      | 66/199 [00:00<00:00, 2263.41it/s, Materializing param=encoder.layer.3.output.LayerNorm.bias]    
Loading weights:  33%|███▎      | 66/199 [00:00<00:00, 2258.28it/s, Materializing param=encoder.layer.3.output.LayerNorm.bias]
Loading weights:  34%|███▎      | 67/199 [00:00<00:00, 2283.14it/s, Materializing param=encoder.layer.3.output.LayerNorm.weight]
Loading weights:  34%|███▎      | 67/199 [00:00<00:00, 2277.98it/s, Materializing param=encoder.layer.3.output.LayerNorm.weight]
Loading weights:  34%|███▍      | 68/199 [00:00<00:00, 2302.53it/s, Materializing param=encoder.layer.3.output.dense.bias]      
Loading weights:  34%|███▍      | 68/199 [00:00<00:00, 2297.40it/s, Materializing param=encoder.layer.3.output.dense.bias]
Loading weights:  35%|███▍      | 69/199 [00:00<00:00, 2321.85it/s, Materializing param=encoder.layer.3.output.dense.weight]
Loading weights:  35%|███▍      | 69/199 [00:00<00:00, 2316.76it/s, Materializing param=encoder.layer.3.output.dense.weight]
Loading weights:  35%|███▌      | 70/199 [00:00<00:00, 2341.00it/s, Materializing param=encoder.layer.4.attention.output.LayerNorm.bias]
Loading weights:  35%|███▌      | 70/199 [00:00<00:00, 2335.69it/s, Materializing param=encoder.layer.4.attention.output.LayerNorm.bias]
Loading weights:  36%|███▌      | 71/199 [00:00<00:00, 2359.13it/s, Materializing param=encoder.layer.4.attention.output.LayerNorm.weight]
Loading weights:  36%|███▌      | 71/199 [00:00<00:00, 2353.74it/s, Materializing param=encoder.layer.4.attention.output.LayerNorm.weight]
Loading weights:  36%|███▌      | 72/199 [00:00<00:00, 2377.18it/s, Materializing param=encoder.layer.4.attention.output.dense.bias]      
Loading weights:  36%|███▌      | 72/199 [00:00<00:00, 2371.90it/s, Materializing param=encoder.layer.4.attention.output.dense.bias]
Loading weights:  37%|███▋      | 73/199 [00:00<00:00, 2395.23it/s, Materializing param=encoder.layer.4.attention.output.dense.weight]
Loading weights:  37%|███▋      | 73/199 [00:00<00:00, 2389.94it/s, Materializing param=encoder.layer.4.attention.output.dense.weight]
Loading weights:  37%|███▋      | 74/199 [00:00<00:00, 2413.16it/s, Materializing param=encoder.layer.4.attention.self.key.bias]      
Loading weights:  37%|███▋      | 74/199 [00:00<00:00, 2407.90it/s, Materializing param=encoder.layer.4.attention.self.key.bias]
Loading weights:  38%|███▊      | 75/199 [00:00<00:00, 2430.84it/s, Materializing param=encoder.layer.4.attention.self.key.weight]
Loading weights:  38%|███▊      | 75/199 [00:00<00:00, 2425.57it/s, Materializing param=encoder.layer.4.attention.self.key.weight]
Loading weights:  38%|███▊      | 76/199 [00:00<00:00, 2448.40it/s, Materializing param=encoder.layer.4.attention.self.query.bias]
Loading weights:  38%|███▊      | 76/199 [00:00<00:00, 2443.18it/s, Materializing param=encoder.layer.4.attention.self.query.bias]
Loading weights:  39%|███▊      | 77/199 [00:00<00:00, 2465.75it/s, Materializing param=encoder.layer.4.attention.self.query.weight]
Loading weights:  39%|███▊      | 77/199 [00:00<00:00, 2460.51it/s, Materializing param=encoder.layer.4.attention.self.query.weight]
Loading weights:  39%|███▉      | 78/199 [00:00<00:00, 2482.87it/s, Materializing param=encoder.layer.4.attention.self.value.bias]  
Loading weights:  39%|███▉      | 78/199 [00:00<00:00, 2477.63it/s, Materializing param=encoder.layer.4.attention.self.value.bias]
Loading weights:  40%|███▉      | 79/199 [00:00<00:00, 2499.81it/s, Materializing param=encoder.layer.4.attention.self.value.weight]
Loading weights:  40%|███▉      | 79/199 [00:00<00:00, 2494.52it/s, Materializing param=encoder.layer.4.attention.self.value.weight]
Loading weights:  40%|████      | 80/199 [00:00<00:00, 2516.44it/s, Materializing param=encoder.layer.4.intermediate.dense.bias]    
Loading weights:  40%|████      | 80/199 [00:00<00:00, 2511.13it/s, Materializing param=encoder.layer.4.intermediate.dense.bias]
Loading weights:  41%|████      | 81/199 [00:00<00:00, 2532.91it/s, Materializing param=encoder.layer.4.intermediate.dense.weight]
Loading weights:  41%|████      | 81/199 [00:00<00:00, 2527.65it/s, Materializing param=encoder.layer.4.intermediate.dense.weight]
Loading weights:  41%|████      | 82/199 [00:00<00:00, 2549.29it/s, Materializing param=encoder.layer.4.output.LayerNorm.bias]    
Loading weights:  41%|████      | 82/199 [00:00<00:00, 2544.01it/s, Materializing param=encoder.layer.4.output.LayerNorm.bias]
Loading weights:  42%|████▏     | 83/199 [00:00<00:00, 2565.40it/s, Materializing param=encoder.layer.4.output.LayerNorm.weight]
Loading weights:  42%|████▏     | 83/199 [00:00<00:00, 2560.10it/s, Materializing param=encoder.layer.4.output.LayerNorm.weight]
Loading weights:  42%|████▏     | 84/199 [00:00<00:00, 2581.39it/s, Materializing param=encoder.layer.4.output.dense.bias]      
Loading weights:  42%|████▏     | 84/199 [00:00<00:00, 2576.20it/s, Materializing param=encoder.layer.4.output.dense.bias]
Loading weights:  43%|████▎     | 85/199 [00:00<00:00, 2597.41it/s, Materializing param=encoder.layer.4.output.dense.weight]
Loading weights:  43%|████▎     | 85/199 [00:00<00:00, 2592.13it/s, Materializing param=encoder.layer.4.output.dense.weight]
Loading weights:  43%|████▎     | 86/199 [00:00<00:00, 2613.16it/s, Materializing param=encoder.layer.5.attention.output.LayerNorm.bias]
Loading weights:  43%|████▎     | 86/199 [00:00<00:00, 2607.79it/s, Materializing param=encoder.layer.5.attention.output.LayerNorm.bias]
Loading weights:  44%|████▎     | 87/199 [00:00<00:00, 2627.76it/s, Materializing param=encoder.layer.5.attention.output.LayerNorm.weight]
Loading weights:  44%|████▎     | 87/199 [00:00<00:00, 2622.21it/s, Materializing param=encoder.layer.5.attention.output.LayerNorm.weight]
Loading weights:  44%|████▍     | 88/199 [00:00<00:00, 2642.31it/s, Materializing param=encoder.layer.5.attention.output.dense.bias]      
Loading weights:  44%|████▍     | 88/199 [00:00<00:00, 2636.85it/s, Materializing param=encoder.layer.5.attention.output.dense.bias]
Loading weights:  45%|████▍     | 89/199 [00:00<00:00, 2656.81it/s, Materializing param=encoder.layer.5.attention.output.dense.weight]
Loading weights:  45%|████▍     | 89/199 [00:00<00:00, 2651.32it/s, Materializing param=encoder.layer.5.attention.output.dense.weight]
Loading weights:  45%|████▌     | 90/199 [00:00<00:00, 2670.98it/s, Materializing param=encoder.layer.5.attention.self.key.bias]      
Loading weights:  45%|████▌     | 90/199 [00:00<00:00, 2665.49it/s, Materializing param=encoder.layer.5.attention.self.key.bias]
Loading weights:  46%|████▌     | 91/199 [00:00<00:00, 2684.53it/s, Materializing param=encoder.layer.5.attention.self.key.weight]
Loading weights:  46%|████▌     | 91/199 [00:00<00:00, 2678.99it/s, Materializing param=encoder.layer.5.attention.self.key.weight]
Loading weights:  46%|████▌     | 92/199 [00:00<00:00, 2698.43it/s, Materializing param=encoder.layer.5.attention.self.query.bias]
Loading weights:  46%|████▌     | 92/199 [00:00<00:00, 2692.97it/s, Materializing param=encoder.layer.5.attention.self.query.bias]
Loading weights:  47%|████▋     | 93/199 [00:00<00:00, 2712.14it/s, Materializing param=encoder.layer.5.attention.self.query.weight]
Loading weights:  47%|████▋     | 93/199 [00:00<00:00, 2706.70it/s, Materializing param=encoder.layer.5.attention.self.query.weight]
Loading weights:  47%|████▋     | 94/199 [00:00<00:00, 2725.85it/s, Materializing param=encoder.layer.5.attention.self.value.bias]  
Loading weights:  47%|████▋     | 94/199 [00:00<00:00, 2720.45it/s, Materializing param=encoder.layer.5.attention.self.value.bias]
Loading weights:  48%|████▊     | 95/199 [00:00<00:00, 2739.32it/s, Materializing param=encoder.layer.5.attention.self.value.weight]
Loading weights:  48%|████▊     | 95/199 [00:00<00:00, 2733.91it/s, Materializing param=encoder.layer.5.attention.self.value.weight]
Loading weights:  48%|████▊     | 96/199 [00:00<00:00, 2752.79it/s, Materializing param=encoder.layer.5.intermediate.dense.bias]    
Loading weights:  48%|████▊     | 96/199 [00:00<00:00, 2747.40it/s, Materializing param=encoder.layer.5.intermediate.dense.bias]
Loading weights:  49%|████▊     | 97/199 [00:00<00:00, 2766.22it/s, Materializing param=encoder.layer.5.intermediate.dense.weight]
Loading weights:  49%|████▊     | 97/199 [00:00<00:00, 2760.98it/s, Materializing param=encoder.layer.5.intermediate.dense.weight]
Loading weights:  49%|████▉     | 98/199 [00:00<00:00, 2780.05it/s, Materializing param=encoder.layer.5.output.LayerNorm.bias]    
Loading weights:  49%|████▉     | 98/199 [00:00<00:00, 2774.85it/s, Materializing param=encoder.layer.5.output.LayerNorm.bias]
Loading weights:  50%|████▉     | 99/199 [00:00<00:00, 2793.48it/s, Materializing param=encoder.layer.5.output.LayerNorm.weight]
Loading weights:  50%|████▉     | 99/199 [00:00<00:00, 2788.28it/s, Materializing param=encoder.layer.5.output.LayerNorm.weight]
Loading weights:  50%|█████     | 100/199 [00:00<00:00, 2807.06it/s, Materializing param=encoder.layer.5.output.dense.bias]     
Loading weights:  50%|█████     | 100/199 [00:00<00:00, 2801.86it/s, Materializing param=encoder.layer.5.output.dense.bias]
Loading weights:  51%|█████     | 101/199 [00:00<00:00, 2820.50it/s, Materializing param=encoder.layer.5.output.dense.weight]
Loading weights:  51%|█████     | 101/199 [00:00<00:00, 2815.34it/s, Materializing param=encoder.layer.5.output.dense.weight]
Loading weights:  51%|█████▏    | 102/199 [00:00<00:00, 2833.88it/s, Materializing param=encoder.layer.6.attention.output.LayerNorm.bias]
Loading weights:  51%|█████▏    | 102/199 [00:00<00:00, 2828.59it/s, Materializing param=encoder.layer.6.attention.output.LayerNorm.bias]
Loading weights:  52%|█████▏    | 103/199 [00:00<00:00, 2846.52it/s, Materializing param=encoder.layer.6.attention.output.LayerNorm.weight]
Loading weights:  52%|█████▏    | 103/199 [00:00<00:00, 2841.09it/s, Materializing param=encoder.layer.6.attention.output.LayerNorm.weight]
Loading weights:  52%|█████▏    | 104/199 [00:00<00:00, 2859.05it/s, Materializing param=encoder.layer.6.attention.output.dense.bias]      
Loading weights:  52%|█████▏    | 104/199 [00:00<00:00, 2853.60it/s, Materializing param=encoder.layer.6.attention.output.dense.bias]
Loading weights:  53%|█████▎    | 105/199 [00:00<00:00, 2871.29it/s, Materializing param=encoder.layer.6.attention.output.dense.weight]
Loading weights:  53%|█████▎    | 105/199 [00:00<00:00, 2865.88it/s, Materializing param=encoder.layer.6.attention.output.dense.weight]
Loading weights:  53%|█████▎    | 106/199 [00:00<00:00, 2883.45it/s, Materializing param=encoder.layer.6.attention.self.key.bias]      
Loading weights:  53%|█████▎    | 106/199 [00:00<00:00, 2878.22it/s, Materializing param=encoder.layer.6.attention.self.key.bias]
Loading weights:  54%|█████▍    | 107/199 [00:00<00:00, 2895.37it/s, Materializing param=encoder.layer.6.attention.self.key.weight]
Loading weights:  54%|█████▍    | 107/199 [00:00<00:00, 2889.90it/s, Materializing param=encoder.layer.6.attention.self.key.weight]
Loading weights:  54%|█████▍    | 108/199 [00:00<00:00, 2907.27it/s, Materializing param=encoder.layer.6.attention.self.query.bias]
Loading weights:  54%|█████▍    | 108/199 [00:00<00:00, 2902.00it/s, Materializing param=encoder.layer.6.attention.self.query.bias]
Loading weights:  55%|█████▍    | 109/199 [00:00<00:00, 2919.30it/s, Materializing param=encoder.layer.6.attention.self.query.weight]
Loading weights:  55%|█████▍    | 109/199 [00:00<00:00, 2913.95it/s, Materializing param=encoder.layer.6.attention.self.query.weight]
Loading weights:  55%|█████▌    | 110/199 [00:00<00:00, 2930.97it/s, Materializing param=encoder.layer.6.attention.self.value.bias]  
Loading weights:  55%|█████▌    | 110/199 [00:00<00:00, 2925.68it/s, Materializing param=encoder.layer.6.attention.self.value.bias]
Loading weights:  56%|█████▌    | 111/199 [00:00<00:00, 2942.63it/s, Materializing param=encoder.layer.6.attention.self.value.weight]
Loading weights:  56%|█████▌    | 111/199 [00:00<00:00, 2937.34it/s, Materializing param=encoder.layer.6.attention.self.value.weight]
Loading weights:  56%|█████▋    | 112/199 [00:00<00:00, 2954.24it/s, Materializing param=encoder.layer.6.intermediate.dense.bias]    
Loading weights:  56%|█████▋    | 112/199 [00:00<00:00, 2948.99it/s, Materializing param=encoder.layer.6.intermediate.dense.bias]
Loading weights:  57%|█████▋    | 113/199 [00:00<00:00, 2965.84it/s, Materializing param=encoder.layer.6.intermediate.dense.weight]
Loading weights:  57%|█████▋    | 113/199 [00:00<00:00, 2960.56it/s, Materializing param=encoder.layer.6.intermediate.dense.weight]
Loading weights:  57%|█████▋    | 114/199 [00:00<00:00, 2977.28it/s, Materializing param=encoder.layer.6.output.LayerNorm.bias]    
Loading weights:  57%|█████▋    | 114/199 [00:00<00:00, 2972.00it/s, Materializing param=encoder.layer.6.output.LayerNorm.bias]
Loading weights:  58%|█████▊    | 115/199 [00:00<00:00, 2989.27it/s, Materializing param=encoder.layer.6.output.LayerNorm.weight]
Loading weights:  58%|█████▊    | 115/199 [00:00<00:00, 2984.49it/s, Materializing param=encoder.layer.6.output.LayerNorm.weight]
Loading weights:  58%|█████▊    | 116/199 [00:00<00:00, 3001.96it/s, Materializing param=encoder.layer.6.output.dense.bias]      
Loading weights:  58%|█████▊    | 116/199 [00:00<00:00, 2997.26it/s, Materializing param=encoder.layer.6.output.dense.bias]
Loading weights:  59%|█████▉    | 117/199 [00:00<00:00, 3014.69it/s, Materializing param=encoder.layer.6.output.dense.weight]
Loading weights:  59%|█████▉    | 117/199 [00:00<00:00, 3010.04it/s, Materializing param=encoder.layer.6.output.dense.weight]
Loading weights:  59%|█████▉    | 118/199 [00:00<00:00, 3027.43it/s, Materializing param=encoder.layer.7.attention.output.LayerNorm.bias]
Loading weights:  59%|█████▉    | 118/199 [00:00<00:00, 3022.68it/s, Materializing param=encoder.layer.7.attention.output.LayerNorm.bias]
Loading weights:  60%|█████▉    | 119/199 [00:00<00:00, 3039.42it/s, Materializing param=encoder.layer.7.attention.output.LayerNorm.weight]
Loading weights:  60%|█████▉    | 119/199 [00:00<00:00, 3034.62it/s, Materializing param=encoder.layer.7.attention.output.LayerNorm.weight]
Loading weights:  60%|██████    | 120/199 [00:00<00:00, 3051.49it/s, Materializing param=encoder.layer.7.attention.output.dense.bias]      
Loading weights:  60%|██████    | 120/199 [00:00<00:00, 3046.77it/s, Materializing param=encoder.layer.7.attention.output.dense.bias]
Loading weights:  61%|██████    | 121/199 [00:00<00:00, 3063.62it/s, Materializing param=encoder.layer.7.attention.output.dense.weight]
Loading weights:  61%|██████    | 121/199 [00:00<00:00, 3058.93it/s, Materializing param=encoder.layer.7.attention.output.dense.weight]
Loading weights:  61%|██████▏   | 122/199 [00:00<00:00, 3075.74it/s, Materializing param=encoder.layer.7.attention.self.key.bias]      
Loading weights:  61%|██████▏   | 122/199 [00:00<00:00, 3071.09it/s, Materializing param=encoder.layer.7.attention.self.key.bias]
Loading weights:  62%|██████▏   | 123/199 [00:00<00:00, 3087.76it/s, Materializing param=encoder.layer.7.attention.self.key.weight]
Loading weights:  62%|██████▏   | 123/199 [00:00<00:00, 3083.07it/s, Materializing param=encoder.layer.7.attention.self.key.weight]
Loading weights:  62%|██████▏   | 124/199 [00:00<00:00, 3099.61it/s, Materializing param=encoder.layer.7.attention.self.query.bias]
Loading weights:  62%|██████▏   | 124/199 [00:00<00:00, 3094.89it/s, Materializing param=encoder.layer.7.attention.self.query.bias]
Loading weights:  63%|██████▎   | 125/199 [00:00<00:00, 3111.34it/s, Materializing param=encoder.layer.7.attention.self.query.weight]
Loading weights:  63%|██████▎   | 125/199 [00:00<00:00, 3106.63it/s, Materializing param=encoder.layer.7.attention.self.query.weight]
Loading weights:  63%|██████▎   | 126/199 [00:00<00:00, 3122.90it/s, Materializing param=encoder.layer.7.attention.self.value.bias]  
Loading weights:  63%|██████▎   | 126/199 [00:00<00:00, 3118.24it/s, Materializing param=encoder.layer.7.attention.self.value.bias]
Loading weights:  64%|██████▍   | 127/199 [00:00<00:00, 3134.44it/s, Materializing param=encoder.layer.7.attention.self.value.weight]
Loading weights:  64%|██████▍   | 127/199 [00:00<00:00, 3129.73it/s, Materializing param=encoder.layer.7.attention.self.value.weight]
Loading weights:  64%|██████▍   | 128/199 [00:00<00:00, 3145.80it/s, Materializing param=encoder.layer.7.intermediate.dense.bias]    
Loading weights:  64%|██████▍   | 128/199 [00:00<00:00, 3141.12it/s, Materializing param=encoder.layer.7.intermediate.dense.bias]
Loading weights:  65%|██████▍   | 129/199 [00:00<00:00, 3157.20it/s, Materializing param=encoder.layer.7.intermediate.dense.weight]
Loading weights:  65%|██████▍   | 129/199 [00:00<00:00, 3152.47it/s, Materializing param=encoder.layer.7.intermediate.dense.weight]
Loading weights:  65%|██████▌   | 130/199 [00:00<00:00, 3168.53it/s, Materializing param=encoder.layer.7.output.LayerNorm.bias]    
Loading weights:  65%|██████▌   | 130/199 [00:00<00:00, 3163.97it/s, Materializing param=encoder.layer.7.output.LayerNorm.bias]
Loading weights:  66%|██████▌   | 131/199 [00:00<00:00, 3179.88it/s, Materializing param=encoder.layer.7.output.LayerNorm.weight]
Loading weights:  66%|██████▌   | 131/199 [00:00<00:00, 3175.34it/s, Materializing param=encoder.layer.7.output.LayerNorm.weight]
Loading weights:  66%|██████▋   | 132/199 [00:00<00:00, 3191.46it/s, Materializing param=encoder.layer.7.output.dense.bias]      
Loading weights:  66%|██████▋   | 132/199 [00:00<00:00, 3186.96it/s, Materializing param=encoder.layer.7.output.dense.bias]
Loading weights:  67%|██████▋   | 133/199 [00:00<00:00, 3203.06it/s, Materializing param=encoder.layer.7.output.dense.weight]
Loading weights:  67%|██████▋   | 133/199 [00:00<00:00, 3198.56it/s, Materializing param=encoder.layer.7.output.dense.weight]
Loading weights:  67%|██████▋   | 134/199 [00:00<00:00, 3214.52it/s, Materializing param=encoder.layer.8.attention.output.LayerNorm.bias]
Loading weights:  67%|██████▋   | 134/199 [00:00<00:00, 3209.90it/s, Materializing param=encoder.layer.8.attention.output.LayerNorm.bias]
Loading weights:  68%|██████▊   | 135/199 [00:00<00:00, 3225.27it/s, Materializing param=encoder.layer.8.attention.output.LayerNorm.weight]
Loading weights:  68%|██████▊   | 135/199 [00:00<00:00, 3220.70it/s, Materializing param=encoder.layer.8.attention.output.LayerNorm.weight]
Loading weights:  68%|██████▊   | 136/199 [00:00<00:00, 3230.28it/s, Materializing param=encoder.layer.8.attention.output.dense.bias]      
Loading weights:  68%|██████▊   | 136/199 [00:00<00:00, 3225.42it/s, Materializing param=encoder.layer.8.attention.output.dense.bias]
Loading weights:  69%|██████▉   | 137/199 [00:00<00:00, 3240.73it/s, Materializing param=encoder.layer.8.attention.output.dense.weight]
Loading weights:  69%|██████▉   | 137/199 [00:00<00:00, 3236.18it/s, Materializing param=encoder.layer.8.attention.output.dense.weight]
Loading weights:  69%|██████▉   | 138/199 [00:00<00:00, 3251.51it/s, Materializing param=encoder.layer.8.attention.self.key.bias]      
Loading weights:  69%|██████▉   | 138/199 [00:00<00:00, 3246.95it/s, Materializing param=encoder.layer.8.attention.self.key.bias]
Loading weights:  70%|██████▉   | 139/199 [00:00<00:00, 3262.19it/s, Materializing param=encoder.layer.8.attention.self.key.weight]
Loading weights:  70%|██████▉   | 139/199 [00:00<00:00, 3257.65it/s, Materializing param=encoder.layer.8.attention.self.key.weight]
Loading weights:  70%|███████   | 140/199 [00:00<00:00, 3272.96it/s, Materializing param=encoder.layer.8.attention.self.query.bias]
Loading weights:  70%|███████   | 140/199 [00:00<00:00, 3268.46it/s, Materializing param=encoder.layer.8.attention.self.query.bias]
Loading weights:  71%|███████   | 141/199 [00:00<00:00, 3283.66it/s, Materializing param=encoder.layer.8.attention.self.query.weight]
Loading weights:  71%|███████   | 141/199 [00:00<00:00, 3278.74it/s, Materializing param=encoder.layer.8.attention.self.query.weight]
Loading weights:  71%|███████▏  | 142/199 [00:00<00:00, 3293.76it/s, Materializing param=encoder.layer.8.attention.self.value.bias]  
Loading weights:  71%|███████▏  | 142/199 [00:00<00:00, 3289.21it/s, Materializing param=encoder.layer.8.attention.self.value.bias]
Loading weights:  72%|███████▏  | 143/199 [00:00<00:00, 3304.20it/s, Materializing param=encoder.layer.8.attention.self.value.weight]
Loading weights:  72%|███████▏  | 143/199 [00:00<00:00, 3299.69it/s, Materializing param=encoder.layer.8.attention.self.value.weight]
Loading weights:  72%|███████▏  | 144/199 [00:00<00:00, 3314.56it/s, Materializing param=encoder.layer.8.intermediate.dense.bias]    
Loading weights:  72%|███████▏  | 144/199 [00:00<00:00, 3310.06it/s, Materializing param=encoder.layer.8.intermediate.dense.bias]
Loading weights:  73%|███████▎  | 145/199 [00:00<00:00, 3325.05it/s, Materializing param=encoder.layer.8.intermediate.dense.weight]
Loading weights:  73%|███████▎  | 145/199 [00:00<00:00, 3320.56it/s, Materializing param=encoder.layer.8.intermediate.dense.weight]
Loading weights:  73%|███████▎  | 146/199 [00:00<00:00, 3335.50it/s, Materializing param=encoder.layer.8.output.LayerNorm.bias]    
Loading weights:  73%|███████▎  | 146/199 [00:00<00:00, 3331.06it/s, Materializing param=encoder.layer.8.output.LayerNorm.bias]
Loading weights:  74%|███████▍  | 147/199 [00:00<00:00, 3345.74it/s, Materializing param=encoder.layer.8.output.LayerNorm.weight]
Loading weights:  74%|███████▍  | 147/199 [00:00<00:00, 3341.26it/s, Materializing param=encoder.layer.8.output.LayerNorm.weight]
Loading weights:  74%|███████▍  | 148/199 [00:00<00:00, 3355.91it/s, Materializing param=encoder.layer.8.output.dense.bias]      
Loading weights:  74%|███████▍  | 148/199 [00:00<00:00, 3351.48it/s, Materializing param=encoder.layer.8.output.dense.bias]
Loading weights:  75%|███████▍  | 149/199 [00:00<00:00, 3366.07it/s, Materializing param=encoder.layer.8.output.dense.weight]
Loading weights:  75%|███████▍  | 149/199 [00:00<00:00, 3361.65it/s, Materializing param=encoder.layer.8.output.dense.weight]
Loading weights:  75%|███████▌  | 150/199 [00:00<00:00, 3376.22it/s, Materializing param=encoder.layer.9.attention.output.LayerNorm.bias]
Loading weights:  75%|███████▌  | 150/199 [00:00<00:00, 3371.66it/s, Materializing param=encoder.layer.9.attention.output.LayerNorm.bias]
Loading weights:  76%|███████▌  | 151/199 [00:00<00:00, 3385.56it/s, Materializing param=encoder.layer.9.attention.output.LayerNorm.weight]
Loading weights:  76%|███████▌  | 151/199 [00:00<00:00, 3381.00it/s, Materializing param=encoder.layer.9.attention.output.LayerNorm.weight]
Loading weights:  76%|███████▋  | 152/199 [00:00<00:00, 3395.22it/s, Materializing param=encoder.layer.9.attention.output.dense.bias]      
Loading weights:  76%|███████▋  | 152/199 [00:00<00:00, 3390.74it/s, Materializing param=encoder.layer.9.attention.output.dense.bias]
Loading weights:  77%|███████▋  | 153/199 [00:00<00:00, 3404.88it/s, Materializing param=encoder.layer.9.attention.output.dense.weight]
Loading weights:  77%|███████▋  | 153/199 [00:00<00:00, 3400.43it/s, Materializing param=encoder.layer.9.attention.output.dense.weight]
Loading weights:  77%|███████▋  | 154/199 [00:00<00:00, 3414.55it/s, Materializing param=encoder.layer.9.attention.self.key.bias]      
Loading weights:  77%|███████▋  | 154/199 [00:00<00:00, 3409.84it/s, Materializing param=encoder.layer.9.attention.self.key.bias]
Loading weights:  78%|███████▊  | 155/199 [00:00<00:00, 3423.58it/s, Materializing param=encoder.layer.9.attention.self.key.weight]
Loading weights:  78%|███████▊  | 155/199 [00:00<00:00, 3418.93it/s, Materializing param=encoder.layer.9.attention.self.key.weight]
Loading weights:  78%|███████▊  | 156/199 [00:00<00:00, 3432.74it/s, Materializing param=encoder.layer.9.attention.self.query.bias]
Loading weights:  78%|███████▊  | 156/199 [00:00<00:00, 3428.10it/s, Materializing param=encoder.layer.9.attention.self.query.bias]
Loading weights:  79%|███████▉  | 157/199 [00:00<00:00, 3441.69it/s, Materializing param=encoder.layer.9.attention.self.query.weight]
Loading weights:  79%|███████▉  | 157/199 [00:00<00:00, 3437.11it/s, Materializing param=encoder.layer.9.attention.self.query.weight]
Loading weights:  79%|███████▉  | 158/199 [00:00<00:00, 3450.65it/s, Materializing param=encoder.layer.9.attention.self.value.bias]  
Loading weights:  79%|███████▉  | 158/199 [00:00<00:00, 3446.07it/s, Materializing param=encoder.layer.9.attention.self.value.bias]
Loading weights:  80%|███████▉  | 159/199 [00:00<00:00, 3459.50it/s, Materializing param=encoder.layer.9.attention.self.value.weight]
Loading weights:  80%|███████▉  | 159/199 [00:00<00:00, 3454.95it/s, Materializing param=encoder.layer.9.attention.self.value.weight]
Loading weights:  80%|████████  | 160/199 [00:00<00:00, 3468.36it/s, Materializing param=encoder.layer.9.intermediate.dense.bias]    
Loading weights:  80%|████████  | 160/199 [00:00<00:00, 3463.75it/s, Materializing param=encoder.layer.9.intermediate.dense.bias]
Loading weights:  81%|████████  | 161/199 [00:00<00:00, 3477.17it/s, Materializing param=encoder.layer.9.intermediate.dense.weight]
Loading weights:  81%|████████  | 161/199 [00:00<00:00, 3472.55it/s, Materializing param=encoder.layer.9.intermediate.dense.weight]
Loading weights:  81%|████████▏ | 162/199 [00:00<00:00, 3486.00it/s, Materializing param=encoder.layer.9.output.LayerNorm.bias]    
Loading weights:  81%|████████▏ | 162/199 [00:00<00:00, 3481.45it/s, Materializing param=encoder.layer.9.output.LayerNorm.bias]
Loading weights:  82%|████████▏ | 163/199 [00:00<00:00, 3494.70it/s, Materializing param=encoder.layer.9.output.LayerNorm.weight]
Loading weights:  82%|████████▏ | 163/199 [00:00<00:00, 3490.19it/s, Materializing param=encoder.layer.9.output.LayerNorm.weight]
Loading weights:  82%|████████▏ | 164/199 [00:00<00:00, 3503.39it/s, Materializing param=encoder.layer.9.output.dense.bias]      
Loading weights:  82%|████████▏ | 164/199 [00:00<00:00, 3498.95it/s, Materializing param=encoder.layer.9.output.dense.bias]
Loading weights:  83%|████████▎ | 165/199 [00:00<00:00, 3511.62it/s, Materializing param=encoder.layer.9.output.dense.weight]
Loading weights:  83%|████████▎ | 165/199 [00:00<00:00, 3506.66it/s, Materializing param=encoder.layer.9.output.dense.weight]
Loading weights:  83%|████████▎ | 166/199 [00:00<00:00, 3518.92it/s, Materializing param=encoder.layer.10.attention.output.LayerNorm.bias]
Loading weights:  83%|████████▎ | 166/199 [00:00<00:00, 3513.79it/s, Materializing param=encoder.layer.10.attention.output.LayerNorm.bias]
Loading weights:  84%|████████▍ | 167/199 [00:00<00:00, 3525.55it/s, Materializing param=encoder.layer.10.attention.output.LayerNorm.weight]
Loading weights:  84%|████████▍ | 167/199 [00:00<00:00, 3520.41it/s, Materializing param=encoder.layer.10.attention.output.LayerNorm.weight]
Loading weights:  84%|████████▍ | 168/199 [00:00<00:00, 3532.72it/s, Materializing param=encoder.layer.10.attention.output.dense.bias]      
Loading weights:  84%|████████▍ | 168/199 [00:00<00:00, 3528.14it/s, Materializing param=encoder.layer.10.attention.output.dense.bias]
Loading weights:  85%|████████▍ | 169/199 [00:00<00:00, 3540.82it/s, Materializing param=encoder.layer.10.attention.output.dense.weight]
Loading weights:  85%|████████▍ | 169/199 [00:00<00:00, 3536.27it/s, Materializing param=encoder.layer.10.attention.output.dense.weight]
Loading weights:  85%|████████▌ | 170/199 [00:00<00:00, 3548.85it/s, Materializing param=encoder.layer.10.attention.self.key.bias]      
Loading weights:  85%|████████▌ | 170/199 [00:00<00:00, 3544.35it/s, Materializing param=encoder.layer.10.attention.self.key.bias]
Loading weights:  86%|████████▌ | 171/199 [00:00<00:00, 3556.86it/s, Materializing param=encoder.layer.10.attention.self.key.weight]
Loading weights:  86%|████████▌ | 171/199 [00:00<00:00, 3552.33it/s, Materializing param=encoder.layer.10.attention.self.key.weight]
Loading weights:  86%|████████▋ | 172/199 [00:00<00:00, 3564.93it/s, Materializing param=encoder.layer.10.attention.self.query.bias]
Loading weights:  86%|████████▋ | 172/199 [00:00<00:00, 3560.44it/s, Materializing param=encoder.layer.10.attention.self.query.bias]
Loading weights:  87%|████████▋ | 173/199 [00:00<00:00, 3572.94it/s, Materializing param=encoder.layer.10.attention.self.query.weight]
Loading weights:  87%|████████▋ | 173/199 [00:00<00:00, 3568.41it/s, Materializing param=encoder.layer.10.attention.self.query.weight]
Loading weights:  87%|████████▋ | 174/199 [00:00<00:00, 3580.81it/s, Materializing param=encoder.layer.10.attention.self.value.bias]  
Loading weights:  87%|████████▋ | 174/199 [00:00<00:00, 3576.39it/s, Materializing param=encoder.layer.10.attention.self.value.bias]
Loading weights:  88%|████████▊ | 175/199 [00:00<00:00, 3588.73it/s, Materializing param=encoder.layer.10.attention.self.value.weight]
Loading weights:  88%|████████▊ | 175/199 [00:00<00:00, 3584.23it/s, Materializing param=encoder.layer.10.attention.self.value.weight]
Loading weights:  88%|████████▊ | 176/199 [00:00<00:00, 3596.52it/s, Materializing param=encoder.layer.10.intermediate.dense.bias]    
Loading weights:  88%|████████▊ | 176/199 [00:00<00:00, 3592.06it/s, Materializing param=encoder.layer.10.intermediate.dense.bias]
Loading weights:  89%|████████▉ | 177/199 [00:00<00:00, 3603.91it/s, Materializing param=encoder.layer.10.intermediate.dense.weight]
Loading weights:  89%|████████▉ | 177/199 [00:00<00:00, 3599.00it/s, Materializing param=encoder.layer.10.intermediate.dense.weight]
Loading weights:  89%|████████▉ | 178/199 [00:00<00:00, 3610.53it/s, Materializing param=encoder.layer.10.output.LayerNorm.bias]    
Loading weights:  89%|████████▉ | 178/199 [00:00<00:00, 3605.60it/s, Materializing param=encoder.layer.10.output.LayerNorm.bias]
Loading weights:  90%|████████▉ | 179/199 [00:00<00:00, 3617.02it/s, Materializing param=encoder.layer.10.output.LayerNorm.weight]
Loading weights:  90%|████████▉ | 179/199 [00:00<00:00, 3612.04it/s, Materializing param=encoder.layer.10.output.LayerNorm.weight]
Loading weights:  90%|█████████ | 180/199 [00:00<00:00, 3623.29it/s, Materializing param=encoder.layer.10.output.dense.bias]      
Loading weights:  90%|█████████ | 180/199 [00:00<00:00, 3618.47it/s, Materializing param=encoder.layer.10.output.dense.bias]
Loading weights:  91%|█████████ | 181/199 [00:00<00:00, 3629.73it/s, Materializing param=encoder.layer.10.output.dense.weight]
Loading weights:  91%|█████████ | 181/199 [00:00<00:00, 3624.84it/s, Materializing param=encoder.layer.10.output.dense.weight]
Loading weights:  91%|█████████▏| 182/199 [00:00<00:00, 3632.97it/s, Materializing param=encoder.layer.11.attention.output.LayerNorm.bias]
Loading weights:  91%|█████████▏| 182/199 [00:00<00:00, 3627.53it/s, Materializing param=encoder.layer.11.attention.output.LayerNorm.bias]
Loading weights:  92%|█████████▏| 183/199 [00:00<00:00, 3637.82it/s, Materializing param=encoder.layer.11.attention.output.LayerNorm.weight]
Loading weights:  92%|█████████▏| 183/199 [00:00<00:00, 3632.65it/s, Materializing param=encoder.layer.11.attention.output.LayerNorm.weight]
Loading weights:  92%|█████████▏| 184/199 [00:00<00:00, 3643.36it/s, Materializing param=encoder.layer.11.attention.output.dense.bias]      
Loading weights:  92%|█████████▏| 184/199 [00:00<00:00, 3638.30it/s, Materializing param=encoder.layer.11.attention.output.dense.bias]
Loading weights:  93%|█████████▎| 185/199 [00:00<00:00, 3648.92it/s, Materializing param=encoder.layer.11.attention.output.dense.weight]
Loading weights:  93%|█████████▎| 185/199 [00:00<00:00, 3643.78it/s, Materializing param=encoder.layer.11.attention.output.dense.weight]
Loading weights:  93%|█████████▎| 186/199 [00:00<00:00, 3654.35it/s, Materializing param=encoder.layer.11.attention.self.key.bias]      
Loading weights:  93%|█████████▎| 186/199 [00:00<00:00, 3649.23it/s, Materializing param=encoder.layer.11.attention.self.key.bias]
Loading weights:  94%|█████████▍| 187/199 [00:00<00:00, 3659.54it/s, Materializing param=encoder.layer.11.attention.self.key.weight]
Loading weights:  94%|█████████▍| 187/199 [00:00<00:00, 3654.55it/s, Materializing param=encoder.layer.11.attention.self.key.weight]
Loading weights:  94%|█████████▍| 188/199 [00:00<00:00, 3664.97it/s, Materializing param=encoder.layer.11.attention.self.query.bias]
Loading weights:  94%|█████████▍| 188/199 [00:00<00:00, 3660.04it/s, Materializing param=encoder.layer.11.attention.self.query.bias]
Loading weights:  95%|█████████▍| 189/199 [00:00<00:00, 3670.53it/s, Materializing param=encoder.layer.11.attention.self.query.weight]
Loading weights:  95%|█████████▍| 189/199 [00:00<00:00, 3665.59it/s, Materializing param=encoder.layer.11.attention.self.query.weight]
Loading weights:  95%|█████████▌| 190/199 [00:00<00:00, 3676.02it/s, Materializing param=encoder.layer.11.attention.self.value.bias]  
Loading weights:  95%|█████████▌| 190/199 [00:00<00:00, 3671.06it/s, Materializing param=encoder.layer.11.attention.self.value.bias]
Loading weights:  96%|█████████▌| 191/199 [00:00<00:00, 3681.45it/s, Materializing param=encoder.layer.11.attention.self.value.weight]
Loading weights:  96%|█████████▌| 191/199 [00:00<00:00, 3676.50it/s, Materializing param=encoder.layer.11.attention.self.value.weight]
Loading weights:  96%|█████████▋| 192/199 [00:00<00:00, 3686.95it/s, Materializing param=encoder.layer.11.intermediate.dense.bias]    
Loading weights:  96%|█████████▋| 192/199 [00:00<00:00, 3682.07it/s, Materializing param=encoder.layer.11.intermediate.dense.bias]
Loading weights:  97%|█████████▋| 193/199 [00:00<00:00, 3678.68it/s, Materializing param=encoder.layer.11.intermediate.dense.weight]
Loading weights:  97%|█████████▋| 193/199 [00:00<00:00, 3671.12it/s, Materializing param=encoder.layer.11.intermediate.dense.weight]
Loading weights:  97%|█████████▋| 194/199 [00:00<00:00, 3680.18it/s, Materializing param=encoder.layer.11.output.LayerNorm.bias]    
Loading weights:  97%|█████████▋| 194/199 [00:00<00:00, 3675.08it/s, Materializing param=encoder.layer.11.output.LayerNorm.bias]
Loading weights:  98%|█████████▊| 195/199 [00:00<00:00, 3685.22it/s, Materializing param=encoder.layer.11.output.LayerNorm.weight]
Loading weights:  98%|█████████▊| 195/199 [00:00<00:00, 3680.29it/s, Materializing param=encoder.layer.11.output.LayerNorm.weight]
Loading weights:  98%|█████████▊| 196/199 [00:00<00:00, 3690.79it/s, Materializing param=encoder.layer.11.output.dense.bias]      
Loading weights:  98%|█████████▊| 196/199 [00:00<00:00, 3686.03it/s, Materializing param=encoder.layer.11.output.dense.bias]
Loading weights:  99%|█████████▉| 197/199 [00:00<00:00, 3696.68it/s, Materializing param=encoder.layer.11.output.dense.weight]
Loading weights:  99%|█████████▉| 197/199 [00:00<00:00, 3692.04it/s, Materializing param=encoder.layer.11.output.dense.weight]
Loading weights:  99%|█████████▉| 198/199 [00:00<00:00, 3702.74it/s, Materializing param=pooler.dense.bias]                   
Loading weights:  99%|█████████▉| 198/199 [00:00<00:00, 3698.29it/s, Materializing param=pooler.dense.bias]
Loading weights: 100%|██████████| 199/199 [00:00<00:00, 3709.35it/s, Materializing param=pooler.dense.weight]
Loading weights: 100%|██████████| 199/199 [00:00<00:00, 3704.87it/s, Materializing param=pooler.dense.weight]
Loading weights: 100%|██████████| 199/199 [00:00<00:00, 3695.83it/s, Materializing param=pooler.dense.weight]
[1mBertModel LOAD REPORT[0m from: bert-base-multilingual-cased
Key                                        | Status     |  | 
-------------------------------------------+------------+--+-
cls.predictions.transform.LayerNorm.bias   | UNEXPECTED |  | 
cls.seq_relationship.weight                | UNEXPECTED |  | 
cls.predictions.bias                       | UNEXPECTED |  | 
cls.predictions.transform.LayerNorm.weight | UNEXPECTED |  | 
cls.predictions.transform.dense.bias       | UNEXPECTED |  | 
cls.predictions.transform.dense.weight     | UNEXPECTED |  | 
cls.seq_relationship.bias                  | UNEXPECTED |  | 

[3mNotes:
- UNEXPECTED[3m	:can be ignored when loading from different task/architecture; not ok if you expect identical arch.[0m

=== base ===
  n                         = 50
  json_parse_rate           = 1.0
  grade_match_rate          = 1.0
  number_citation           = 1.0
  rouge_l                   = 0.6958
  rouge_l_max               = 0.7028
  bert_score_f1             = 0.8412
  distinct_1                = 0.1818
  distinct_2                = 0.3304
  elapsed_avg_sec           = 15.82

=== lora_v1 ===
  n                         = 50
  json_parse_rate           = 1.0
  grade_match_rate          = 1.0
  number_citation           = 1.0
  rouge_l                   = 0.739
  rouge_l_max               = 0.739
  bert_score_f1             = 0.8982
  distinct_1                = 0.1632
  distinct_2                = 0.3222
  elapsed_avg_sec           = 26.71

=== lora_v2_prejosa ===
  n                         = 50
  json_parse_rate           = 1.0
  grade_match_rate          = 1.0
  number_citation           = 1.0
  rouge_l                   = 0.8946
  rouge_l_max               = 0.8946
  bert_score_f1             = 0.956
  distinct_1                = 0.1317
  distinct_2                = 0.2602
  elapsed_avg_sec           = 23.7

=== lora_v2_corrected ===
  n                         = 50
  json_parse_rate           = 1.0
  grade_match_rate          = 1.0
  number_citation           = 1.0
  rouge_l                   = 0.8687
  rouge_l_max               = 0.8687
  bert_score_f1             = 0.9253
  distinct_1                = 0.1593
  distinct_2                = 0.3142
  elapsed_avg_sec           = 21.72

=== lora_v3 ===
  n                         = 50
  json_parse_rate           = 1.0
  grade_match_rate          = 1.0
  number_citation           = 1.0
  rouge_l                   = 1.0
  rouge_l_max               = 1.0
  bert_score_f1             = 1.0
  distinct_1                = 0.1183
  distinct_2                = 0.2296
  elapsed_avg_sec           = 23.98

리포트 저장: C:\Users\IPC\Desktop\git\VLM\vlm\bench\score_report.md

======================================================================
[1/4] v3 학습 산출물 검증
======================================================================
  train_loss:    0.14669045335930309
  train_runtime: 123293.9152s (34.25h)
  eval_loss:     0.07229270040988922
  [OK] eval < train — 과적합 없음
  v2-corrected eval_loss 대비 개선: -8.5%
  [OK] 어댑터: C:\Users\IPC\Desktop\git\VLM\vlm\train\output\qwen3vl-lora-v3\adapter_model.safetensors (1602 MB)

======================================================================
[2/4] v3 50건 추론
======================================================================
  종료. 코드=0, 경과=20.3분

======================================================================
[3/4] 5-way scorer (base / v1 / v2-prejosa / v2-corrected / v3)
======================================================================

======================================================================
[4/4] v2-corrected vs v3 종합 요약
======================================================================

  학습 메트릭:
    v2-corrected: train=0.166, eval=0.079
    v3:           train=0.14669045335930309, eval=0.07229270040988922

  벤치 점수: vlm/bench/score_report.md 참조
  운영 권장: 다양성/속도/환각/메트릭 종합 판단

======================================================================
[ALL DONE] 총 소요: 20.9분
리포트: C:\Users\IPC\Desktop\git\VLM\vlm\bench\score_report.md
======================================================================
